Style,Standard
Append Mode,1
Fill Mode,1
Capacity,100000
Count,201
Base Time Seconds,1615378481
Base Time Fractional,.592663320
Base Time,03/10/2021 12:14:41.592663320
Reading,Unit,Range Digits,Disp Digits,Math,Start Group,Limit1 High,Limit1 Low,Limit2 High,Limit2 Low,Terminal,Questionable,Origin,Value,Unit,Digits,Output,Sense,Source Limit,Overtemp,Relative Time
-1.023439111236e-09,Amp DC,.0000001,5.5,F,F,F,F,F,F,Front,F,Main,-9.9996891021729,Volt DC,10,T,2W,F,F,0.000000000
-9.472883588657e-10,Amp DC,.00000001,5.5,F,F,F,F,F,F,Front,F,Main,-9.8587608337402,Volt DC,10,T,2W,F,F,0.680555140
-1.059562881878e-09,Amp DC,.0000001,5.5,F,F,F,F,F,F,Front,F,Main,-9.7995815277100,Volt DC,10,T,2W,F,F,1.832125360
-1.031803975593e-09,Amp DC,.00000001,5.5,F,F,F,F,F,F,Front,F,Main,-9.6575517654419,Volt DC,10,T,2W,F,F,2.512692080
-1.02603492369e-09,Amp DC,.00000001,5.5,F,F,F,F,F,F,Front,F,Main,-9.5572538375854,Volt DC,10,T,2W,F,F,3.057550400
-7.154709047441e-10,Amp DC,.0000001,5.5,F,F,F,F,F,F,Front,F,Main,-9.4996852874756,Volt DC,10,T,2W,F,F,4.209104920
-1.010800332324e-09,Amp DC,.00000001,5.5,F,F,F,F,F,F,Front,F,Main,-9.3628339767456,Volt DC,10,T,2W,F,F,4.889676300
-1.0157792385e-09,Amp DC,.0000001,5.5,F,F,F,F,F,F,Front,F,Main,-9.2996025085449,Volt DC,10,T,2W,F,F,6.041289520
-9.619526286642e-10,Amp DC,.00000001,5.5,F,F,F,F,F,F,Front,F,Main,-9.1575126647949,Volt DC,10,T,2W,F,F,6.721855260
-5.430754179692e-10,Amp DC,.0000001,5.5,F,F,F,F,F,F,Front,F,Main,-9.1003341674805,Volt DC,10,T,2W,F,F,7.873452520
-2.80301137856e-09,Amp DC,.0000001,5.5,F,F,F,F,F,F,Front,F,Main,-8.9997253417969,Volt DC,10,T,2W,F,F,9.060709020
-7.984511940506e-10,Amp DC,.00000001,5.5,F,F,F,F,F,F,Front,F,Main,-8.8666839599609,Volt DC,10,T,2W,F,F,9.741259900
1.324780996015e-08,Amp DC,.0000001,5.5,F,F,F,F,F,F,Front,F,Main,-8.7993431091309,Volt DC,10,T,2W,F,F,10.892874120
-5.346772358195e-09,Amp DC,.00000001,5.5,F,F,F,F,F,F,Front,F,Main,-8.4017810821533,Volt DC,10,T,2W,F,F,11.573468380
-1.218697809335e-09,Amp DC,.0000001,5.5,F,F,F,F,F,F,Front,F,Main,-8.5999269485474,Volt DC,10,T,2W,F,F,12.725050500
-2.399832776945e-09,Amp DC,.0000001,5.5,F,F,F,F,F,F,Front,F,Main,-8.4999256134033,Volt DC,10,T,2W,F,F,13.912348720
-8.601234169348e-10,Amp DC,.00000001,5.5,F,F,F,F,F,F,Front,F,Main,-8.3577842712402,Volt DC,10,T,2W,F,F,14.592904000
-8.233944082114e-10,Amp DC,.0000001,5.5,F,F,F,F,F,F,Front,F,Main,-8.2996969223022,Volt DC,10,T,2W,F,F,15.744475900
-1.099479396416e-09,Amp DC,.0000001,5.5,F,F,F,F,F,F,Front,F,Main,-8.1998119354248,Volt DC,10,T,2W,F,F,16.931740340
-1.054397458233e-09,Amp DC,.00000001,5.5,F,F,F,F,F,F,Front,F,Main,-8.0490150451660,Volt DC,10,T,2W,F,F,17.612295720
5.114919598981e-11,Amp DC,.0000001,5.5,F,F,F,F,F,F,Front,F,Main,-7.9997329711914,Volt DC,10,T,2W,F,F,18.763926180
-6.188478063329e-10,Amp DC,.0000001,5.5,F,F,F,F,F,F,Front,F,Main,-7.8999185562134,Volt DC,10,T,2W,F,F,19.951222580
-7.4330991362e-10,Amp DC,.00000001,5.5,F,F,F,F,F,F,Front,F,Main,-7.7808256149292,Volt DC,10,T,2W,F,F,20.631750200
2.26258745073e-09,Amp DC,.0000001,5.5,F,F,F,F,F,F,Front,F,Main,-7.6996011734009,Volt DC,10,T,2W,F,F,21.783324960
-1.514187886187e-09,Amp DC,.00000001,5.5,F,F,F,F,F,F,Front,F,Main,-7.5785617828369,Volt DC,10,T,2W,F,F,22.463899660
-1.350728751071e-09,Amp DC,.0000001,5.5,F,F,F,F,F,F,Front,F,Main,-7.4997444152832,Volt DC,10,T,2W,F,F,23.615497400
4.812173992619e-10,Amp DC,.0000001,5.5,F,F,F,F,F,F,Front,F,Main,-7.3997087478638,Volt DC,10,T,2W,F,F,24.802789100
-9.4144925189e-10,Amp DC,.00000001,5.5,F,F,F,F,F,F,Front,F,Main,-7.2845335006714,Volt DC,10,T,2W,F,F,25.483338220
-1.233533941658e-09,Amp DC,.0000001,5.5,F,F,F,F,F,F,Front,F,Main,-7.1998600959778,Volt DC,10,T,2W,F,F,26.634954900
-2.572762891617e-09,Amp DC,.0000001,5.5,F,F,F,F,F,F,Front,F,Main,-7.1001710891724,Volt DC,10,T,2W,F,F,27.822264720
-4.149325050218e-10,Amp DC,.00000001,5.5,F,F,F,F,F,F,Front,F,Main,-6.9751448631287,Volt DC,10,T,2W,F,F,28.502816320
-9.444970361372e-10,Amp DC,.0000001,5.5,F,F,F,F,F,F,Front,F,Main,-6.8999395370483,Volt DC,10,T,2W,F,F,29.654402940
-8.658224692759e-10,Amp DC,.00000001,5.5,F,F,F,F,F,F,Front,F,Main,-6.7596020698547,Volt DC,10,T,2W,F,F,30.334959920
-8.723137212563e-10,Amp DC,.0000001,5.5,F,F,F,F,F,F,Front,F,Main,-6.6998634338379,Volt DC,10,T,2W,F,F,31.486560500
-8.571101606236e-10,Amp DC,.0000001,5.5,F,F,F,F,F,F,Front,F,Main,-6.5999774932861,Volt DC,10,T,2W,F,F,32.673850720
-9.179361160072e-10,Amp DC,.00000001,5.5,F,F,F,F,F,F,Front,F,Main,-6.4611454010010,Volt DC,10,T,2W,F,F,33.354411520
-1.029790475116e-09,Amp DC,.0000001,5.5,F,F,F,F,F,F,Front,F,Main,-6.3998951911926,Volt DC,10,T,2W,F,F,34.506045360
-5.879232101158e-10,Amp DC,.0000001,5.5,F,F,F,F,F,F,Front,F,Main,-6.2996850013733,Volt DC,10,T,2W,F,F,35.693369580
-9.655959365418e-10,Amp DC,.00000001,5.5,F,F,F,F,F,F,Front,F,Main,-6.1660060882568,Volt DC,10,T,2W,F,F,36.373925020
-8.63548565988e-10,Amp DC,.0000001,5.5,F,F,F,F,F,F,Front,F,Main,-6.0999693870544,Volt DC,10,T,2W,F,F,37.525515060
-9.778797771531e-10,Amp DC,.00000001,5.5,F,F,F,F,F,F,Front,F,Main,-5.9701733589172,Volt DC,10,T,2W,F,F,38.206057820
-9.153061086842e-10,Amp DC,.0000001,5.5,F,F,F,F,F,F,Front,F,Main,-5.8998956680298,Volt DC,10,T,2W,F,F,39.357659980
-9.456485594583e-10,Amp DC,.0000001,5.5,F,F,F,F,F,F,Front,F,Main,-5.7997050285339,Volt DC,10,T,2W,F,F,40.544903580
-1.360634382941e-09,Amp DC,.00000001,5.5,F,F,F,F,F,F,Front,F,Main,-5.6597595214844,Volt DC,10,T,2W,F,F,41.225454260
-2.981010993608e-10,Amp DC,.0000001,5.5,F,F,F,F,F,F,Front,F,Main,-5.5999450683594,Volt DC,10,T,2W,F,F,42.377068320
-6.419808018521e-10,Amp DC,.00000001,5.5,F,F,F,F,F,F,Front,F,Main,-5.4800734519958,Volt DC,10,T,2W,F,F,43.057641060
-6.539884189749e-10,Amp DC,.0000001,5.5,F,F,F,F,F,F,Front,F,Main,-5.3999142646790,Volt DC,10,T,2W,F,F,44.209207000
-9.302705827885e-10,Amp DC,.0000001,5.5,F,F,F,F,F,F,Front,F,Main,-5.2996907234192,Volt DC,10,T,2W,F,F,45.396488320
-8.117641558947e-10,Amp DC,.00000001,5.5,F,F,F,F,F,F,Front,F,Main,-5.1660981178284,Volt DC,10,T,2W,F,F,46.077023360
-9.341210027713e-10,Amp DC,.0000001,5.5,F,F,F,F,F,F,Front,F,Main,-5.0999579429626,Volt DC,10,T,2W,F,F,47.228631840
-7.524021961025e-10,Amp DC,.00000001,5.5,F,F,F,F,F,F,Front,F,Main,-4.9648523330688,Volt DC,10,T,2W,F,F,47.909189700
-9.069890394287e-10,Amp DC,.0000001,5.5,F,F,F,F,F,F,Front,F,Main,-4.8999385833740,Volt DC,10,T,2W,F,F,49.060804540
-7.552644065711e-10,Amp DC,.0000001,5.5,F,F,F,F,F,F,Front,F,Main,-4.7997379302979,Volt DC,10,T,2W,F,F,50.248124260
-7.564430193341e-10,Amp DC,.00000001,5.5,F,F,F,F,F,F,Front,F,Main,-4.6662044525146,Volt DC,10,T,2W,F,F,50.928660940
-8.092082559585e-10,Amp DC,.0000001,5.5,F,F,F,F,F,F,Front,F,Main,-4.5999817848206,Volt DC,10,T,2W,F,F,52.080260140
-8.110478955103e-10,Amp DC,.00000001,5.5,F,F,F,F,F,F,Front,F,Main,-4.4672555923462,Volt DC,10,T,2W,F,F,52.760804540
-8.296697773247e-10,Amp DC,.0000001,5.5,F,F,F,F,F,F,Front,F,Main,-4.3999552726746,Volt DC,10,T,2W,F,F,53.912391660
-7.868685147905e-10,Amp DC,.0000001,5.5,F,F,F,F,F,F,Front,F,Main,-4.2997393608093,Volt DC,10,T,2W,F,F,55.099666020
-9.005179935073e-10,Amp DC,.00000001,5.5,F,F,F,F,F,F,Front,F,Main,-4.1681733131409,Volt DC,10,T,2W,F,F,55.780214060
-7.989664485564e-10,Amp DC,.0000001,5.5,F,F,F,F,F,F,Front,F,Main,-4.0999722480774,Volt DC,10,T,2W,F,F,56.931842700
-8.650359317741e-10,Amp DC,.00000001,5.5,F,F,F,F,F,F,Front,F,Main,-3.9733393192291,Volt DC,10,T,2W,F,F,57.612423440
-8.056719180694e-10,Amp DC,.0000001,5.5,F,F,F,F,F,F,Front,F,Main,-3.8998205661774,Volt DC,10,T,2W,F,F,58.764046180
-8.231669790248e-10,Amp DC,.0000001,5.5,F,F,F,F,F,F,Front,F,Main,-3.7996993064880,Volt DC,10,T,2W,F,F,59.951325100
-8.951566710103e-10,Amp DC,.00000001,5.5,F,F,F,F,F,F,Front,F,Main,-3.6737663745880,Volt DC,10,T,2W,F,F,60.631884280
-8.517356819837e-10,Amp DC,.0000001,5.5,F,F,F,F,F,F,Front,F,Main,-3.5999224185944,Volt DC,10,T,2W,F,F,61.783467520
-8.530084416591e-10,Amp DC,.00000001,5.5,F,F,F,F,F,F,Front,F,Main,-3.4737968444824,Volt DC,10,T,2W,F,F,62.464054340
-8.903603410104e-10,Amp DC,.0000001,5.5,F,F,F,F,F,F,Front,F,Main,-3.3998756408691,Volt DC,10,T,2W,F,F,63.615652500
-8.667531692375e-10,Amp DC,.0000001,5.5,F,F,F,F,F,F,Front,F,Main,-3.2996454238892,Volt DC,10,T,2W,F,F,64.802943380
-7.69313612814e-10,Amp DC,.00000001,5.5,F,F,F,F,F,F,Front,F,Main,-3.1729586124420,Volt DC,10,T,2W,F,F,65.483514340
-8.461117362302e-10,Amp DC,.0000001,5.5,F,F,F,F,F,F,Front,F,Main,-3.1000018119812,Volt DC,10,T,2W,F,F,66.635084580
-8.067306267456e-10,Amp DC,.0000001,5.5,F,F,F,F,F,F,Front,F,Main,-2.9997556209564,Volt DC,10,T,2W,F,F,67.822367560
-6.993979284609e-10,Amp DC,.00000001,5.5,F,F,F,F,F,F,Front,F,Main,-2.8734459877014,Volt DC,10,T,2W,F,F,68.502934200
-7.575787219771e-10,Amp DC,.0000001,5.5,F,F,F,F,F,F,Front,F,Main,-2.7997031211853,Volt DC,10,T,2W,F,F,69.654506600
-6.771194160926e-10,Amp DC,.00000001,5.5,F,F,F,F,F,F,Front,F,Main,-2.6711761951447,Volt DC,10,T,2W,F,F,70.335062360
-6.966607846159e-10,Amp DC,.0000001,5.5,F,F,F,F,F,F,Front,F,Main,-2.5999684333801,Volt DC,10,T,2W,F,F,71.486649060
-7.109975386221e-10,Amp DC,.0000001,5.5,F,F,F,F,F,F,Front,F,Main,-2.4997334480286,Volt DC,10,T,2W,F,F,72.673929240
-7.82912901176e-10,Amp DC,.00000001,5.5,F,F,F,F,F,F,Front,F,Main,-2.3665668964386,Volt DC,10,T,2W,F,F,73.354478580
-2.757263306563e-10,Amp DC,.0000001,5.5,F,F,F,F,F,F,Front,F,Main,-2.2996439933777,Volt DC,10,T,2W,F,F,74.506072940
-7.877621888142e-10,Amp DC,.00000001,5.5,F,F,F,F,F,F,Front,F,Main,-2.1699316501617,Volt DC,10,T,2W,F,F,75.186643300
-7.236792276544e-10,Amp DC,.00000001,5.5,F,F,F,F,F,F,Front,F,Main,-2.0702557563782,Volt DC,10,T,2W,F,F,75.731533420
-6.445078915007e-10,Amp DC,.0000001,5.5,F,F,F,F,F,F,Front,F,Main,-1.9997407197952,Volt DC,10,T,2W,F,F,76.883096500
-7.705416305015e-10,Amp DC,.00000001,5.5,F,F,F,F,F,F,Front,F,Main,-1.8714084625244,Volt DC,10,T,2W,F,F,77.563625260
-6.189460055595e-10,Amp DC,.0000001,5.5,F,F,F,F,F,F,Front,F,Main,-1.7996319532394,Volt DC,10,T,2W,F,F,78.715235860
-7.397522039376e-10,Amp DC,.00000001,5.5,F,F,F,F,F,F,Front,F,Main,-1.6754899024963,Volt DC,10,T,2W,F,F,79.395791620
-7.245085087426e-10,Amp DC,.0000001,5.5,F,F,F,F,F,F,Front,F,Main,-1.5998562574387,Volt DC,10,T,2W,F,F,80.547394480
-6.726055268302e-10,Amp DC,.0000001,5.5,F,F,F,F,F,F,Front,F,Main,-1.4996670484543,Volt DC,10,T,2W,F,F,81.734661800
-7.403927471117e-10,Amp DC,.00000001,5.5,F,F,F,F,F,F,Front,F,Main,-1.3779386281967,Volt DC,10,T,2W,F,F,82.415210860
-7.192620943286e-10,Amp DC,.0000001,5.5,F,F,F,F,F,F,Front,F,Main,-1.2996100187302,Volt DC,10,T,2W,F,F,83.566826660
-6.994213541667e-10,Amp DC,.00000001,5.5,F,F,F,F,F,F,Front,F,Main,-1.1781383752823,Volt DC,10,T,2W,F,F,84.247403860
-6.696507237614e-10,Amp DC,.0000001,5.5,F,F,F,F,F,F,Front,F,Main,-1.0998582839966,Volt DC,10,T,2W,F,F,85.398979480
-7.56409601621e-10,Amp DC,.0000001,5.5,F,F,F,F,F,F,Front,F,Main,-0.9996314048767,Volt DC,10,T,2W,F,F,86.586232000
-5.972717875835e-10,Amp DC,.00000001,5.5,F,F,F,F,F,F,Front,F,Main,-0.8777801990509,Volt DC,10,T,2W,F,F,87.266756280
-6.911529126796e-10,Amp DC,.0000001,5.5,F,F,F,F,F,F,Front,F,Main,-0.7996150255203,Volt DC,10,T,2W,F,F,88.418324700
-7.164354109968e-10,Amp DC,.0000001,5.5,F,F,F,F,F,F,Front,F,Main,-0.6997541189194,Volt DC,10,T,2W,F,F,89.605587240
-4.947676712774e-10,Amp DC,.00000001,5.5,F,F,F,F,F,F,Front,F,Main,-0.5785522460938,Volt DC,10,T,2W,F,F,90.286133160
-5.762965660239e-10,Amp DC,.0000001,5.5,F,F,F,F,F,F,Front,F,Main,-0.4996362030506,Volt DC,10,T,2W,F,F,91.437747120
-5.517464818361e-10,Amp DC,.0000001,5.5,F,F,F,F,F,F,Front,F,Main,-0.3998016715050,Volt DC,10,T,2W,F,F,92.625005760
-4.860996050127e-10,Amp DC,.00000001,5.5,F,F,F,F,F,F,Front,F,Main,-0.2794926464558,Volt DC,10,T,2W,F,F,93.305573220
-4.422759936062e-10,Amp DC,.0000001,5.5,F,F,F,F,F,F,Front,F,Main,-0.1997139751911,Volt DC,10,T,2W,F,F,94.457145720
-2.438335089394e-10,Amp DC,.00000001,5.5,F,F,F,F,F,F,Front,F,Main,-0.0888806506991,Volt DC,10,T,2W,F,F,95.137698180
7.001012269914e-11,Amp DC,.0000001,5.5,F,F,F,F,F,F,Front,F,Main,0.0003795978846,Volt DC,10,T,2W,F,F,96.289286820
3.682679494688e-09,Amp DC,.0000001,5.5,F,F,F,F,F,F,Front,F,Main,0.0996984839439,Volt DC,10,T,2W,F,F,97.476840520
4.372360251637e-08,Amp DC,.0000001,5.5,F,F,F,F,F,F,Front,F,Main,0.1998297423124,Volt DC,10,T,2W,F,F,97.971705880
5.486552367984e-07,Amp DC,.000001,5.5,F,F,F,F,F,F,Front,F,Main,0.2996251285076,Volt DC,10,T,2W,F,F,98.972753340
8.556232387491e-06,Amp DC,.00001,5.5,F,F,F,F,F,F,Front,F,Main,0.3998110592365,Volt DC,10,T,2W,F,F,99.390922160
0.0001238522527274,Amp DC,.001,5.5,F,F,F,F,F,F,Front,F,Main,0.4997759461403,Volt DC,10,T,2W,F,F,99.785417460
0.001209181267768,Amp DC,.01,5.5,F,F,F,F,F,F,Front,F,Main,0.5996398925781,Volt DC,10,T,2W,F,F,100.103656220
0.009658323600888,Amp DC,.01,5.5,F,F,F,F,F,F,Front,F,Main,0.6996815800667,Volt DC,10,T,2W,F,F,100.187448180
0.0611816085875,Amp DC,.1,5.5,F,F,F,F,F,F,Front,F,Main,0.7996240854263,Volt DC,10,T,2W,F,F,100.505615820
0.2081510871649,Amp DC,1,5.5,F,F,F,F,F,F,Front,F,Main,0.8999411463737,Volt DC,10,T,2W,F,F,100.703574460
0.4345618784428,Amp DC,1,5.5,F,F,F,F,F,F,Front,F,Main,0.9998020529747,Volt DC,10,T,2W,F,F,100.787350360
0.4999541342258,Amp DC,1,5.5,F,F,F,F,F,F,Front,F,Main,1.0213323831558,Volt DC,10,T,2W,T,F,100.871115900
0.4999630153179,Amp DC,1,5.5,F,F,F,F,F,F,Front,F,Main,1.0192692279816,Volt DC,10,T,2W,T,F,100.954899020
0.49996098876,Amp DC,1,5.5,F,F,F,F,F,F,Front,F,Main,1.0177571773529,Volt DC,10,T,2W,T,F,101.038676180
0.4999544024467,Amp DC,1,5.5,F,F,F,F,F,F,Front,F,Main,1.0164519548416,Volt DC,10,T,2W,T,F,101.122459020
0.4999557435513,Amp DC,1,5.5,F,F,F,F,F,F,Front,F,Main,1.0152630805969,Volt DC,10,T,2W,T,F,101.206227340
0.499958306551,Amp DC,1,5.5,F,F,F,F,F,F,Front,F,Main,1.0141468048096,Volt DC,10,T,2W,T,F,101.289994180
0.4999540150166,Amp DC,1,5.5,F,F,F,F,F,F,Front,F,Main,1.0130679607391,Volt DC,10,T,2W,T,F,101.373765180
0.499958127737,Amp DC,1,5.5,F,F,F,F,F,F,Front,F,Main,1.0120403766632,Volt DC,10,T,2W,T,F,101.457543240
0.4999569654465,Amp DC,1,5.5,F,F,F,F,F,F,Front,F,Main,1.0110357999802,Volt DC,10,T,2W,T,F,101.541298800
0.4999496340752,Amp DC,1,5.5,F,F,F,F,F,F,Front,F,Main,1.0100581645966,Volt DC,10,T,2W,T,F,101.625075840
0.4999471306801,Amp DC,1,5.5,F,F,F,F,F,F,Front,F,Main,1.0091041326523,Volt DC,10,T,2W,T,F,101.708862660
0.4999492168427,Amp DC,1,5.5,F,F,F,F,F,F,Front,F,Main,1.0081717967987,Volt DC,10,T,2W,T,F,101.792633900
0.4999516606331,Amp DC,1,5.5,F,F,F,F,F,F,Front,F,Main,1.0072563886642,Volt DC,10,T,2W,T,F,101.876393000
0.4999499022961,Amp DC,1,5.5,F,F,F,F,F,F,Front,F,Main,1.0063579082489,Volt DC,10,T,2W,T,F,101.960156900
0.499950915575,Amp DC,1,5.5,F,F,F,F,F,F,Front,F,Main,1.0054857730865,Volt DC,10,T,2W,T,F,102.043913240
0.4999510645866,Amp DC,1,5.5,F,F,F,F,F,F,Front,F,Main,1.0046178102493,Volt DC,10,T,2W,T,F,102.127704480
0.4999492168427,Amp DC,1,5.5,F,F,F,F,F,F,Front,F,Main,1.0037618875504,Volt DC,10,T,2W,T,F,102.211481240
0.4999441206455,Amp DC,1,5.5,F,F,F,F,F,F,Front,F,Main,1.0029193162918,Volt DC,10,T,2W,T,F,102.295255800
0.4999444484711,Amp DC,1,5.5,F,F,F,F,F,F,Front,F,Main,1.0020920038223,Volt DC,10,T,2W,T,F,102.379018000
0.4999435842037,Amp DC,1,5.5,F,F,F,F,F,F,Front,F,Main,1.0012751817703,Volt DC,10,T,2W,T,F,102.462784620
0.4999414086342,Amp DC,1,5.5,F,F,F,F,F,F,Front,F,Main,1.0004647970200,Volt DC,10,T,2W,T,F,102.546549720
0.4999476671219,Amp DC,1,5.5,F,F,F,F,F,F,Front,F,Main,0.9996827840805,Volt DC,10,T,2W,T,F,102.630312080
0.4999448060989,Amp DC,1,5.5,F,F,F,F,F,F,Front,F,Main,0.9988965988159,Volt DC,10,T,2W,T,F,102.714080980
0.4999382793903,Amp DC,1,5.5,F,F,F,F,F,F,Front,F,Main,0.9981192350388,Volt DC,10,T,2W,T,F,102.797876540
0.4999416172504,Amp DC,1,5.5,F,F,F,F,F,F,Front,F,Main,0.9973568320274,Volt DC,10,T,2W,T,F,102.881655600
0.4999423623085,Amp DC,1,5.5,F,F,F,F,F,F,Front,F,Main,0.9966077208519,Volt DC,10,T,2W,T,F,102.965410440
0.4999348223209,Amp DC,1,5.5,F,F,F,F,F,F,Front,F,Main,0.9958584308624,Volt DC,10,T,2W,T,F,103.049180040
0.4999381899834,Amp DC,1,5.5,F,F,F,F,F,F,Front,F,Main,0.9951282739639,Volt DC,10,T,2W,T,F,103.132945760
0.4999435842037,Amp DC,1,5.5,F,F,F,F,F,F,Front,F,Main,0.9944081306458,Volt DC,10,T,2W,T,F,103.216721960
0.4999359846115,Amp DC,1,5.5,F,F,F,F,F,F,Front,F,Main,0.9936956167221,Volt DC,10,T,2W,T,F,103.300488560
0.4999417066574,Amp DC,1,5.5,F,F,F,F,F,F,Front,F,Main,0.9930014014244,Volt DC,10,T,2W,T,F,103.384255180
0.4999334812164,Amp DC,1,5.5,F,F,F,F,F,F,Front,F,Main,0.9923130869865,Volt DC,10,T,2W,T,F,103.468030660
0.4999336004257,Amp DC,1,5.5,F,F,F,F,F,F,Front,F,Main,0.9916412830353,Volt DC,10,T,2W,T,F,103.551806420
0.4999353587627,Amp DC,1,5.5,F,F,F,F,F,F,Front,F,Main,0.9909704327583,Volt DC,10,T,2W,T,F,103.635563940
0.4999276995659,Amp DC,1,5.5,F,F,F,F,F,F,Front,F,Main,0.9903178811073,Volt DC,10,T,2W,T,F,103.719339580
0.4999419748783,Amp DC,1,5.5,F,F,F,F,F,F,Front,F,Main,0.9896764755249,Volt DC,10,T,2W,T,F,103.803107100
0.4999319314957,Amp DC,1,5.5,F,F,F,F,F,F,Front,F,Main,0.9890319108963,Volt DC,10,T,2W,T,F,103.886884240
0.4999348223209,Amp DC,1,5.5,F,F,F,F,F,F,Front,F,Main,0.9883943796158,Volt DC,10,T,2W,T,F,103.970669260
0.4999291598797,Amp DC,1,5.5,F,F,F,F,F,F,Front,F,Main,0.9877572059631,Volt DC,10,T,2W,T,F,104.054432220
0.4999317526817,Amp DC,1,5.5,F,F,F,F,F,F,Front,F,Main,0.9871309399605,Volt DC,10,T,2W,T,F,104.138197980
0.4999305903912,Amp DC,1,5.5,F,F,F,F,F,F,Front,F,Main,0.9865106940269,Volt DC,10,T,2W,T,F,104.221956840
0.499928176403,Amp DC,1,5.5,F,F,F,F,F,F,Front,F,Main,0.9858964085579,Volt DC,10,T,2W,T,F,104.305729960
0.4999371170998,Amp DC,1,5.5,F,F,F,F,F,F,Front,F,Main,0.9852916002274,Volt DC,10,T,2W,T,F,104.389499660
0.4999266862869,Amp DC,1,5.5,F,F,F,F,F,F,Front,F,Main,0.9846901297569,Volt DC,10,T,2W,T,F,104.473261180
0.4999309778214,Amp DC,1,5.5,F,F,F,F,F,F,Front,F,Main,0.9840993285179,Volt DC,10,T,2W,T,F,104.557018800
0.4999285638332,Amp DC,1,5.5,F,F,F,F,F,F,Front,F,Main,0.9835126399994,Volt DC,10,T,2W,T,F,104.640799500
0.4999238550663,Amp DC,1,5.5,F,F,F,F,F,F,Front,F,Main,0.9829271435738,Volt DC,10,T,2W,T,F,104.724575160
0.4999273717403,Amp DC,1,5.5,F,F,F,F,F,F,Front,F,Main,0.9823531508446,Volt DC,10,T,2W,T,F,104.808334380
0.4999272823334,Amp DC,1,5.5,F,F,F,F,F,F,Front,F,Main,0.9817768931389,Volt DC,10,T,2W,T,F,104.892104820
0.4999268352985,Amp DC,1,5.5,F,F,F,F,F,F,Front,F,Main,0.9812135696411,Volt DC,10,T,2W,T,F,104.975882860
0.4999215602875,Amp DC,1,5.5,F,F,F,F,F,F,Front,F,Main,0.9806476831436,Volt DC,10,T,2W,T,F,105.059646760
0.4999202787876,Amp DC,1,5.5,F,F,F,F,F,F,Front,F,Main,0.9800886511803,Volt DC,10,T,2W,T,F,105.143421800
0.4999208450317,Amp DC,1,5.5,F,F,F,F,F,F,Front,F,Main,0.9795424938202,Volt DC,10,T,2W,T,F,105.227201500
0.4999239444733,Amp DC,1,5.5,F,F,F,F,F,F,Front,F,Main,0.9790000915527,Volt DC,10,T,2W,T,F,105.310972740
0.4999233186245,Amp DC,1,5.5,F,F,F,F,F,F,Front,F,Main,0.9784619212151,Volt DC,10,T,2W,T,F,105.394744700
0.4999249577522,Amp DC,1,5.5,F,F,F,F,F,F,Front,F,Main,0.9779270887375,Volt DC,10,T,2W,T,F,105.478508040
0.499925673008,Amp DC,1,5.5,F,F,F,F,F,F,Front,F,Main,0.9774053692818,Volt DC,10,T,2W,T,F,105.562294420
0.4999178051949,Amp DC,1,5.5,F,F,F,F,F,F,Front,F,Main,0.9768784046173,Volt DC,10,T,2W,T,F,105.646061400
0.4999193549156,Amp DC,1,5.5,F,F,F,F,F,F,Front,F,Main,0.9763629436493,Volt DC,10,T,2W,T,F,105.729837400
0.4999185502529,Amp DC,1,5.5,F,F,F,F,F,F,Front,F,Main,0.9758567810059,Volt DC,10,T,2W,T,F,105.813610260
0.499912828207,Amp DC,1,5.5,F,F,F,F,F,F,Front,F,Main,0.9753534197807,Volt DC,10,T,2W,T,F,105.897398040
0.4999182224274,Amp DC,1,5.5,F,F,F,F,F,F,Front,F,Main,0.9748514294624,Volt DC,10,T,2W,T,F,105.981160720
0.4999196827412,Amp DC,1,5.5,F,F,F,F,F,F,Front,F,Main,0.9743612408638,Volt DC,10,T,2W,T,F,106.064921680
0.4999179244041,Amp DC,1,5.5,F,F,F,F,F,F,Front,F,Main,0.9738727807999,Volt DC,10,T,2W,T,F,106.148715440
0.4999174177647,Amp DC,1,5.5,F,F,F,F,F,F,Front,F,Main,0.9733891487122,Volt DC,10,T,2W,T,F,106.232488840
0.4999132156372,Amp DC,1,5.5,F,F,F,F,F,F,Front,F,Main,0.9729085564613,Volt DC,10,T,2W,T,F,106.316253260
0.4999179542065,Amp DC,1,5.5,F,F,F,F,F,F,Front,F,Main,0.9724294543266,Volt DC,10,T,2W,T,F,106.400036500
0.4999121427536,Amp DC,1,5.5,F,F,F,F,F,F,Front,F,Main,0.9719653725624,Volt DC,10,T,2W,T,F,106.483819160
0.4999167919159,Amp DC,1,5.5,F,F,F,F,F,F,Front,F,Main,0.9714999794960,Volt DC,10,T,2W,T,F,106.567606260
0.499915599823,Amp DC,1,5.5,F,F,F,F,F,F,Front,F,Main,0.9710369706154,Volt DC,10,T,2W,T,F,106.651365980
0.4999190270901,Amp DC,1,5.5,F,F,F,F,F,F,Front,F,Main,0.9705806374550,Volt DC,10,T,2W,T,F,106.735126980
0.4999115467072,Amp DC,1,5.5,F,F,F,F,F,F,Front,F,Main,0.9701362252235,Volt DC,10,T,2W,T,F,106.818906960
0.4999143183231,Amp DC,1,5.5,F,F,F,F,F,F,Front,F,Main,0.9696845412254,Volt DC,10,T,2W,T,F,106.902676400
0.4999108612537,Amp DC,1,5.5,F,F,F,F,F,F,Front,F,Main,0.9692388176918,Volt DC,10,T,2W,T,F,106.986452660
0.4999067783356,Amp DC,1,5.5,F,F,F,F,F,F,Front,F,Main,0.9687989950180,Volt DC,10,T,2W,T,F,107.070218140
0.4999096691608,Amp DC,1,5.5,F,F,F,F,F,F,Front,F,Main,0.9683693051338,Volt DC,10,T,2W,T,F,107.153979020
0.4999126791954,Amp DC,1,5.5,F,F,F,F,F,F,Front,F,Main,0.9679433703423,Volt DC,10,T,2W,T,F,107.237766360
0.4999144375324,Amp DC,1,5.5,F,F,F,F,F,F,Front,F,Main,0.9675149917603,Volt DC,10,T,2W,T,F,107.321540180
0.4999091923237,Amp DC,1,5.5,F,F,F,F,F,F,Front,F,Main,0.9670982360840,Volt DC,10,T,2W,T,F,107.405319080
0.499909132719,Amp DC,1,5.5,F,F,F,F,F,F,Front,F,Main,0.9666836261749,Volt DC,10,T,2W,T,F,107.489081500
0.4999067783356,Amp DC,1,5.5,F,F,F,F,F,F,Front,F,Main,0.9662712216377,Volt DC,10,T,2W,T,F,107.572864400
0.4999032914639,Amp DC,1,5.5,F,F,F,F,F,F,Front,F,Main,0.9658603072166,Volt DC,10,T,2W,T,F,107.656639160
0.4999056458473,Amp DC,1,5.5,F,F,F,F,F,F,Front,F,Main,0.9654572606087,Volt DC,10,T,2W,T,F,107.740416320
0.499915599823,Amp DC,1,5.5,F,F,F,F,F,F,Front,F,Main,0.9650670886040,Volt DC,10,T,2W,T,F,107.824183960
0.4999070465565,Amp DC,1,5.5,F,F,F,F,F,F,Front,F,Main,0.9646702408791,Volt DC,10,T,2W,T,F,107.907953840
0.4999034106731,Amp DC,1,5.5,F,F,F,F,F,F,Front,F,Main,0.9642808437347,Volt DC,10,T,2W,T,F,107.991734320
0.499911904335,Amp DC,1,5.5,F,F,F,F,F,F,Front,F,Main,0.9639027118683,Volt DC,10,T,2W,T,F,108.075501720
0.4999019801617,Amp DC,1,5.5,F,F,F,F,F,F,Front,F,Main,0.9635193347931,Volt DC,10,T,2W,T,F,108.159276580
0.4999027848244,Amp DC,1,5.5,F,F,F,F,F,F,Front,F,Main,0.9631410241127,Volt DC,10,T,2W,T,F,108.243047940
0.4999096691608,Amp DC,1,5.5,F,F,F,F,F,F,Front,F,Main,0.9627724885941,Volt DC,10,T,2W,T,F,108.326830260
