Style,Standard
Append Mode,1
Fill Mode,1
Capacity,100000
Count,101
Base Time Seconds,1615378761
Base Time Fractional,.008524080
Base Time,03/10/2021 12:19:21.008524080
Reading,Unit,Range Digits,Disp Digits,Math,Start Group,Limit1 High,Limit1 Low,Limit2 High,Limit2 Low,Terminal,Questionable,Origin,Value,Unit,Digits,Output,Sense,Source Limit,Overtemp,Relative Time
-1.21598620062e-09,Amp DC,.0000001,5.5,F,F,F,F,F,F,Front,F,Main,-4.9997773170471,Volt DC,10,T,2W,F,F,0.000000000
-6.738413715901e-10,Amp DC,.00000001,5.5,F,F,F,F,F,F,Front,F,Main,-4.8506755828857,Volt DC,10,T,2W,F,F,0.680549300
-8.923378147507e-10,Amp DC,.0000001,5.5,F,F,F,F,F,F,Front,F,Main,-4.7998037338257,Volt DC,10,T,2W,F,F,1.832144540
-8.31856472594e-10,Amp DC,.0000001,5.5,F,F,F,F,F,F,Front,F,Main,-4.6998538970947,Volt DC,10,T,2W,F,F,3.019434940
-8.558130315528e-10,Amp DC,.0000001,5.5,F,F,F,F,F,F,Front,F,Main,-4.5999603271484,Volt DC,10,T,2W,F,F,4.206671720
-7.201923502009e-10,Amp DC,.00000001,5.5,F,F,F,F,F,F,Front,F,Main,-4.4319553375244,Volt DC,10,T,2W,F,F,4.887197560
-8.975669096856e-10,Amp DC,.0000001,5.5,F,F,F,F,F,F,Front,F,Main,-4.3999547958374,Volt DC,10,T,2W,F,F,6.038752960
-9.026847602733e-10,Amp DC,.0000001,5.5,F,F,F,F,F,F,Front,F,Main,-4.2997226715088,Volt DC,10,T,2W,F,F,7.226015840
-9.247332344309e-10,Amp DC,.0000001,5.5,F,F,F,F,F,F,Front,F,Main,-4.1998510360718,Volt DC,10,T,2W,F,F,8.413283900
-9.163232950193e-10,Amp DC,.0000001,5.5,F,F,F,F,F,F,Front,F,Main,-4.0999507904053,Volt DC,10,T,2W,F,F,9.600513220
-6.483524828127e-10,Amp DC,.0000001,5.5,F,F,F,F,F,F,Front,F,Main,-3.9997580051422,Volt DC,10,T,2W,F,F,10.787747000
-7.61638363489e-10,Amp DC,.0000001,5.5,F,F,F,F,F,F,Front,F,Main,-3.8998417854309,Volt DC,10,T,2W,F,F,11.974969160
-6.331373203494e-10,Amp DC,.0000001,5.5,F,F,F,F,F,F,Front,F,Main,-3.7996876239777,Volt DC,10,T,2W,F,F,13.162247520
-7.174850158442e-10,Amp DC,.00000001,5.5,F,F,F,F,F,F,Front,F,Main,-3.6554553508759,Volt DC,10,T,2W,F,F,13.842801700
-7.065539264772e-10,Amp DC,.0000001,5.5,F,F,F,F,F,F,Front,F,Main,-3.5999202728271,Volt DC,10,T,2W,F,F,14.994384880
-6.237327321301e-10,Amp DC,.0000001,5.5,F,F,F,F,F,F,Front,F,Main,-3.4997582435608,Volt DC,10,T,2W,F,F,16.181608800
-6.145547404302e-10,Amp DC,.0000001,5.5,F,F,F,F,F,F,Front,F,Main,-3.3998777866364,Volt DC,10,T,2W,F,F,17.368860200
-6.763450355329e-10,Amp DC,.00000001,5.5,F,F,F,F,F,F,Front,F,Main,-3.2559139728546,Volt DC,10,T,2W,F,F,18.049398340
-5.697418092865e-10,Amp DC,.0000001,5.5,F,F,F,F,F,F,Front,F,Main,-3.1998300552368,Volt DC,10,T,2W,F,F,19.200966800
-6.069764135752e-10,Amp DC,.0000001,5.5,F,F,F,F,F,F,Front,F,Main,-3.1000032424927,Volt DC,10,T,2W,F,F,20.388240440
-6.7870231657e-10,Amp DC,.00000001,5.5,F,F,F,F,F,F,Front,F,Main,-2.9582459926605,Volt DC,10,T,2W,F,F,21.068773640
-5.352635001898e-10,Amp DC,.0000001,5.5,F,F,F,F,F,F,Front,F,Main,-2.8998649120331,Volt DC,10,T,2W,F,F,22.220338540
-6.229298188387e-10,Amp DC,.0000001,5.5,F,F,F,F,F,F,Front,F,Main,-2.7997074127197,Volt DC,10,T,2W,F,F,23.407601500
-6.550091025126e-10,Amp DC,.00000001,5.5,F,F,F,F,F,F,Front,F,Main,-2.6632590293884,Volt DC,10,T,2W,F,F,24.088137040
-6.423266918354e-10,Amp DC,.0000001,5.5,F,F,F,F,F,F,Front,F,Main,-2.5999517440796,Volt DC,10,T,2W,F,F,25.239688480
-4.95411711654e-10,Amp DC,.0000001,5.5,F,F,F,F,F,F,Front,F,Main,-2.4997129440308,Volt DC,10,T,2W,F,F,26.426911320
-5.914357337211e-10,Amp DC,.0000001,5.5,F,F,F,F,F,F,Front,F,Main,-2.3998639583588,Volt DC,10,T,2W,F,F,27.614180120
-5.85256232366e-10,Amp DC,.00000001,5.5,F,F,F,F,F,F,Front,F,Main,-2.2678070068359,Volt DC,10,T,2W,F,F,28.294735300
-5.281974857496e-10,Amp DC,.0000001,5.5,F,F,F,F,F,F,Front,F,Main,-2.1997892856598,Volt DC,10,T,2W,F,F,29.446296300
-6.847550859668e-10,Amp DC,.0000001,5.5,F,F,F,F,F,F,Front,F,Main,-2.0999219417572,Volt DC,10,T,2W,F,F,30.633584840
-4.194902758492e-10,Amp DC,.00000001,5.5,F,F,F,F,F,F,Front,F,Main,-1.9632480144501,Volt DC,10,T,2W,F,F,31.314135260
-6.098609950378e-10,Amp DC,.0000001,5.5,F,F,F,F,F,F,Front,F,Main,-1.8998476266861,Volt DC,10,T,2W,F,F,32.465712520
-4.921953955517e-10,Amp DC,.0000001,5.5,F,F,F,F,F,F,Front,F,Main,-1.7996295690536,Volt DC,10,T,2W,F,F,33.652945380
-5.916859224797e-10,Amp DC,.0000001,5.5,F,F,F,F,F,F,Front,F,Main,-1.6997824907303,Volt DC,10,T,2W,F,F,34.840157800
-5.752782139545e-10,Amp DC,.00000001,5.5,F,F,F,F,F,F,Front,F,Main,-1.5635981559753,Volt DC,10,T,2W,F,F,35.520697400
-3.459555975027e-10,Amp DC,.0000001,5.5,F,F,F,F,F,F,Front,F,Main,-1.4996528625488,Volt DC,10,T,2W,F,F,36.672263560
-5.193798724434e-10,Amp DC,.0000001,5.5,F,F,F,F,F,F,Front,F,Main,-1.3999010324478,Volt DC,10,T,2W,F,F,37.859561920
-1.089668244525e-09,Amp DC,.00000001,5.5,F,F,F,F,F,F,Front,F,Main,-1.2960588932037,Volt DC,10,T,2W,F,F,38.540116640
-3.858188768469e-10,Amp DC,.0000001,5.5,F,F,F,F,F,F,Front,F,Main,-1.1997298002243,Volt DC,10,T,2W,F,F,39.691722680
-5.755460552592e-10,Amp DC,.0000001,5.5,F,F,F,F,F,F,Front,F,Main,-1.0998694896698,Volt DC,10,T,2W,F,F,40.878950120
-5.118592216746e-10,Amp DC,.00000001,5.5,F,F,F,F,F,F,Front,F,Main,-0.9691466689110,Volt DC,10,T,2W,F,F,41.559508960
-4.738512915381e-10,Amp DC,.0000001,5.5,F,F,F,F,F,F,Front,F,Main,-0.8997557163239,Volt DC,10,T,2W,F,F,42.711047960
-5.120109336509e-10,Amp DC,.0000001,5.5,F,F,F,F,F,F,Front,F,Main,-0.7995973825455,Volt DC,10,T,2W,F,F,43.898295060
-5.16762577174e-10,Amp DC,.0000001,5.5,F,F,F,F,F,F,Front,F,Main,-0.6997224688530,Volt DC,10,T,2W,F,F,45.085541900
-4.468739822627e-10,Amp DC,.00000001,5.5,F,F,F,F,F,F,Front,F,Main,-0.5719429850578,Volt DC,10,T,2W,F,F,45.766060100
-5.23439402933e-10,Amp DC,.0000001,5.5,F,F,F,F,F,F,Front,F,Main,-0.4996104240417,Volt DC,10,T,2W,F,F,46.917658700
-4.801153918876e-10,Amp DC,.0000001,5.5,F,F,F,F,F,F,Front,F,Main,-0.3997670114040,Volt DC,10,T,2W,F,F,48.104895340
-4.683322618604e-10,Amp DC,.00000001,5.5,F,F,F,F,F,F,Front,F,Main,-0.2732880115509,Volt DC,10,T,2W,F,F,48.785437220
-4.693498922848e-10,Amp DC,.0000001,5.5,F,F,F,F,F,F,Front,F,Main,-0.1996816098690,Volt DC,10,T,2W,F,F,49.937019940
-4.630099081915e-10,Amp DC,.0000001,5.5,F,F,F,F,F,F,Front,F,Main,-0.0998472124338,Volt DC,10,T,2W,F,F,51.124259020
-4.949010645738e-10,Amp DC,.00000001,5.5,F,F,F,F,F,F,Front,F,Main,0.0234033390880,Volt DC,10,T,2W,F,F,51.804759560
-4.434100309147e-10,Amp DC,.0000001,5.5,F,F,F,F,F,F,Front,F,Main,0.0997065380216,Volt DC,10,T,2W,F,F,52.956628860
-4.155508714909e-10,Amp DC,.0000001,5.5,F,F,F,F,F,F,Front,F,Main,0.1999156624079,Volt DC,10,T,2W,F,F,54.143889520
-4.852842572234e-10,Amp DC,.00000001,5.5,F,F,F,F,F,F,Front,F,Main,0.3204384744167,Volt DC,10,T,2W,F,F,54.824422840
-4.174236512e-10,Amp DC,.0000001,5.5,F,F,F,F,F,F,Front,F,Main,0.3999713361263,Volt DC,10,T,2W,F,F,55.975999340
-4.002079223575e-10,Amp DC,.0000001,5.5,F,F,F,F,F,F,Front,F,Main,0.4998062252998,Volt DC,10,T,2W,F,F,57.163258940
-4.030560052382e-10,Amp DC,.00000001,5.5,F,F,F,F,F,F,Front,F,Main,0.6255818605423,Volt DC,10,T,2W,F,F,57.843802760
-3.135307014013e-10,Amp DC,.0000001,5.5,F,F,F,F,F,F,Front,F,Main,0.6999221444130,Volt DC,10,T,2W,F,F,58.995397300
-3.981782126239e-10,Amp DC,.0000001,5.5,F,F,F,F,F,F,Front,F,Main,0.7997559309006,Volt DC,10,T,2W,F,F,60.182672940
-3.30007632332e-10,Amp DC,.0000001,5.5,F,F,F,F,F,F,Front,F,Main,0.8999174833298,Volt DC,10,T,2W,F,F,61.369888900
-8.648506910625e-11,Amp DC,.00000001,5.5,F,F,F,F,F,F,Front,F,Main,1.0053437948227,Volt DC,10,T,2W,F,F,62.050402520
-2.111091718104e-10,Amp DC,.0000001,5.5,F,F,F,F,F,F,Front,F,Main,1.1000043153763,Volt DC,10,T,2W,F,F,63.201985440
1.116642223131e-09,Amp DC,.00000001,5.5,F,F,F,F,F,F,Front,F,Main,1.1384605169296,Volt DC,10,T,2W,F,F,63.882533200
3.096484624265e-09,Amp DC,.00000001,5.5,F,F,F,F,F,F,Front,F,Main,1.1825906038284,Volt DC,10,T,2W,F,F,64.427424920
4.033956813032e-08,Amp DC,.0000001,5.5,F,F,F,F,F,F,Front,F,Main,1.3999004364014,Volt DC,10,T,2W,F,F,65.578969220
2.855410912161e-07,Amp DC,.000001,5.5,F,F,F,F,F,F,Front,F,Main,1.4997363090515,Volt DC,10,T,2W,F,F,66.580072720
2.091039732477e-06,Amp DC,.00001,5.5,F,F,F,F,F,F,Front,F,Main,1.5999807119370,Volt DC,10,T,2W,F,F,66.998269740
1.59355076903e-05,Amp DC,.0001,5.5,F,F,F,F,F,F,Front,F,Main,1.6998354196548,Volt DC,10,T,2W,F,F,67.395757520
0.0001162968837889,Amp DC,.001,5.5,F,F,F,F,F,F,Front,F,Main,1.7997112274170,Volt DC,10,T,2W,F,F,67.787211360
0.0009501464082859,Amp DC,.001,5.5,F,F,F,F,F,F,Front,F,Main,1.8997187614441,Volt DC,10,T,2W,F,F,67.871009580
0.006154609378427,Amp DC,.01,5.5,F,F,F,F,F,F,Front,F,Main,1.9996595382690,Volt DC,10,T,2W,F,F,68.262484360
0.02294431068003,Amp DC,.1,5.5,F,F,F,F,F,F,Front,F,Main,2.0999608039856,Volt DC,10,T,2W,F,F,68.499645100
0.04999912902713,Amp DC,.1,5.5,F,F,F,F,F,F,Front,F,Main,2.1677570343018,Volt DC,10,T,2W,T,F,68.583451720
0.0499991029501,Amp DC,.1,5.5,F,F,F,F,F,F,Front,F,Main,2.1644074916840,Volt DC,10,T,2W,T,F,68.667239460
0.04999909922481,Amp DC,.1,5.5,F,F,F,F,F,F,Front,F,Main,2.1621644496918,Volt DC,10,T,2W,T,F,68.751010080
0.04999912157655,Amp DC,.1,5.5,F,F,F,F,F,F,Front,F,Main,2.1602921485901,Volt DC,10,T,2W,T,F,68.834777280
0.04999909549952,Amp DC,.1,5.5,F,F,F,F,F,F,Front,F,Main,2.1586632728577,Volt DC,10,T,2W,T,F,68.918551120
0.04999904707074,Amp DC,.1,5.5,F,F,F,F,F,F,Front,F,Main,2.1571953296661,Volt DC,10,T,2W,T,F,69.002302020
0.0499989464879,Amp DC,.1,5.5,F,F,F,F,F,F,Front,F,Main,2.1558620929718,Volt DC,10,T,2W,T,F,69.086047500
0.04999906569719,Amp DC,.1,5.5,F,F,F,F,F,F,Front,F,Main,2.1546497344971,Volt DC,10,T,2W,T,F,69.169789900
0.04999897629023,Amp DC,.1,5.5,F,F,F,F,F,F,Front,F,Main,2.1535227298737,Volt DC,10,T,2W,T,F,69.253550360
0.04999895021319,Amp DC,.1,5.5,F,F,F,F,F,F,Front,F,Main,2.1524720191956,Volt DC,10,T,2W,T,F,69.337304500
0.04999904707074,Amp DC,.1,5.5,F,F,F,F,F,F,Front,F,Main,2.1514890193939,Volt DC,10,T,2W,T,F,69.421074360
0.04999896138906,Amp DC,.1,5.5,F,F,F,F,F,F,Front,F,Main,2.1505653858185,Volt DC,10,T,2W,T,F,69.504834120
0.04999895021319,Amp DC,.1,5.5,F,F,F,F,F,F,Front,F,Main,2.1496894359589,Volt DC,10,T,2W,T,F,69.588592180
0.04999891668558,Amp DC,.1,5.5,F,F,F,F,F,F,Front,F,Main,2.1488513946533,Volt DC,10,T,2W,T,F,69.672353500
0.04999895766377,Amp DC,.1,5.5,F,F,F,F,F,F,Front,F,Main,2.1480646133423,Volt DC,10,T,2W,T,F,69.756104720
0.04999886080623,Amp DC,.1,5.5,F,F,F,F,F,F,Front,F,Main,2.1473138332367,Volt DC,10,T,2W,T,F,69.839864040
0.04999892786145,Amp DC,.1,5.5,F,F,F,F,F,F,Front,F,Main,2.1465933322906,Volt DC,10,T,2W,T,F,69.923609560
0.04999891296029,Amp DC,.1,5.5,F,F,F,F,F,F,Front,F,Main,2.1459057331085,Volt DC,10,T,2W,T,F,70.007359960
0.0499988719821,Amp DC,.1,5.5,F,F,F,F,F,F,Front,F,Main,2.1452443599701,Volt DC,10,T,2W,T,F,70.091122180
0.04999895766377,Amp DC,.1,5.5,F,F,F,F,F,F,Front,F,Main,2.1446223258972,Volt DC,10,T,2W,T,F,70.174858380
0.04999882355332,Amp DC,.1,5.5,F,F,F,F,F,F,Front,F,Main,2.1440100669861,Volt DC,10,T,2W,T,F,70.258591520
0.04999884217978,Amp DC,.1,5.5,F,F,F,F,F,F,Front,F,Main,2.1434202194214,Volt DC,10,T,2W,T,F,70.342350640
0.04999889433384,Amp DC,.1,5.5,F,F,F,F,F,F,Front,F,Main,2.1428606510162,Volt DC,10,T,2W,T,F,70.426094800
0.04999876767397,Amp DC,.1,5.5,F,F,F,F,F,F,Front,F,Main,2.1423122882843,Volt DC,10,T,2W,T,F,70.509844940
0.04999891296029,Amp DC,.1,5.5,F,F,F,F,F,F,Front,F,Main,2.1417798995972,Volt DC,10,T,2W,T,F,70.593598220
0.04999884217978,Amp DC,.1,5.5,F,F,F,F,F,F,Front,F,Main,2.1412658691406,Volt DC,10,T,2W,T,F,70.677363720
0.04999877884984,Amp DC,.1,5.5,F,F,F,F,F,F,Front,F,Main,2.1407642364502,Volt DC,10,T,2W,T,F,70.761102060
0.04999877884984,Amp DC,.1,5.5,F,F,F,F,F,F,Front,F,Main,2.1402904987335,Volt DC,10,T,2W,T,F,70.844861720
0.04999876767397,Amp DC,.1,5.5,F,F,F,F,F,F,Front,F,Main,2.1398093700409,Volt DC,10,T,2W,T,F,70.928613080
