Style,Standard
Append Mode,1
Fill Mode,1
Capacity,100000
Count,401
Base Time Seconds,1615377292
Base Time Fractional,.613207040
Base Time,03/10/2021 11:54:52.613207040
Reading,Unit,Range Digits,Disp Digits,Math,Start Group,Limit1 High,Limit1 Low,Limit2 High,Limit2 Low,Terminal,Questionable,Origin,Value,Unit,Digits,Output,Sense,Source Limit,Overtemp,Relative Time
-0.3999772667885,Amp DC,1,5.5,F,F,F,F,F,F,Rear,F,Main,-6.0053181648254,Volt DC,10,T,2W,T,F,0.000000000
-0.3999639451504,Amp DC,1,5.5,F,F,F,F,F,F,Rear,F,Main,-5.9477100372314,Volt DC,10,T,2W,T,F,0.083810900
-0.3999610245228,Amp DC,1,5.5,F,F,F,F,F,F,Rear,F,Main,-5.9096932411194,Volt DC,10,T,2W,T,F,0.167591000
-0.3999591767788,Amp DC,1,5.5,F,F,F,F,F,F,Rear,F,Main,-5.9007863998413,Volt DC,10,T,2W,T,F,0.251364360
-0.3999596834183,Amp DC,1,5.5,F,F,F,F,F,F,Rear,F,Main,-5.8957757949829,Volt DC,10,T,2W,T,F,0.335138440
-0.3999550640583,Amp DC,1,5.5,F,F,F,F,F,F,Rear,F,Main,-5.9030084609985,Volt DC,10,T,2W,T,F,0.418891260
-0.3999615013599,Amp DC,1,5.5,F,F,F,F,F,F,Rear,F,Main,-5.8570961952209,Volt DC,10,T,2W,T,F,0.502665800
-0.399948656559,Amp DC,1,5.5,F,F,F,F,F,F,Rear,F,Main,-5.8753356933594,Volt DC,10,T,2W,T,F,0.586423640
-0.3999482393265,Amp DC,1,5.5,F,F,F,F,F,F,Rear,F,Main,-5.8861775398254,Volt DC,10,T,2W,T,F,0.670182880
-0.3999516963959,Amp DC,1,5.5,F,F,F,F,F,F,Rear,F,Main,-5.8754625320435,Volt DC,10,T,2W,T,F,0.753958320
-0.3999568223953,Amp DC,1,5.5,F,F,F,F,F,F,Rear,F,Main,-5.8740820884705,Volt DC,10,T,2W,T,F,0.837724140
-0.3999520540237,Amp DC,1,5.5,F,F,F,F,F,F,Rear,F,Main,-5.8896374702454,Volt DC,10,T,2W,T,F,0.921465500
-0.3999358415604,Amp DC,1,5.5,F,F,F,F,F,F,Rear,F,Main,-5.9406023025513,Volt DC,10,T,2W,T,F,1.005232600
-0.3999537527561,Amp DC,1,5.5,F,F,F,F,F,F,Rear,F,Main,-5.9299921989441,Volt DC,10,T,2W,T,F,1.089002300
-0.3999509215355,Amp DC,1,5.5,F,F,F,F,F,F,Rear,F,Main,-5.8964786529541,Volt DC,10,T,2W,T,F,1.172757920
-0.3999569118023,Amp DC,1,5.5,F,F,F,F,F,F,Rear,F,Main,-5.8870763778687,Volt DC,10,T,2W,T,F,1.256512820
-0.3999498784542,Amp DC,1,5.5,F,F,F,F,F,F,Rear,F,Main,-5.8890585899353,Volt DC,10,T,2W,T,F,1.340271520
-0.399956882,Amp DC,1,5.5,F,F,F,F,F,F,Rear,F,Main,-5.8881664276123,Volt DC,10,T,2W,T,F,1.424039160
-0.3999586701393,Amp DC,1,5.5,F,F,F,F,F,F,Rear,F,Main,-5.8408522605896,Volt DC,10,T,2W,T,F,1.507809860
-0.3999166190624,Amp DC,1,5.5,F,F,F,F,F,F,Rear,F,Main,-5.9021444320679,Volt DC,10,T,2W,T,F,1.591566920
-0.3999580740929,Amp DC,1,5.5,F,F,F,F,F,F,Rear,F,Main,-5.9048552513123,Volt DC,10,T,2W,T,F,1.675329240
-0.3999648988247,Amp DC,1,5.5,F,F,F,F,F,F,Rear,F,Main,-5.8952145576477,Volt DC,10,T,2W,T,F,1.759104660
-0.3999795615673,Amp DC,1,5.5,F,F,F,F,F,F,Rear,F,Main,-5.8562560081482,Volt DC,10,T,2W,T,F,1.842860820
-0.3999609053135,Amp DC,1,5.5,F,F,F,F,F,F,Rear,F,Main,-5.8630390167236,Volt DC,10,T,2W,T,F,1.926632520
-0.3999509811401,Amp DC,1,5.5,F,F,F,F,F,F,Rear,F,Main,-5.8530540466309,Volt DC,10,T,2W,T,F,2.010397520
-0.3999426960945,Amp DC,1,5.5,F,F,F,F,F,F,Rear,F,Main,-5.8665361404419,Volt DC,10,T,2W,T,F,2.094160920
-0.3999555408955,Amp DC,1,5.5,F,F,F,F,F,F,Rear,F,Main,-5.8537268638611,Volt DC,10,T,2W,T,F,2.177917960
-0.3999522328377,Amp DC,1,5.5,F,F,F,F,F,F,Rear,F,Main,-5.8540496826172,Volt DC,10,T,2W,T,F,2.261695100
-0.3999129831791,Amp DC,1,5.5,F,F,F,F,F,F,Rear,F,Main,-5.9031128883362,Volt DC,10,T,2W,T,F,2.345450080
-0.399956882,Amp DC,1,5.5,F,F,F,F,F,F,Rear,F,Main,-5.6711931228638,Volt DC,10,T,2W,T,F,2.429200400
-0.3999691903591,Amp DC,1,5.5,F,F,F,F,F,F,Rear,F,Main,-5.6366739273071,Volt DC,10,T,2W,T,F,2.512962920
-0.3999609351158,Amp DC,1,5.5,F,F,F,F,F,F,Rear,F,Main,-5.6318883895874,Volt DC,10,T,2W,T,F,2.596727740
-0.3999513089657,Amp DC,1,5.5,F,F,F,F,F,F,Rear,F,Main,-5.6304755210876,Volt DC,10,T,2W,T,F,2.680491060
-0.3999555706978,Amp DC,1,5.5,F,F,F,F,F,F,Rear,F,Main,-5.6274662017822,Volt DC,10,T,2W,T,F,2.764255540
-0.3999618589878,Amp DC,1,5.5,F,F,F,F,F,F,Rear,F,Main,-5.5778679847717,Volt DC,10,T,2W,T,F,2.848027320
-0.3999525606632,Amp DC,1,5.5,F,F,F,F,F,F,Rear,F,Main,-5.5303101539612,Volt DC,10,T,2W,T,F,2.931801840
-0.3999475538731,Amp DC,1,5.5,F,F,F,F,F,F,Rear,F,Main,-5.5124740600586,Volt DC,10,T,2W,T,F,3.015561700
-0.3999562859535,Amp DC,1,5.5,F,F,F,F,F,F,Rear,F,Main,-5.5020012855530,Volt DC,10,T,2W,T,F,3.099339660
-0.3999520540237,Amp DC,1,5.5,F,F,F,F,F,F,Rear,F,Main,-5.4972591400146,Volt DC,10,T,2W,T,F,3.183115340
-0.3999534249306,Amp DC,1,5.5,F,F,F,F,F,F,Rear,F,Main,-5.5011315345764,Volt DC,10,T,2W,T,F,3.266894740
-0.3999533057213,Amp DC,1,5.5,F,F,F,F,F,F,Rear,F,Main,-5.4951219558716,Volt DC,10,T,2W,T,F,3.350665100
-0.3999490439892,Amp DC,1,5.5,F,F,F,F,F,F,Rear,F,Main,-5.5040631294250,Volt DC,10,T,2W,T,F,3.434429280
-0.3999508023262,Amp DC,1,5.5,F,F,F,F,F,F,Rear,F,Main,-5.5088014602661,Volt DC,10,T,2W,T,F,3.518203860
-0.3999490439892,Amp DC,1,5.5,F,F,F,F,F,F,Rear,F,Main,-5.5017147064209,Volt DC,10,T,2W,T,F,3.601975380
-0.3999492824078,Amp DC,1,5.5,F,F,F,F,F,F,Rear,F,Main,-5.4989843368530,Volt DC,10,T,2W,T,F,3.685731900
-0.3999533951283,Amp DC,1,5.5,F,F,F,F,F,F,Rear,F,Main,-5.4946966171265,Volt DC,10,T,2W,T,F,3.769509500
-0.3999497592449,Amp DC,1,5.5,F,F,F,F,F,F,Rear,F,Main,-5.4915118217468,Volt DC,10,T,2W,T,F,3.853272920
-0.3999493122101,Amp DC,1,5.5,F,F,F,F,F,F,Rear,F,Main,-5.4882364273071,Volt DC,10,T,2W,T,F,3.937041800
-0.3999492526054,Amp DC,1,5.5,F,F,F,F,F,F,Rear,F,Main,-5.4771003723145,Volt DC,10,T,2W,T,F,4.020810540
-0.3999498784542,Amp DC,1,5.5,F,F,F,F,F,F,Rear,F,Main,-5.4677238464355,Volt DC,10,T,2W,T,F,4.104584440
-0.3999481797218,Amp DC,1,5.5,F,F,F,F,F,F,Rear,F,Main,-5.4629364013672,Volt DC,10,T,2W,T,F,4.188351620
-0.3999543786049,Amp DC,1,5.5,F,F,F,F,F,F,Rear,F,Main,-5.4497423171997,Volt DC,10,T,2W,T,F,4.272144900
-0.3999634981155,Amp DC,1,5.5,F,F,F,F,F,F,Rear,F,Main,-5.3957939147949,Volt DC,10,T,2W,T,F,4.355919840
-0.3999369740486,Amp DC,1,5.5,F,F,F,F,F,F,Rear,F,Main,-5.3757591247559,Volt DC,10,T,2W,T,F,4.439690580
-0.3999520838261,Amp DC,1,5.5,F,F,F,F,F,F,Rear,F,Main,-5.3790440559387,Volt DC,10,T,2W,T,F,4.523468300
-0.3999520540237,Amp DC,1,5.5,F,F,F,F,F,F,Rear,F,Main,-5.3771901130676,Volt DC,10,T,2W,T,F,4.607238380
-0.3999533355236,Amp DC,1,5.5,F,F,F,F,F,F,Rear,F,Main,-5.3599977493286,Volt DC,10,T,2W,T,F,4.691005920
-0.3999503850937,Amp DC,1,5.5,F,F,F,F,F,F,Rear,F,Main,-5.3670597076416,Volt DC,10,T,2W,T,F,4.774778900
-0.3999491631985,Amp DC,1,5.5,F,F,F,F,F,F,Rear,F,Main,-5.3587822914124,Volt DC,10,T,2W,T,F,4.858543540
-0.3999451696873,Amp DC,1,5.5,F,F,F,F,F,F,Rear,F,Main,-5.3788156509399,Volt DC,10,T,2W,T,F,4.942312260
-0.3999481201172,Amp DC,1,5.5,F,F,F,F,F,F,Rear,F,Main,-5.3658499717712,Volt DC,10,T,2W,T,F,5.026078800
-0.3999487161636,Amp DC,1,5.5,F,F,F,F,F,F,Rear,F,Main,-5.3576860427856,Volt DC,10,T,2W,T,F,5.109833340
-0.3999434709549,Amp DC,1,5.5,F,F,F,F,F,F,Rear,F,Main,-5.3506965637207,Volt DC,10,T,2W,T,F,5.193613200
-0.3999456465244,Amp DC,1,5.5,F,F,F,F,F,F,Rear,F,Main,-5.3458504676819,Volt DC,10,T,2W,T,F,5.277383320
-0.3999559879303,Amp DC,1,5.5,F,F,F,F,F,F,Rear,F,Main,-5.3411040306091,Volt DC,10,T,2W,T,F,5.361143700
-0.3999497592449,Amp DC,1,5.5,F,F,F,F,F,F,Rear,F,Main,-5.3347001075745,Volt DC,10,T,2W,T,F,5.444907620
-0.3999514579773,Amp DC,1,5.5,F,F,F,F,F,F,Rear,F,Main,-5.3312816619873,Volt DC,10,T,2W,T,F,5.528669500
-0.3999451994896,Amp DC,1,5.5,F,F,F,F,F,F,Rear,F,Main,-5.3284325599670,Volt DC,10,T,2W,T,F,5.612436860
-0.3999463617802,Amp DC,1,5.5,F,F,F,F,F,F,Rear,F,Main,-5.3192057609558,Volt DC,10,T,2W,T,F,5.696188520
-0.3999468386173,Amp DC,1,5.5,F,F,F,F,F,F,Rear,F,Main,-5.3170008659363,Volt DC,10,T,2W,T,F,5.779968180
-0.399946808815,Amp DC,1,5.5,F,F,F,F,F,F,Rear,F,Main,-5.3167467117310,Volt DC,10,T,2W,T,F,5.863751780
-0.3999445438385,Amp DC,1,5.5,F,F,F,F,F,F,Rear,F,Main,-5.3239116668701,Volt DC,10,T,2W,T,F,5.947499260
-0.399948567152,Amp DC,1,5.5,F,F,F,F,F,F,Rear,F,Main,-5.3410201072693,Volt DC,10,T,2W,T,F,6.031253200
-0.3999481201172,Amp DC,1,5.5,F,F,F,F,F,F,Rear,F,Main,-5.3387322425842,Volt DC,10,T,2W,T,F,6.115027900
-0.399946808815,Amp DC,1,5.5,F,F,F,F,F,F,Rear,F,Main,-5.3448548316956,Volt DC,10,T,2W,T,F,6.198791500
-0.3999463617802,Amp DC,1,5.5,F,F,F,F,F,F,Rear,F,Main,-5.3313145637512,Volt DC,10,T,2W,T,F,6.282562660
-0.3999451100826,Amp DC,1,5.5,F,F,F,F,F,F,Rear,F,Main,-5.3346261978149,Volt DC,10,T,2W,T,F,6.366328200
-0.3999429047108,Amp DC,1,5.5,F,F,F,F,F,F,Rear,F,Main,-5.3363952636719,Volt DC,10,T,2W,T,F,6.450103960
-0.3999469280243,Amp DC,1,5.5,F,F,F,F,F,F,Rear,F,Main,-5.3339462280273,Volt DC,10,T,2W,T,F,6.533862600
-0.3999485075474,Amp DC,1,5.5,F,F,F,F,F,F,Rear,F,Main,-5.3328423500061,Volt DC,10,T,2W,T,F,6.617620000
-0.3999392390251,Amp DC,1,5.5,F,F,F,F,F,F,Rear,F,Main,-5.3331074714661,Volt DC,10,T,2W,T,F,6.701386740
-0.3999404013157,Amp DC,1,5.5,F,F,F,F,F,F,Rear,F,Main,-5.3328766822815,Volt DC,10,T,2W,T,F,6.785161160
-0.3999433815479,Amp DC,1,5.5,F,F,F,F,F,F,Rear,F,Main,-5.3344817161560,Volt DC,10,T,2W,T,F,6.868941720
-0.3999445140362,Amp DC,1,5.5,F,F,F,F,F,F,Rear,F,Main,-5.3319435119629,Volt DC,10,T,2W,T,F,6.952706660
-0.3999445140362,Amp DC,1,5.5,F,F,F,F,F,F,Rear,F,Main,-5.3319158554077,Volt DC,10,T,2W,T,F,7.036480040
-0.3999411463737,Amp DC,1,5.5,F,F,F,F,F,F,Rear,F,Main,-5.3315391540527,Volt DC,10,T,2W,T,F,7.120235440
-0.3999468684196,Amp DC,1,5.5,F,F,F,F,F,F,Rear,F,Main,-5.3306841850281,Volt DC,10,T,2W,T,F,7.203971020
-0.3999422490597,Amp DC,1,5.5,F,F,F,F,F,F,Rear,F,Main,-5.3315429687500,Volt DC,10,T,2W,T,F,7.287732820
-0.3999422490597,Amp DC,1,5.5,F,F,F,F,F,F,Rear,F,Main,-5.3321323394775,Volt DC,10,T,2W,T,F,7.371489900
-0.3999415338039,Amp DC,1,5.5,F,F,F,F,F,F,Rear,F,Main,-5.3333210945129,Volt DC,10,T,2W,T,F,7.455235380
-0.3999409675598,Amp DC,1,5.5,F,F,F,F,F,F,Rear,F,Main,-5.3344788551331,Volt DC,10,T,2W,T,F,7.539005680
-0.3999388515949,Amp DC,1,5.5,F,F,F,F,F,F,Rear,F,Main,-5.3364062309265,Volt DC,10,T,2W,T,F,7.622775800
-0.3999397754669,Amp DC,1,5.5,F,F,F,F,F,F,Rear,F,Main,-5.3374333381653,Volt DC,10,T,2W,T,F,7.706552320
-0.3999451398849,Amp DC,1,5.5,F,F,F,F,F,F,Rear,F,Main,-5.3380484580994,Volt DC,10,T,2W,T,F,7.790313020
-0.3957175910473,Amp DC,1,5.5,F,F,F,F,F,F,Rear,F,Main,-5.2996945381165,Volt DC,10,T,2W,F,F,7.874070640
-0.3904384672642,Amp DC,1,5.5,F,F,F,F,F,F,Rear,F,Main,-5.2499356269836,Volt DC,10,T,2W,F,F,7.957823480
-0.3851373195648,Amp DC,1,5.5,F,F,F,F,F,F,Rear,F,Main,-5.1998143196106,Volt DC,10,T,2W,F,F,8.041588180
-0.379821062088,Amp DC,1,5.5,F,F,F,F,F,F,Rear,F,Main,-5.1497387886047,Volt DC,10,T,2W,F,F,8.125329080
-0.3744556009769,Amp DC,1,5.5,F,F,F,F,F,F,Rear,F,Main,-5.0999302864075,Volt DC,10,T,2W,F,F,8.209103000
-0.3690885305405,Amp DC,1,5.5,F,F,F,F,F,F,Rear,F,Main,-5.0498523712158,Volt DC,10,T,2W,F,F,8.292860460
-0.3636759519577,Amp DC,1,5.5,F,F,F,F,F,F,Rear,F,Main,-4.9997315406799,Volt DC,10,T,2W,F,F,8.376623440
-0.3583162128925,Amp DC,1,5.5,F,F,F,F,F,F,Rear,F,Main,-4.9499926567078,Volt DC,10,T,2W,F,F,8.460373600
-0.3529200553894,Amp DC,1,5.5,F,F,F,F,F,F,Rear,F,Main,-4.8999028205872,Volt DC,10,T,2W,F,F,8.544163580
-0.3475295305252,Amp DC,1,5.5,F,F,F,F,F,F,Rear,F,Main,-4.8497900962830,Volt DC,10,T,2W,F,F,8.627938360
-0.3421566486359,Amp DC,1,5.5,F,F,F,F,F,F,Rear,F,Main,-4.7997078895569,Volt DC,10,T,2W,F,F,8.711738900
-0.3368187844753,Amp DC,1,5.5,F,F,F,F,F,F,Rear,F,Main,-4.7498970031738,Volt DC,10,T,2W,F,F,8.795498480
-0.3314597308636,Amp DC,1,5.5,F,F,F,F,F,F,Rear,F,Main,-4.6998143196106,Volt DC,10,T,2W,F,F,8.879252520
-0.3260886967182,Amp DC,1,5.5,F,F,F,F,F,F,Rear,F,Main,-4.6497387886047,Volt DC,10,T,2W,F,F,8.963017320
-0.3207611441612,Amp DC,1,5.5,F,F,F,F,F,F,Rear,F,Main,-4.5999436378479,Volt DC,10,T,2W,F,F,9.046780280
-0.3154075443745,Amp DC,1,5.5,F,F,F,F,F,F,Rear,F,Main,-4.5498795509338,Volt DC,10,T,2W,F,F,9.130557180
-0.3101227283478,Amp DC,1,5.5,F,F,F,F,F,F,Rear,F,Main,-4.4997553825378,Volt DC,10,T,2W,F,F,9.214317400
-0.3049271702766,Amp DC,1,5.5,F,F,F,F,F,F,Rear,F,Main,-4.4500131607056,Volt DC,10,T,2W,F,F,9.298087620
-0.2996288239956,Amp DC,1,5.5,F,F,F,F,F,F,Rear,F,Main,-4.3999323844910,Volt DC,10,T,2W,F,F,9.381858260
-0.2943176329136,Amp DC,1,5.5,F,F,F,F,F,F,Rear,F,Main,-4.3497982025146,Volt DC,10,T,2W,F,F,9.465615240
-0.2890031933784,Amp DC,1,5.5,F,F,F,F,F,F,Rear,F,Main,-4.2997174263000,Volt DC,10,T,2W,F,F,9.549371360
-0.2837335169315,Amp DC,1,5.5,F,F,F,F,F,F,Rear,F,Main,-4.2499246597290,Volt DC,10,T,2W,F,F,9.633128940
-0.2784352004528,Amp DC,1,5.5,F,F,F,F,F,F,Rear,F,Main,-4.1998319625854,Volt DC,10,T,2W,F,F,9.716881480
-0.2731713354588,Amp DC,1,5.5,F,F,F,F,F,F,Rear,F,Main,-4.1497211456299,Volt DC,10,T,2W,F,F,9.800652380
-0.2679781019688,Amp DC,1,5.5,F,F,F,F,F,F,Rear,F,Main,-4.0999655723572,Volt DC,10,T,2W,F,F,9.884420400
-0.2627848684788,Amp DC,1,5.5,F,F,F,F,F,F,Rear,F,Main,-4.0498743057251,Volt DC,10,T,2W,F,F,9.968174980
-0.2576090991497,Amp DC,1,5.5,F,F,F,F,F,F,Rear,F,Main,-3.9997572898865,Volt DC,10,T,2W,F,F,10.051948820
-0.2524947226048,Amp DC,1,5.5,F,F,F,F,F,F,Rear,F,Main,-3.9499917030334,Volt DC,10,T,2W,F,F,10.135710640
-0.2473586499691,Amp DC,1,5.5,F,F,F,F,F,F,Rear,F,Main,-3.8998384475708,Volt DC,10,T,2W,F,F,10.219476120
-0.2422593832016,Amp DC,1,5.5,F,F,F,F,F,F,Rear,F,Main,-3.8497591018677,Volt DC,10,T,2W,F,F,10.303224680
-0.2371786236763,Amp DC,1,5.5,F,F,F,F,F,F,Rear,F,Main,-3.7997057437897,Volt DC,10,T,2W,F,F,10.386975440
-0.2321523576975,Amp DC,1,5.5,F,F,F,F,F,F,Rear,F,Main,-3.7498919963837,Volt DC,10,T,2W,F,F,10.470736680
-0.2271201759577,Amp DC,1,5.5,F,F,F,F,F,F,Rear,F,Main,-3.6998190879822,Volt DC,10,T,2W,F,F,10.554495840
-0.2221042960882,Amp DC,1,5.5,F,F,F,F,F,F,Rear,F,Main,-3.6496953964233,Volt DC,10,T,2W,F,F,10.638245540
-0.21715028584,Amp DC,1,5.5,F,F,F,F,F,F,Rear,F,Main,-3.5999317169189,Volt DC,10,T,2W,F,F,10.722007340
-0.2121874988079,Amp DC,1,5.5,F,F,F,F,F,F,Rear,F,Main,-3.5498218536377,Volt DC,10,T,2W,F,F,10.805775760
-0.2072573453188,Amp DC,1,5.5,F,F,F,F,F,F,Rear,F,Main,-3.4997565746307,Volt DC,10,T,2W,F,F,10.889540220
-0.2023866474628,Amp DC,1,5.5,F,F,F,F,F,F,Rear,F,Main,-3.4499995708466,Volt DC,10,T,2W,F,F,10.973292060
-0.1975148916245,Amp DC,1,5.5,F,F,F,F,F,F,Rear,F,Main,-3.3998589515686,Volt DC,10,T,2W,F,F,11.057051740
-0.1926875859499,Amp DC,1,5.5,F,F,F,F,F,F,Rear,F,Main,-3.3497731685638,Volt DC,10,T,2W,F,F,11.140802540
-0.1878823488951,Amp DC,1,5.5,F,F,F,F,F,F,Rear,F,Main,-3.2996399402618,Volt DC,10,T,2W,F,F,11.224573820
-0.1831395477057,Amp DC,1,5.5,F,F,F,F,F,F,Rear,F,Main,-3.2498919963837,Volt DC,10,T,2W,F,F,11.308318940
-0.1784422695637,Amp DC,1,5.5,F,F,F,F,F,F,Rear,F,Main,-3.1998236179352,Volt DC,10,T,2W,F,F,11.392083260
-0.1737734675407,Amp DC,1,5.5,F,F,F,F,F,F,Rear,F,Main,-3.1497080326080,Volt DC,10,T,2W,F,F,11.475847700
-0.1691619157791,Amp DC,1,5.5,F,F,F,F,F,F,Rear,F,Main,-3.0999701023102,Volt DC,10,T,2W,F,F,11.559612400
-0.1645247638226,Amp DC,1,5.5,F,F,F,F,F,F,Rear,F,Main,-3.0498235225677,Volt DC,10,T,2W,F,F,11.643372600
-0.1599277853966,Amp DC,1,5.5,F,F,F,F,F,F,Rear,F,Main,-2.9997506141663,Volt DC,10,T,2W,F,F,11.727133560
-0.1553896963596,Amp DC,1,5.5,F,F,F,F,F,F,Rear,F,Main,-2.9499597549438,Volt DC,10,T,2W,F,F,11.810898300
-0.150851726532,Amp DC,1,5.5,F,F,F,F,F,F,Rear,F,Main,-2.8998663425446,Volt DC,10,T,2W,F,F,11.894653820
-0.146344050765,Amp DC,1,5.5,F,F,F,F,F,F,Rear,F,Main,-2.8497965335846,Volt DC,10,T,2W,F,F,11.978425580
-0.1418596804142,Amp DC,1,5.5,F,F,F,F,F,F,Rear,F,Main,-2.7996783256531,Volt DC,10,T,2W,F,F,12.062182840
-0.1374535411596,Amp DC,1,5.5,F,F,F,F,F,F,Rear,F,Main,-2.7499215602875,Volt DC,10,T,2W,F,F,12.145939420
-0.1330485641956,Amp DC,1,5.5,F,F,F,F,F,F,Rear,F,Main,-2.6997816562653,Volt DC,10,T,2W,F,F,12.229712760
-0.1286814659834,Amp DC,1,5.5,F,F,F,F,F,F,Rear,F,Main,-2.6496822834015,Volt DC,10,T,2W,F,F,12.313488140
-0.1243848577142,Amp DC,1,5.5,F,F,F,F,F,F,Rear,F,Main,-2.5999405384064,Volt DC,10,T,2W,F,F,12.397250060
-0.1200966462493,Amp DC,1,5.5,F,F,F,F,F,F,Rear,F,Main,-2.5497846603394,Volt DC,10,T,2W,F,F,12.480987940
-0.1158468276262,Amp DC,1,5.5,F,F,F,F,F,F,Rear,F,Main,-2.4997072219849,Volt DC,10,T,2W,F,F,12.564741880
-0.1116653010249,Amp DC,1,5.5,F,F,F,F,F,F,Rear,F,Main,-2.4499285221100,Volt DC,10,T,2W,F,F,12.648500500
-0.1074965745211,Amp DC,1,5.5,F,F,F,F,F,F,Rear,F,Main,-2.3998520374298,Volt DC,10,T,2W,F,F,12.732276580
-0.1033686846495,Amp DC,1,5.5,F,F,F,F,F,F,Rear,F,Main,-2.3497073650360,Volt DC,10,T,2W,F,F,12.816016060
-0.09922858327627,Amp DC,.1,5.5,F,F,F,F,F,F,Rear,F,Main,-2.2995526790619,Volt DC,10,T,2W,F,F,13.020059580
-0.09523139148951,Amp DC,.1,5.5,F,F,F,F,F,F,Rear,F,Main,-2.2498047351837,Volt DC,10,T,2W,F,F,13.103857120
-0.09124455600977,Amp DC,.1,5.5,F,F,F,F,F,F,Rear,F,Main,-2.1996731758118,Volt DC,10,T,2W,F,F,13.187638860
-0.08730528503656,Amp DC,.1,5.5,F,F,F,F,F,F,Rear,F,Main,-2.1496040821075,Volt DC,10,T,2W,F,F,13.271410600
-0.08343563973904,Amp DC,.1,5.5,F,F,F,F,F,F,Rear,F,Main,-2.0998361110687,Volt DC,10,T,2W,F,F,13.355192640
-0.07958687096834,Amp DC,.1,5.5,F,F,F,F,F,F,Rear,F,Main,-2.0497272014618,Volt DC,10,T,2W,F,F,13.438971820
-0.07578635960817,Amp DC,.1,5.5,F,F,F,F,F,F,Rear,F,Main,-1.9996560811996,Volt DC,10,T,2W,F,F,13.522731640
-0.07205748558044,Amp DC,.1,5.5,F,F,F,F,F,F,Rear,F,Main,-1.9498646259308,Volt DC,10,T,2W,F,F,13.606500700
-0.06835816055536,Amp DC,.1,5.5,F,F,F,F,F,F,Rear,F,Main,-1.8997671604156,Volt DC,10,T,2W,F,F,13.690269300
-0.06470781564713,Amp DC,.1,5.5,F,F,F,F,F,F,Rear,F,Main,-1.8496528863907,Volt DC,10,T,2W,F,F,13.774048160
-0.06111264228821,Amp DC,.1,5.5,F,F,F,F,F,F,Rear,F,Main,-1.7995851039886,Volt DC,10,T,2W,F,F,13.857813420
-0.0575910396874,Amp DC,.1,5.5,F,F,F,F,F,F,Rear,F,Main,-1.7498019933701,Volt DC,10,T,2W,F,F,13.941572560
-0.05410305783153,Amp DC,.1,5.5,F,F,F,F,F,F,Rear,F,Main,-1.6997199058533,Volt DC,10,T,2W,F,F,14.025344800
-0.0506725050509,Amp DC,.1,5.5,F,F,F,F,F,F,Rear,F,Main,-1.6496523618698,Volt DC,10,T,2W,F,F,14.109103400
-0.04731659963727,Amp DC,.1,5.5,F,F,F,F,F,F,Rear,F,Main,-1.5998457670212,Volt DC,10,T,2W,F,F,14.192874060
-0.0440009534359,Amp DC,.1,5.5,F,F,F,F,F,F,Rear,F,Main,-1.5497647523880,Volt DC,10,T,2W,F,F,14.276641740
-0.04074174910784,Amp DC,.1,5.5,F,F,F,F,F,F,Rear,F,Main,-1.4996470212936,Volt DC,10,T,2W,F,F,14.360401980
-0.0375695489347,Amp DC,.1,5.5,F,F,F,F,F,F,Rear,F,Main,-1.4499185085297,Volt DC,10,T,2W,F,F,14.444165300
-0.03443974629045,Amp DC,.1,5.5,F,F,F,F,F,F,Rear,F,Main,-1.3998420238495,Volt DC,10,T,2W,F,F,14.527923420
-0.03136948496103,Amp DC,.1,5.5,F,F,F,F,F,F,Rear,F,Main,-1.3496983051300,Volt DC,10,T,2W,F,F,14.611690420
-0.02837696298957,Amp DC,.1,5.5,F,F,F,F,F,F,Rear,F,Main,-1.2996089458466,Volt DC,10,T,2W,F,F,14.695419740
-0.0254771001637,Amp DC,.1,5.5,F,F,F,F,F,F,Rear,F,Main,-1.2498066425323,Volt DC,10,T,2W,F,F,14.779185040
-0.02264247089624,Amp DC,.1,5.5,F,F,F,F,F,F,Rear,F,Main,-1.1997128725052,Volt DC,10,T,2W,F,F,14.862939020
-0.01989832706749,Amp DC,.1,5.5,F,F,F,F,F,F,Rear,F,Main,-1.1496204137802,Volt DC,10,T,2W,F,F,14.946695140
-0.01727207563818,Amp DC,.1,5.5,F,F,F,F,F,F,Rear,F,Main,-1.0998513698578,Volt DC,10,T,2W,F,F,15.030448400
-0.01474421191961,Amp DC,.1,5.5,F,F,F,F,F,F,Rear,F,Main,-1.0497806072235,Volt DC,10,T,2W,F,F,15.114200160
-0.01234691683203,Amp DC,.1,5.5,F,F,F,F,F,F,Rear,F,Main,-0.9996455907822,Volt DC,10,T,2W,F,F,15.197972940
-0.01012225821614,Amp DC,.1,5.5,F,F,F,F,F,F,Rear,F,Main,-0.9498894214630,Volt DC,10,T,2W,F,F,15.281715920
-0.008023002184927,Amp DC,.01,5.5,F,F,F,F,F,F,Rear,F,Main,-0.8996721506119,Volt DC,10,T,2W,F,F,15.519754820
-0.006195148918778,Amp DC,.01,5.5,F,F,F,F,F,F,Rear,F,Main,-0.8496177792549,Volt DC,10,T,2W,F,F,15.603559240
-0.004605878610164,Amp DC,.01,5.5,F,F,F,F,F,F,Rear,F,Main,-0.7995611429214,Volt DC,10,T,2W,F,F,15.687315420
-0.003289388027042,Amp DC,.01,5.5,F,F,F,F,F,F,Rear,F,Main,-0.7498167157173,Volt DC,10,T,2W,F,F,15.771083220
-0.002239130204543,Amp DC,.01,5.5,F,F,F,F,F,F,Rear,F,Main,-0.6997337341309,Volt DC,10,T,2W,F,F,15.854850440
-0.001449569244869,Amp DC,.01,5.5,F,F,F,F,F,F,Rear,F,Main,-0.6495903730392,Volt DC,10,T,2W,F,F,15.938601200
-0.0008802292868495,Amp DC,.001,5.5,F,F,F,F,F,F,Rear,F,Main,-0.5997403264046,Volt DC,10,T,2W,F,F,16.176643380
-0.0005112770595588,Amp DC,.001,5.5,F,F,F,F,F,F,Rear,F,Main,-0.5496938228607,Volt DC,10,T,2W,F,F,16.260415560
-0.0002714381262194,Amp DC,.001,5.5,F,F,F,F,F,F,Rear,F,Main,-0.4995891451836,Volt DC,10,T,2W,F,F,16.344204800
-0.0001293644454563,Amp DC,.001,5.5,F,F,F,F,F,F,Rear,F,Main,-0.4498957991600,Volt DC,10,T,2W,F,F,16.427979780
-5.388272984419e-05,Amp DC,.0001,5.5,F,F,F,F,F,F,Rear,F,Main,-0.3997274935246,Volt DC,10,T,2W,F,F,16.670000920
-1.939428329933e-05,Amp DC,.0001,5.5,F,F,F,F,F,F,Rear,F,Main,-0.3496629595757,Volt DC,10,T,2W,F,F,16.753798920
-5.629637144011e-06,Amp DC,.00001,5.5,F,F,F,F,F,F,Rear,F,Main,-0.2995137274265,Volt DC,10,T,2W,F,F,16.999805300
-3.797096326252e-07,Amp DC,.000001,5.5,F,F,F,F,F,F,Rear,F,Main,-0.2497814744711,Volt DC,10,T,2W,F,F,17.250857740
1.775132091097e-06,Amp DC,.00001,5.5,F,F,F,F,F,F,Rear,F,Main,-0.1997358500957,Volt DC,10,T,2W,F,F,17.668997160
2.828569677149e-06,Amp DC,.00001,5.5,F,F,F,F,F,F,Rear,F,Main,-0.1496447920799,Volt DC,10,T,2W,F,F,17.753787560
3.442850811552e-06,Amp DC,.00001,5.5,F,F,F,F,F,F,Rear,F,Main,-0.0999071821570,Volt DC,10,T,2W,F,F,17.838548580
3.86972033084e-06,Amp DC,.00001,5.5,F,F,F,F,F,F,Rear,F,Main,-0.0498024523258,Volt DC,10,T,2W,F,F,17.923297320
4.195213023195e-06,Amp DC,.00001,5.5,F,F,F,F,F,F,Rear,F,Main,0.0003068495425,Volt DC,10,T,2W,F,F,18.008056740
4.457901923161e-06,Amp DC,.00001,5.5,F,F,F,F,F,F,Rear,F,Main,0.0498414784670,Volt DC,10,T,2W,F,F,18.093126000
4.678622190113e-06,Amp DC,.00001,5.5,F,F,F,F,F,F,Rear,F,Main,0.0996254459023,Volt DC,10,T,2W,F,F,18.177881880
4.860984518018e-06,Amp DC,.00001,5.5,F,F,F,F,F,F,Rear,F,Main,0.1497074067593,Volt DC,10,T,2W,F,F,18.262621000
5.024125130149e-06,Amp DC,.00001,5.5,F,F,F,F,F,F,Rear,F,Main,0.1998216807842,Volt DC,10,T,2W,F,F,18.347361960
5.167331892153e-06,Amp DC,.00001,5.5,F,F,F,F,F,F,Rear,F,Main,0.2499116808176,Volt DC,10,T,2W,F,F,18.432125120
5.293709364196e-06,Amp DC,.00001,5.5,F,F,F,F,F,F,Rear,F,Main,0.2996412217617,Volt DC,10,T,2W,F,F,18.516873940
5.408879587776e-06,Amp DC,.00001,5.5,F,F,F,F,F,F,Rear,F,Main,0.3497739434242,Volt DC,10,T,2W,F,F,18.601613860
5.513275937119e-06,Amp DC,.00001,5.5,F,F,F,F,F,F,Rear,F,Main,0.3998652696609,Volt DC,10,T,2W,F,F,18.686364540
5.608242645394e-06,Amp DC,.00001,5.5,F,F,F,F,F,F,Rear,F,Main,0.4496492743492,Volt DC,10,T,2W,F,F,18.771131140
5.694983428839e-06,Amp DC,.00001,5.5,F,F,F,F,F,F,Rear,F,Main,0.4997091591358,Volt DC,10,T,2W,F,F,18.855868760
5.770170901087e-06,Amp DC,.00001,5.5,F,F,F,F,F,F,Rear,F,Main,0.5498373508453,Volt DC,10,T,2W,F,F,18.940603940
5.840683115821e-06,Amp DC,.00001,5.5,F,F,F,F,F,F,Rear,F,Main,0.5995725989342,Volt DC,10,T,2W,F,F,19.025353400
5.912921096751e-06,Amp DC,.00001,5.5,F,F,F,F,F,F,Rear,F,Main,0.6496486663818,Volt DC,10,T,2W,F,F,19.110115000
5.969595349598e-06,Amp DC,.00001,5.5,F,F,F,F,F,F,Rear,F,Main,0.6998021602631,Volt DC,10,T,2W,F,F,19.194854740
6.019318789185e-06,Amp DC,.00001,5.5,F,F,F,F,F,F,Rear,F,Main,0.7498830556870,Volt DC,10,T,2W,F,F,19.279618560
6.068312359275e-06,Amp DC,.00001,5.5,F,F,F,F,F,F,Rear,F,Main,0.7996528744698,Volt DC,10,T,2W,F,F,19.364365000
6.115413725638e-06,Amp DC,.00001,5.5,F,F,F,F,F,F,Rear,F,Main,0.8497455120087,Volt DC,10,T,2W,F,F,19.449130280
6.159700660646e-06,Amp DC,.00001,5.5,F,F,F,F,F,F,Rear,F,Main,0.8998202085495,Volt DC,10,T,2W,F,F,19.533873840
6.19920592726e-06,Amp DC,.00001,5.5,F,F,F,F,F,F,Rear,F,Main,0.9495937228203,Volt DC,10,T,2W,F,F,19.618619200
6.236718490982e-06,Amp DC,.00001,5.5,F,F,F,F,F,F,Rear,F,Main,0.9996802210808,Volt DC,10,T,2W,F,F,19.703389960
6.26843302598e-06,Amp DC,.00001,5.5,F,F,F,F,F,F,Rear,F,Main,1.0498164892197,Volt DC,10,T,2W,F,F,19.788133140
6.299617325567e-06,Amp DC,.00001,5.5,F,F,F,F,F,F,Rear,F,Main,1.0998901128769,Volt DC,10,T,2W,F,F,19.872894460
6.326406492008e-06,Amp DC,.00001,5.5,F,F,F,F,F,F,Rear,F,Main,1.1496777534485,Volt DC,10,T,2W,F,F,19.957626800
6.358083737723e-06,Amp DC,.00001,5.5,F,F,F,F,F,F,Rear,F,Main,1.1997765302658,Volt DC,10,T,2W,F,F,20.042381540
6.393780495273e-06,Amp DC,.00001,5.5,F,F,F,F,F,F,Rear,F,Main,1.2498526573181,Volt DC,10,T,2W,F,F,20.127120860
6.414433755708e-06,Amp DC,.00001,5.5,F,F,F,F,F,F,Rear,F,Main,1.2996532917023,Volt DC,10,T,2W,F,F,20.211870780
6.437661340897e-06,Amp DC,.00001,5.5,F,F,F,F,F,F,Rear,F,Main,1.3497319221497,Volt DC,10,T,2W,F,F,20.296638660
6.457621566369e-06,Amp DC,.00001,5.5,F,F,F,F,F,F,Rear,F,Main,1.3998687267303,Volt DC,10,T,2W,F,F,20.381392860
6.477708211605e-06,Amp DC,.00001,5.5,F,F,F,F,F,F,Rear,F,Main,1.4496101140976,Volt DC,10,T,2W,F,F,20.466143680
6.49739331493e-06,Amp DC,.00001,5.5,F,F,F,F,F,F,Rear,F,Main,1.4996877908707,Volt DC,10,T,2W,F,F,20.550887960
6.516821031255e-06,Amp DC,.00001,5.5,F,F,F,F,F,F,Rear,F,Main,1.5498147010803,Volt DC,10,T,2W,F,F,20.635648760
6.534643489431e-06,Amp DC,.00001,5.5,F,F,F,F,F,F,Rear,F,Main,1.5998947620392,Volt DC,10,T,2W,F,F,20.720395680
6.551688784384e-06,Amp DC,.00001,5.5,F,F,F,F,F,F,Rear,F,Main,1.6496796607971,Volt DC,10,T,2W,F,F,20.805154040
6.566264346475e-06,Amp DC,.00001,5.5,F,F,F,F,F,F,Rear,F,Main,1.6997617483139,Volt DC,10,T,2W,F,F,20.889904200
6.580990429939e-06,Amp DC,.00001,5.5,F,F,F,F,F,F,Rear,F,Main,1.7498551607132,Volt DC,10,T,2W,F,F,20.974674740
6.598337222385e-06,Amp DC,.00001,5.5,F,F,F,F,F,F,Rear,F,Main,1.7996302843094,Volt DC,10,T,2W,F,F,21.059410980
6.617925919272e-06,Amp DC,.00001,5.5,F,F,F,F,F,F,Rear,F,Main,1.8497018814087,Volt DC,10,T,2W,F,F,21.144166600
6.623404715356e-06,Amp DC,.00001,5.5,F,F,F,F,F,F,Rear,F,Main,1.8998303413391,Volt DC,10,T,2W,F,F,21.228921140
6.633605607931e-06,Amp DC,.00001,5.5,F,F,F,F,F,F,Rear,F,Main,1.9499216079712,Volt DC,10,T,2W,F,F,21.313662680
6.64459366817e-06,Amp DC,.00001,5.5,F,F,F,F,F,F,Rear,F,Main,1.9997010231018,Volt DC,10,T,2W,F,F,21.398403200
6.655210654571e-06,Amp DC,.00001,5.5,F,F,F,F,F,F,Rear,F,Main,2.0497956275940,Volt DC,10,T,2W,F,F,21.483148640
6.665252840321e-06,Amp DC,.00001,5.5,F,F,F,F,F,F,Rear,F,Main,2.0998792648315,Volt DC,10,T,2W,F,F,21.567910220
6.675803433609e-06,Amp DC,.00001,5.5,F,F,F,F,F,F,Rear,F,Main,2.1496565341949,Volt DC,10,T,2W,F,F,21.652658460
6.685305834253e-06,Amp DC,.00001,5.5,F,F,F,F,F,F,Rear,F,Main,2.1997327804565,Volt DC,10,T,2W,F,F,21.737422060
6.693529940094e-06,Amp DC,.00001,5.5,F,F,F,F,F,F,Rear,F,Main,2.2498645782471,Volt DC,10,T,2W,F,F,21.822175680
6.701815891574e-06,Amp DC,.00001,5.5,F,F,F,F,F,F,Rear,F,Main,2.2999377250671,Volt DC,10,T,2W,F,F,21.906911480
6.70899726174e-06,Amp DC,.00001,5.5,F,F,F,F,F,F,Rear,F,Main,2.3496711254120,Volt DC,10,T,2W,F,F,21.991662440
6.72250507705e-06,Amp DC,.00001,5.5,F,F,F,F,F,F,Rear,F,Main,2.3998084068298,Volt DC,10,T,2W,F,F,22.076397980
6.732804195053e-06,Amp DC,.00001,5.5,F,F,F,F,F,F,Rear,F,Main,2.4498844146729,Volt DC,10,T,2W,F,F,22.161155380
6.731963821949e-06,Amp DC,.00001,5.5,F,F,F,F,F,F,Rear,F,Main,2.4996695518494,Volt DC,10,T,2W,F,F,22.245891600
6.736461727996e-06,Amp DC,.00001,5.5,F,F,F,F,F,F,Rear,F,Main,2.5497555732727,Volt DC,10,T,2W,F,F,22.330674620
6.741219294781e-06,Amp DC,.00001,5.5,F,F,F,F,F,F,Rear,F,Main,2.5999002456665,Volt DC,10,T,2W,F,F,22.415419400
6.737621788488e-06,Amp DC,.00001,5.5,F,F,F,F,F,F,Rear,F,Main,2.6496326923370,Volt DC,10,T,2W,F,F,22.500165720
6.743442099832e-06,Amp DC,.00001,5.5,F,F,F,F,F,F,Rear,F,Main,2.6997287273407,Volt DC,10,T,2W,F,F,22.584918900
6.750504326192e-06,Amp DC,.00001,5.5,F,F,F,F,F,F,Rear,F,Main,2.7498538494110,Volt DC,10,T,2W,F,F,22.669683680
6.760606083844e-06,Amp DC,.00001,5.5,F,F,F,F,F,F,Rear,F,Main,2.7999424934387,Volt DC,10,T,2W,F,F,22.754445560
6.765058969904e-06,Amp DC,.00001,5.5,F,F,F,F,F,F,Rear,F,Main,2.8497364521027,Volt DC,10,T,2W,F,F,22.839188440
6.768832918169e-06,Amp DC,.00001,5.5,F,F,F,F,F,F,Rear,F,Main,2.8998086452484,Volt DC,10,T,2W,F,F,22.923951400
6.772220331186e-06,Amp DC,.00001,5.5,F,F,F,F,F,F,Rear,F,Main,2.9498908519745,Volt DC,10,T,2W,F,F,23.008694060
6.785253390262e-06,Amp DC,.00001,5.5,F,F,F,F,F,F,Rear,F,Main,2.9996578693390,Volt DC,10,T,2W,F,F,23.093460960
6.790483894292e-06,Amp DC,.00001,5.5,F,F,F,F,F,F,Rear,F,Main,3.0497493743896,Volt DC,10,T,2W,F,F,23.178202220
6.786611720599e-06,Amp DC,.00001,5.5,F,F,F,F,F,F,Rear,F,Main,3.0998833179474,Volt DC,10,T,2W,F,F,23.262970700
6.789286544517e-06,Amp DC,.00001,5.5,F,F,F,F,F,F,Rear,F,Main,3.1499629020691,Volt DC,10,T,2W,F,F,23.347724440
6.790889074182e-06,Amp DC,.00001,5.5,F,F,F,F,F,F,Rear,F,Main,3.1997559070587,Volt DC,10,T,2W,F,F,23.432465900
6.793054581067e-06,Amp DC,.00001,5.5,F,F,F,F,F,F,Rear,F,Main,3.2498216629028,Volt DC,10,T,2W,F,F,23.517231300
6.796356501582e-06,Amp DC,.00001,5.5,F,F,F,F,F,F,Rear,F,Main,3.2998921871185,Volt DC,10,T,2W,F,F,23.601975420
6.797951300541e-06,Amp DC,.00001,5.5,F,F,F,F,F,F,Rear,F,Main,3.3496716022491,Volt DC,10,T,2W,F,F,23.686732800
6.801803465351e-06,Amp DC,.00001,5.5,F,F,F,F,F,F,Rear,F,Main,3.3997657299042,Volt DC,10,T,2W,F,F,23.771489240
6.801838935644e-06,Amp DC,.00001,5.5,F,F,F,F,F,F,Rear,F,Main,3.4498987197876,Volt DC,10,T,2W,F,F,23.856270820
6.80363336869e-06,Amp DC,.00001,5.5,F,F,F,F,F,F,Rear,F,Main,3.4999959468842,Volt DC,10,T,2W,F,F,23.941029480
6.806335932197e-06,Amp DC,.00001,5.5,F,F,F,F,F,F,Rear,F,Main,3.5497221946716,Volt DC,10,T,2W,F,F,24.025756360
6.819190275564e-06,Amp DC,.00001,5.5,F,F,F,F,F,F,Rear,F,Main,3.5998311042786,Volt DC,10,T,2W,F,F,24.110489280
6.815689630457e-06,Amp DC,.00001,5.5,F,F,F,F,F,F,Rear,F,Main,3.6499245166779,Volt DC,10,T,2W,F,F,24.195250920
6.814382686571e-06,Amp DC,.00001,5.5,F,F,F,F,F,F,Rear,F,Main,3.6996972560883,Volt DC,10,T,2W,F,F,24.280010120
6.81578694639e-06,Amp DC,.00001,5.5,F,F,F,F,F,F,Rear,F,Main,3.7497775554657,Volt DC,10,T,2W,F,F,24.364748300
6.817896974098e-06,Amp DC,.00001,5.5,F,F,F,F,F,F,Rear,F,Main,3.7999212741852,Volt DC,10,T,2W,F,F,24.449495520
6.819185273343e-06,Amp DC,.00001,5.5,F,F,F,F,F,F,Rear,F,Main,3.8496546745300,Volt DC,10,T,2W,F,F,24.534244280
6.82093514115e-06,Amp DC,.00001,5.5,F,F,F,F,F,F,Rear,F,Main,3.8997278213501,Volt DC,10,T,2W,F,F,24.618983700
6.822948762419e-06,Amp DC,.00001,5.5,F,F,F,F,F,F,Rear,F,Main,3.9498872756958,Volt DC,10,T,2W,F,F,24.703713000
6.823228886788e-06,Amp DC,.00001,5.5,F,F,F,F,F,F,Rear,F,Main,3.9999620914459,Volt DC,10,T,2W,F,F,24.788468800
6.824157026131e-06,Amp DC,.00001,5.5,F,F,F,F,F,F,Rear,F,Main,4.0497326850891,Volt DC,10,T,2W,F,F,24.873228800
6.823679086665e-06,Amp DC,.00001,5.5,F,F,F,F,F,F,Rear,F,Main,4.0998487472534,Volt DC,10,T,2W,F,F,24.957964480
6.823721378169e-06,Amp DC,.00001,5.5,F,F,F,F,F,F,Rear,F,Main,4.1499147415161,Volt DC,10,T,2W,F,F,25.042723200
6.832351573394e-06,Amp DC,.00001,5.5,F,F,F,F,F,F,Rear,F,Main,4.1996865272522,Volt DC,10,T,2W,F,F,25.127466860
6.831045993749e-06,Amp DC,.00001,5.5,F,F,F,F,F,F,Rear,F,Main,4.2498016357422,Volt DC,10,T,2W,F,F,25.212223140
6.831626251369e-06,Amp DC,.00001,5.5,F,F,F,F,F,F,Rear,F,Main,4.2999014854431,Volt DC,10,T,2W,F,F,25.296986640
6.831755854364e-06,Amp DC,.00001,5.5,F,F,F,F,F,F,Rear,F,Main,4.3499917984009,Volt DC,10,T,2W,F,F,25.381742240
6.832678081992e-06,Amp DC,.00001,5.5,F,F,F,F,F,F,Rear,F,Main,4.3997201919556,Volt DC,10,T,2W,F,F,25.466488100
6.832828148617e-06,Amp DC,.00001,5.5,F,F,F,F,F,F,Rear,F,Main,4.4498481750488,Volt DC,10,T,2W,F,F,25.551230360
6.834466603323e-06,Amp DC,.00001,5.5,F,F,F,F,F,F,Rear,F,Main,4.4999175071716,Volt DC,10,T,2W,F,F,25.635978840
6.834880878159e-06,Amp DC,.00001,5.5,F,F,F,F,F,F,Rear,F,Main,4.5497193336487,Volt DC,10,T,2W,F,F,25.720731420
6.834998657723e-06,Amp DC,.00001,5.5,F,F,F,F,F,F,Rear,F,Main,4.5998096466064,Volt DC,10,T,2W,F,F,25.805486920
6.834106443421e-06,Amp DC,.00001,5.5,F,F,F,F,F,F,Rear,F,Main,4.6499152183533,Volt DC,10,T,2W,F,F,25.890236960
6.834397026978e-06,Amp DC,.00001,5.5,F,F,F,F,F,F,Rear,F,Main,4.6996536254883,Volt DC,10,T,2W,F,F,25.974992860
6.840873538749e-06,Amp DC,.00001,5.5,F,F,F,F,F,F,Rear,F,Main,4.7497220039368,Volt DC,10,T,2W,F,F,26.059732940
6.843379196653e-06,Amp DC,.00001,5.5,F,F,F,F,F,F,Rear,F,Main,4.7998638153076,Volt DC,10,T,2W,F,F,26.144496600
6.834948635515e-06,Amp DC,.00001,5.5,F,F,F,F,F,F,Rear,F,Main,4.8499417304993,Volt DC,10,T,2W,F,F,26.229256560
6.834268333478e-06,Amp DC,.00001,5.5,F,F,F,F,F,F,Rear,F,Main,4.8997287750244,Volt DC,10,T,2W,F,F,26.314007320
6.833687621111e-06,Amp DC,.00001,5.5,F,F,F,F,F,F,Rear,F,Main,4.9498367309570,Volt DC,10,T,2W,F,F,26.398745620
6.833471161372e-06,Amp DC,.00001,5.5,F,F,F,F,F,F,Rear,F,Main,4.9998793601990,Volt DC,10,T,2W,F,F,26.483494400
6.833432053099e-06,Amp DC,.00001,5.5,F,F,F,F,F,F,Rear,F,Main,5.0496606826782,Volt DC,10,T,2W,F,F,26.568264740
6.834294708824e-06,Amp DC,.00001,5.5,F,F,F,F,F,F,Rear,F,Main,5.0997304916382,Volt DC,10,T,2W,F,F,26.653013060
6.834424311819e-06,Amp DC,.00001,5.5,F,F,F,F,F,F,Rear,F,Main,5.1498727798462,Volt DC,10,T,2W,F,F,26.737781480
6.83775260768e-06,Amp DC,.00001,5.5,F,F,F,F,F,F,Rear,F,Main,5.1999621391296,Volt DC,10,T,2W,F,F,26.822531020
6.837839464424e-06,Amp DC,.00001,5.5,F,F,F,F,F,F,Rear,F,Main,5.2497377395630,Volt DC,10,T,2W,F,F,26.907282600
6.837625278422e-06,Amp DC,.00001,5.5,F,F,F,F,F,F,Rear,F,Main,5.2998657226563,Volt DC,10,T,2W,F,F,26.992013760
6.845337793493e-06,Amp DC,.00001,5.5,F,F,F,F,F,F,Rear,F,Main,5.3499312400818,Volt DC,10,T,2W,F,F,27.076752460
6.847709300928e-06,Amp DC,.00001,5.5,F,F,F,F,F,F,Rear,F,Main,5.3996968269348,Volt DC,10,T,2W,F,F,27.161508360
6.839414709248e-06,Amp DC,.00001,5.5,F,F,F,F,F,F,Rear,F,Main,5.4497795104980,Volt DC,10,T,2W,F,F,27.246251560
6.836367447249e-06,Amp DC,.00001,5.5,F,F,F,F,F,F,Rear,F,Main,5.4999337196350,Volt DC,10,T,2W,F,F,27.331013600
6.836371539976e-06,Amp DC,.00001,5.5,F,F,F,F,F,F,Rear,F,Main,5.5500054359436,Volt DC,10,T,2W,F,F,27.415752080
6.830986421846e-06,Amp DC,.00001,5.5,F,F,F,F,F,F,Rear,F,Main,5.5997390747070,Volt DC,10,T,2W,F,F,27.500505360
6.825863692939e-06,Amp DC,.00001,5.5,F,F,F,F,F,F,Rear,F,Main,5.6498847007751,Volt DC,10,T,2W,F,F,27.585242700
6.824630418123e-06,Amp DC,.00001,5.5,F,F,F,F,F,F,Rear,F,Main,5.6999344825745,Volt DC,10,T,2W,F,F,27.669988280
6.832972758275e-06,Amp DC,.00001,5.5,F,F,F,F,F,F,Rear,F,Main,5.7497115135193,Volt DC,10,T,2W,F,F,27.754747760
6.830091024312e-06,Amp DC,.00001,5.5,F,F,F,F,F,F,Rear,F,Main,5.7998046875000,Volt DC,10,T,2W,F,F,27.839486940
6.828744972154e-06,Amp DC,.00001,5.5,F,F,F,F,F,F,Rear,F,Main,5.8499350547791,Volt DC,10,T,2W,F,F,27.924270900
6.828842288087e-06,Amp DC,.00001,5.5,F,F,F,F,F,F,Rear,F,Main,5.8996839523315,Volt DC,10,T,2W,F,F,28.009031900
6.835919975856e-06,Amp DC,.00001,5.5,F,F,F,F,F,F,Rear,F,Main,5.9497480392456,Volt DC,10,T,2W,F,F,28.093770780
6.836674401711e-06,Amp DC,.00001,5.5,F,F,F,F,F,F,Rear,F,Main,5.9998855590820,Volt DC,10,T,2W,F,F,28.178516860
6.827883225924e-06,Amp DC,.00001,5.5,F,F,F,F,F,F,Rear,F,Main,6.0499510765076,Volt DC,10,T,2W,F,F,28.263278480
6.827239758422e-06,Amp DC,.00001,5.5,F,F,F,F,F,F,Rear,F,Main,6.0997128486633,Volt DC,10,T,2W,F,F,28.348038520
6.82674408381e-06,Amp DC,.00001,5.5,F,F,F,F,F,F,Rear,F,Main,6.1498231887817,Volt DC,10,T,2W,F,F,28.432796880
6.825238870078e-06,Amp DC,.00001,5.5,F,F,F,F,F,F,Rear,F,Main,6.1999020576477,Volt DC,10,T,2W,F,F,28.517562180
6.823951480328e-06,Amp DC,.00001,5.5,F,F,F,F,F,F,Rear,F,Main,6.2496795654297,Volt DC,10,T,2W,F,F,28.602318060
6.822725936217e-06,Amp DC,.00001,5.5,F,F,F,F,F,F,Rear,F,Main,6.2997603416443,Volt DC,10,T,2W,F,F,28.687077060
6.824177944509e-06,Amp DC,.00001,5.5,F,F,F,F,F,F,Rear,F,Main,6.3498992919922,Volt DC,10,T,2W,F,F,28.771820380
6.823632702435e-06,Amp DC,.00001,5.5,F,F,F,F,F,F,Rear,F,Main,6.3999562263489,Volt DC,10,T,2W,F,F,28.856576920
6.822913746873e-06,Amp DC,.00001,5.5,F,F,F,F,F,F,Rear,F,Main,6.4497361183167,Volt DC,10,T,2W,F,F,28.941311560
6.822600425949e-06,Amp DC,.00001,5.5,F,F,F,F,F,F,Rear,F,Main,6.4998288154602,Volt DC,10,T,2W,F,F,29.026073140
6.83022017256e-06,Amp DC,.00001,5.5,F,F,F,F,F,F,Rear,F,Main,6.5498909950256,Volt DC,10,T,2W,F,F,29.110818580
6.822449449828e-06,Amp DC,.00001,5.5,F,F,F,F,F,F,Rear,F,Main,6.5997061729431,Volt DC,10,T,2W,F,F,29.195548840
6.819656846346e-06,Amp DC,.00001,5.5,F,F,F,F,F,F,Rear,F,Main,6.6497769355774,Volt DC,10,T,2W,F,F,29.280315020
6.819261216151e-06,Amp DC,.00001,5.5,F,F,F,F,F,F,Rear,F,Main,6.6999287605286,Volt DC,10,T,2W,F,F,29.365077120
6.815898814239e-06,Amp DC,.00001,5.5,F,F,F,F,F,F,Rear,F,Main,6.7496848106384,Volt DC,10,T,2W,F,F,29.449822220
6.815709184593e-06,Amp DC,.00001,5.5,F,F,F,F,F,F,Rear,F,Main,6.7997183799744,Volt DC,10,T,2W,F,F,29.534569320
6.814595963078e-06,Amp DC,.00001,5.5,F,F,F,F,F,F,Rear,F,Main,6.8498573303223,Volt DC,10,T,2W,F,F,29.619315880
6.813094387326e-06,Amp DC,.00001,5.5,F,F,F,F,F,F,Rear,F,Main,6.8999638557434,Volt DC,10,T,2W,F,F,29.704053020
6.812870651629e-06,Amp DC,.00001,5.5,F,F,F,F,F,F,Rear,F,Main,6.9497318267822,Volt DC,10,T,2W,F,F,29.788810260
6.81522215018e-06,Amp DC,.00001,5.5,F,F,F,F,F,F,Rear,F,Main,6.9998149871826,Volt DC,10,T,2W,F,F,29.873565020
6.809958449594e-06,Amp DC,.00001,5.5,F,F,F,F,F,F,Rear,F,Main,7.0499234199524,Volt DC,10,T,2W,F,F,29.958335620
6.812450010329e-06,Amp DC,.00001,5.5,F,F,F,F,F,F,Rear,F,Main,7.0996589660645,Volt DC,10,T,2W,F,F,30.043100580
6.817338089604e-06,Amp DC,.00001,5.5,F,F,F,F,F,F,Rear,F,Main,7.1497154235840,Volt DC,10,T,2W,F,F,30.127840760
6.808219950472e-06,Amp DC,.00001,5.5,F,F,F,F,F,F,Rear,F,Main,7.1998858451843,Volt DC,10,T,2W,F,F,30.212591820
6.809058049839e-06,Amp DC,.00001,5.5,F,F,F,F,F,F,Rear,F,Main,7.2499494552612,Volt DC,10,T,2W,F,F,30.297344880
6.808024863858e-06,Amp DC,.00001,5.5,F,F,F,F,F,F,Rear,F,Main,7.2997431755066,Volt DC,10,T,2W,F,F,30.382092980
6.806847522967e-06,Amp DC,.00001,5.5,F,F,F,F,F,F,Rear,F,Main,7.3498425483704,Volt DC,10,T,2W,F,F,30.466850340
6.806582405261e-06,Amp DC,.00001,5.5,F,F,F,F,F,F,Rear,F,Main,7.3999052047729,Volt DC,10,T,2W,F,F,30.551595160
6.804846634623e-06,Amp DC,.00001,5.5,F,F,F,F,F,F,Rear,F,Main,7.4496388435364,Volt DC,10,T,2W,F,F,30.636317860
6.804374152125e-06,Amp DC,.00001,5.5,F,F,F,F,F,F,Rear,F,Main,7.4997415542603,Volt DC,10,T,2W,F,F,30.721048520
6.803494216001e-06,Amp DC,.00001,5.5,F,F,F,F,F,F,Rear,F,Main,7.5498752593994,Volt DC,10,T,2W,F,F,30.805781000
6.799957645853e-06,Amp DC,.00001,5.5,F,F,F,F,F,F,Rear,F,Main,7.5999693870544,Volt DC,10,T,2W,F,F,30.890530020
6.800374194427e-06,Amp DC,.00001,5.5,F,F,F,F,F,F,Rear,F,Main,7.6497120857239,Volt DC,10,T,2W,F,F,30.975274800
6.806118562963e-06,Amp DC,.00001,5.5,F,F,F,F,F,F,Rear,F,Main,7.6998243331909,Volt DC,10,T,2W,F,F,31.060020080
6.80840730638e-06,Amp DC,.00001,5.5,F,F,F,F,F,F,Rear,F,Main,7.7499108314514,Volt DC,10,T,2W,F,F,31.144756440
6.798976755817e-06,Amp DC,.00001,5.5,F,F,F,F,F,F,Rear,F,Main,7.7996621131897,Volt DC,10,T,2W,F,F,31.229500700
6.79513459545e-06,Amp DC,.00001,5.5,F,F,F,F,F,F,Rear,F,Main,7.8497562408447,Volt DC,10,T,2W,F,F,31.314283940
6.793441116315e-06,Amp DC,.00001,5.5,F,F,F,F,F,F,Rear,F,Main,7.8998851776123,Volt DC,10,T,2W,F,F,31.399048840
6.791362011427e-06,Amp DC,.00001,5.5,F,F,F,F,F,F,Rear,F,Main,7.9496374130249,Volt DC,10,T,2W,F,F,31.483799160
6.789160124754e-06,Amp DC,.00001,5.5,F,F,F,F,F,F,Rear,F,Main,7.9997162818909,Volt DC,10,T,2W,F,F,31.568535340
6.788397058699e-06,Amp DC,.00001,5.5,F,F,F,F,F,F,Rear,F,Main,8.0498247146606,Volt DC,10,T,2W,F,F,31.653290540
6.788529390178e-06,Amp DC,.00001,5.5,F,F,F,F,F,F,Rear,F,Main,8.0999193191528,Volt DC,10,T,2W,F,F,31.738037200
6.789257895434e-06,Amp DC,.00001,5.5,F,F,F,F,F,F,Rear,F,Main,8.1496791839600,Volt DC,10,T,2W,F,F,31.822798160
6.786628546251e-06,Amp DC,.00001,5.5,F,F,F,F,F,F,Rear,F,Main,8.1997690200806,Volt DC,10,T,2W,F,F,31.907540480
6.785914138163e-06,Amp DC,.00001,5.5,F,F,F,F,F,F,Rear,F,Main,8.2498483657837,Volt DC,10,T,2W,F,F,31.992283820
6.791445230192e-06,Amp DC,.00001,5.5,F,F,F,F,F,F,Rear,F,Main,8.2996397018433,Volt DC,10,T,2W,F,F,32.077028240
6.791278792662e-06,Amp DC,.00001,5.5,F,F,F,F,F,F,Rear,F,Main,8.3497219085693,Volt DC,10,T,2W,F,F,32.161754880
6.783724984416e-06,Amp DC,.00001,5.5,F,F,F,F,F,F,Rear,F,Main,8.3998365402222,Volt DC,10,T,2W,F,F,32.246529500
6.784719516872e-06,Amp DC,.00001,5.5,F,F,F,F,F,F,Rear,F,Main,8.4499444961548,Volt DC,10,T,2W,F,F,32.331288460
6.783212029404e-06,Amp DC,.00001,5.5,F,F,F,F,F,F,Rear,F,Main,8.4996776580811,Volt DC,10,T,2W,F,F,32.416051600
6.777007456549e-06,Amp DC,.00001,5.5,F,F,F,F,F,F,Rear,F,Main,8.5497903823853,Volt DC,10,T,2W,F,F,32.500798120
6.774527719244e-06,Amp DC,.00001,5.5,F,F,F,F,F,F,Rear,F,Main,8.5998620986938,Volt DC,10,T,2W,F,F,32.585553980
6.773241693736e-06,Amp DC,.00001,5.5,F,F,F,F,F,F,Rear,F,Main,8.6496372222900,Volt DC,10,T,2W,F,F,32.670292060
6.773576842534e-06,Amp DC,.00001,5.5,F,F,F,F,F,F,Rear,F,Main,8.6997413635254,Volt DC,10,T,2W,F,F,32.755047620
6.775107976864e-06,Amp DC,.00001,5.5,F,F,F,F,F,F,Rear,F,Main,8.7498540878296,Volt DC,10,T,2W,F,F,32.839792840
6.777082944609e-06,Amp DC,.00001,5.5,F,F,F,F,F,F,Rear,F,Main,8.7999658584595,Volt DC,10,T,2W,F,F,32.924543260
6.776790542062e-06,Amp DC,.00001,5.5,F,F,F,F,F,F,Rear,F,Main,8.8496408462524,Volt DC,10,T,2W,F,F,33.009301200
6.784783181502e-06,Amp DC,.00001,5.5,F,F,F,F,F,F,Rear,F,Main,8.8997802734375,Volt DC,10,T,2W,F,F,33.094043080
6.779034265492e-06,Amp DC,.00001,5.5,F,F,F,F,F,F,Rear,F,Main,8.9498567581177,Volt DC,10,T,2W,F,F,33.178814080
6.773288077966e-06,Amp DC,.00001,5.5,F,F,F,F,F,F,Rear,F,Main,8.9996538162231,Volt DC,10,T,2W,F,F,33.263573480
6.768987077521e-06,Amp DC,.00001,5.5,F,F,F,F,F,F,Rear,F,Main,9.0497570037842,Volt DC,10,T,2W,F,F,33.348323120
6.767977083655e-06,Amp DC,.00001,5.5,F,F,F,F,F,F,Rear,F,Main,9.0998620986938,Volt DC,10,T,2W,F,F,33.433067820
6.766555543436e-06,Amp DC,.00001,5.5,F,F,F,F,F,F,Rear,F,Main,9.1495895385742,Volt DC,10,T,2W,F,F,33.517823540
6.7646133175e-06,Amp DC,.00001,5.5,F,F,F,F,F,F,Rear,F,Main,9.1996345520020,Volt DC,10,T,2W,F,F,33.602581680
6.763527380826e-06,Amp DC,.00001,5.5,F,F,F,F,F,F,Rear,F,Main,9.2497978210449,Volt DC,10,T,2W,F,F,33.687326940
6.7627165663e-06,Amp DC,.00001,5.5,F,F,F,F,F,F,Rear,F,Main,9.2998819351196,Volt DC,10,T,2W,F,F,33.772091740
6.761967142666e-06,Amp DC,.00001,5.5,F,F,F,F,F,F,Rear,F,Main,9.3496541976929,Volt DC,10,T,2W,F,F,33.856826280
6.759732968931e-06,Amp DC,.00001,5.5,F,F,F,F,F,F,Rear,F,Main,9.3998060226440,Volt DC,10,T,2W,F,F,33.941580460
6.759986717952e-06,Amp DC,.00001,5.5,F,F,F,F,F,F,Rear,F,Main,9.4498271942139,Volt DC,10,T,2W,F,F,34.026328540
6.767189006496e-06,Amp DC,.00001,5.5,F,F,F,F,F,F,Rear,F,Main,9.4995880126953,Volt DC,10,T,2W,F,F,34.111070540
6.760603810108e-06,Amp DC,.00001,5.5,F,F,F,F,F,F,Rear,F,Main,9.5496940612793,Volt DC,10,T,2W,F,F,34.195814600
6.756769835192e-06,Amp DC,.00001,5.5,F,F,F,F,F,F,Rear,F,Main,9.5998029708862,Volt DC,10,T,2W,F,F,34.280552820
6.757603841834e-06,Amp DC,.00001,5.5,F,F,F,F,F,F,Rear,F,Main,9.6498956680298,Volt DC,10,T,2W,F,F,34.365322180
6.756115908502e-06,Amp DC,.00001,5.5,F,F,F,F,F,F,Rear,F,Main,9.6997137069702,Volt DC,10,T,2W,F,F,34.450053320
6.755675713066e-06,Amp DC,.00001,5.5,F,F,F,F,F,F,Rear,F,Main,9.7497940063477,Volt DC,10,T,2W,F,F,34.534806020
6.753715751984e-06,Amp DC,.00001,5.5,F,F,F,F,F,F,Rear,F,Main,9.7998199462891,Volt DC,10,T,2W,F,F,34.619549320
6.753639354429e-06,Amp DC,.00001,5.5,F,F,F,F,F,F,Rear,F,Main,9.8496284484863,Volt DC,10,T,2W,F,F,34.704294240
6.752615718142e-06,Amp DC,.00001,5.5,F,F,F,F,F,F,Rear,F,Main,9.8996820449829,Volt DC,10,T,2W,F,F,34.789056600
6.752971785318e-06,Amp DC,.00001,5.5,F,F,F,F,F,F,Rear,F,Main,9.9498052597046,Volt DC,10,T,2W,F,F,34.873786260
6.749889507773e-06,Amp DC,.00001,5.5,F,F,F,F,F,F,Rear,F,Main,9.9996404647827,Volt DC,10,T,2W,F,F,34.958530920
