Style,Standard
Append Mode,1
Fill Mode,1
Capacity,100000
Count,91
Base Time Seconds,1615399803
Base Time Fractional,.669411900
Base Time,03/10/2021 18:10:03.669411900
Reading,Unit,Range Digits,Disp Digits,Math,Start Group,Limit1 High,Limit1 Low,Limit2 High,Limit2 Low,Terminal,Questionable,Origin,Value,Unit,Digits,Output,Sense,Source Limit,Overtemp,Relative Time
-6.487499426555e-11,Amp DC,.00000001,5.5,F,F,F,F,F,F,Front,F,Main,-2.9960856437683,Volt DC,10,T,2W,F,F,0.000000000
-3.95512095297e-11,Amp DC,.0000001,5.5,F,F,F,F,F,F,Front,F,Main,-2.8998980522156,Volt DC,10,T,2W,F,F,1.151594540
-1.638459229403e-10,Amp DC,.0000001,5.5,F,F,F,F,F,F,Front,F,Main,-2.7997007369995,Volt DC,10,T,2W,F,F,2.338852040
-2.352222930324e-11,Amp DC,.0000001,5.5,F,F,F,F,F,F,Front,F,Main,-2.6998059749603,Volt DC,10,T,2W,F,F,3.526111940
-1.949168604298e-11,Amp DC,.0000001,5.5,F,F,F,F,F,F,Front,F,Main,-2.5999557971954,Volt DC,10,T,2W,F,F,4.713418760
-2.759212303083e-10,Amp DC,.0000001,5.5,F,F,F,F,F,F,Front,F,Main,-2.4997065067291,Volt DC,10,T,2W,F,F,5.900715300
-4.323222335678e-10,Amp DC,.00000001,5.5,F,F,F,F,F,F,Front,F,Main,-2.3782761096954,Volt DC,10,T,2W,F,F,6.581270720
-3.65559492399e-11,Amp DC,.0000001,5.5,F,F,F,F,F,F,Front,F,Main,-2.2996633052826,Volt DC,10,T,2W,F,F,7.732852720
-2.141696153757e-09,Amp DC,.00000001,5.5,F,F,F,F,F,F,Front,F,Main,-2.1802084445953,Volt DC,10,T,2W,F,F,8.413430280
-7.889677106077e-11,Amp DC,.0000001,5.5,F,F,F,F,F,F,Front,F,Main,-2.0999305248260,Volt DC,10,T,2W,F,F,9.564985400
-7.04111699501e-11,Amp DC,.0000001,5.5,F,F,F,F,F,F,Front,F,Main,-1.9997324943542,Volt DC,10,T,2W,F,F,10.752265560
1.604250413068e-11,Amp DC,.00000001,5.5,F,F,F,F,F,F,Front,F,Main,-1.8997238874435,Volt DC,10,T,2W,F,F,11.432809300
-4.354683280638e-11,Amp DC,.0000001,5.5,F,F,F,F,F,F,Front,F,Main,-1.7996529340744,Volt DC,10,T,2W,F,F,12.584399980
-4.19096042592e-11,Amp DC,.00000001,5.5,F,F,F,F,F,F,Front,F,Main,-1.6953053474426,Volt DC,10,T,2W,F,F,13.264977200
-7.714032190798e-11,Amp DC,.0000001,5.5,F,F,F,F,F,F,Front,F,Main,-1.5999000072479,Volt DC,10,T,2W,F,F,14.416581280
-1.03837667631e-11,Amp DC,.0000001,5.5,F,F,F,F,F,F,Front,F,Main,-1.4996774196625,Volt DC,10,T,2W,F,F,15.603926440
-4.504149483942e-11,Amp DC,.00000001,5.5,F,F,F,F,F,F,Front,F,Main,-1.3979548215866,Volt DC,10,T,2W,F,F,16.284457540
-2.882642041735e-11,Amp DC,.0000001,5.5,F,F,F,F,F,F,Front,F,Main,-1.2996336221695,Volt DC,10,T,2W,F,F,17.436034660
-4.562946201436e-11,Amp DC,.00000001,5.5,F,F,F,F,F,F,Front,F,Main,-1.1971081495285,Volt DC,10,T,2W,F,F,18.116546260
1.156813880798e-10,Amp DC,.0000001,5.5,F,F,F,F,F,F,Front,F,Main,-1.0998615026474,Volt DC,10,T,2W,F,F,19.268147060
-7.615323302512e-12,Amp DC,.0000001,5.5,F,F,F,F,F,F,Front,F,Main,-0.9996591210365,Volt DC,10,T,2W,F,F,20.455398600
-5.161369942552e-11,Amp DC,.0000001,5.5,F,F,F,F,F,F,Front,F,Main,-0.8997569084167,Volt DC,10,T,2W,F,F,21.642634360
-6.109967393142e-11,Amp DC,.0000001,5.5,F,F,F,F,F,F,Front,F,Main,-0.7995990514755,Volt DC,10,T,2W,F,F,22.829863420
-5.264310515285e-11,Amp DC,.0000001,5.5,F,F,F,F,F,F,Front,F,Main,-0.6997468471527,Volt DC,10,T,2W,F,F,24.017141440
-2.551129099637e-11,Amp DC,.0000001,5.5,F,F,F,F,F,F,Front,F,Main,-0.5998467803001,Volt DC,10,T,2W,F,F,25.204417260
-1.512134445436e-10,Amp DC,.0000001,5.5,F,F,F,F,F,F,Front,F,Main,-0.4996209144592,Volt DC,10,T,2W,F,F,26.391711420
-2.10001946388e-10,Amp DC,.0000001,5.5,F,F,F,F,F,F,Front,F,Main,-0.3997828066349,Volt DC,10,T,2W,F,F,27.578920560
-2.658764042263e-10,Amp DC,.00000001,5.5,F,F,F,F,F,F,Front,F,Main,-0.2810786664486,Volt DC,10,T,2W,F,F,28.259466920
3.903446316178e-11,Amp DC,.0000001,5.5,F,F,F,F,F,F,Front,F,Main,-0.1996900141239,Volt DC,10,T,2W,F,F,29.411026900
3.425474487395e-11,Amp DC,.00000001,5.5,F,F,F,F,F,F,Front,F,Main,-0.1018301621079,Volt DC,10,T,2W,F,F,30.091573440
-5.77437889171e-11,Amp DC,.0000001,5.5,F,F,F,F,F,F,Front,F,Main,0.0003668894642,Volt DC,10,T,2W,F,F,31.243149000
4.483284576917e-11,Amp DC,.0000001,5.5,F,F,F,F,F,F,Front,F,Main,0.0996963083744,Volt DC,10,T,2W,F,F,32.430746800
-1.446662581395e-11,Amp DC,.0000001,5.5,F,F,F,F,F,F,Front,F,Main,0.1998918354511,Volt DC,10,T,2W,F,F,33.617993280
-1.518779199627e-11,Amp DC,.0000001,5.5,F,F,F,F,F,F,Front,F,Main,0.2997164726257,Volt DC,10,T,2W,F,F,34.805285720
-3.97373106642e-11,Amp DC,.0000001,5.5,F,F,F,F,F,F,Front,F,Main,0.3999466598034,Volt DC,10,T,2W,F,F,35.992579920
3.228171896463e-11,Amp DC,.00000001,5.5,F,F,F,F,F,F,Front,F,Main,0.4978257417679,Volt DC,10,T,2W,F,F,36.673112800
-3.25370633214e-11,Amp DC,.0000001,5.5,F,F,F,F,F,F,Front,F,Main,0.5996552109718,Volt DC,10,T,2W,F,F,37.824714700
-3.174537716033e-11,Amp DC,.00000001,5.5,F,F,F,F,F,F,Front,F,Main,0.7021517753601,Volt DC,10,T,2W,F,F,38.505268940
-6.445550343459e-11,Amp DC,.0000001,5.5,F,F,F,F,F,F,Front,F,Main,0.7997506260872,Volt DC,10,T,2W,F,F,39.656869500
-3.515430307965e-11,Amp DC,.0000001,5.5,F,F,F,F,F,F,Front,F,Main,0.8999117016792,Volt DC,10,T,2W,F,F,40.844145200
-4.911644355121e-11,Amp DC,.00000001,5.5,F,F,F,F,F,F,Front,F,Main,1.0012485980988,Volt DC,10,T,2W,F,F,41.524690100
-2.722699496416e-11,Amp DC,.0000001,5.5,F,F,F,F,F,F,Front,F,Main,1.0999853610992,Volt DC,10,T,2W,F,F,42.676285360
-7.59065449385e-11,Amp DC,.00000001,5.5,F,F,F,F,F,F,Front,F,Main,1.2016372680664,Volt DC,10,T,2W,F,F,43.356852380
-2.182972899667e-11,Amp DC,.0000001,5.5,F,F,F,F,F,F,Front,F,Main,1.2997474670410,Volt DC,10,T,2W,F,F,44.508454860
-2.484244060463e-11,Amp DC,.0000001,5.5,F,F,F,F,F,F,Front,F,Main,1.3999742269516,Volt DC,10,T,2W,F,F,45.695750360
-1.240086505705e-11,Amp DC,.00000001,5.5,F,F,F,F,F,F,Front,F,Main,1.4998633861542,Volt DC,10,T,2W,F,F,46.376307260
-5.78775291582e-11,Amp DC,.0000001,5.5,F,F,F,F,F,F,Front,F,Main,1.5999972820282,Volt DC,10,T,2W,F,F,47.527908580
-1.578105007782e-11,Amp DC,.0000001,5.5,F,F,F,F,F,F,Front,F,Main,1.6998690366745,Volt DC,10,T,2W,F,F,48.715202520
3.161239672811e-11,Amp DC,.00000001,5.5,F,F,F,F,F,F,Front,F,Main,1.7973312139511,Volt DC,10,T,2W,F,F,49.395699560
4.439084169694e-11,Amp DC,.0000001,5.5,F,F,F,F,F,F,Front,F,Main,1.8999325037003,Volt DC,10,T,2W,F,F,50.547292340
6.849810718634e-10,Amp DC,.00000001,5.5,F,F,F,F,F,F,Front,F,Main,1.9666160345078,Volt DC,10,T,2W,F,F,51.227849720
1.226318935288e-09,Amp DC,.0000001,5.5,F,F,F,F,F,F,Front,F,Main,2.0999825000763,Volt DC,10,T,2W,F,F,52.379456660
7.355805298204e-09,Amp DC,.0000001,5.5,F,F,F,F,F,F,Front,F,Main,2.1998186111450,Volt DC,10,T,2W,F,F,53.566744280
8.589626787625e-08,Amp DC,.0000001,5.5,F,F,F,F,F,F,Front,F,Main,2.2998650074005,Volt DC,10,T,2W,F,F,54.061583940
2.344133008592e-06,Amp DC,.00001,5.5,F,F,F,F,F,F,Front,F,Main,2.3998768329620,Volt DC,10,T,2W,F,F,55.062606040
6.681026570732e-05,Amp DC,.0001,5.5,F,F,F,F,F,F,Front,F,Main,2.4996135234833,Volt DC,10,T,2W,F,F,55.460043840
0.0005782098160125,Amp DC,.001,5.5,F,F,F,F,F,F,Front,F,Main,2.5998687744141,Volt DC,10,T,2W,F,F,55.851497180
0.001680420245975,Amp DC,.01,5.5,F,F,F,F,F,F,Front,F,Main,2.6997785568237,Volt DC,10,T,2W,F,F,56.169675920
0.003198425751179,Amp DC,.01,5.5,F,F,F,F,F,F,Front,F,Main,2.7999520301819,Volt DC,10,T,2W,F,F,56.253468720
0.00510151963681,Amp DC,.01,5.5,F,F,F,F,F,F,Front,F,Main,2.8997759819031,Volt DC,10,T,2W,F,F,56.337243380
0.007435511797667,Amp DC,.01,5.5,F,F,F,F,F,F,Front,F,Main,2.9995703697205,Volt DC,10,T,2W,F,F,56.421015500
0.01030502747744,Amp DC,.01,5.5,F,F,F,F,F,F,Front,F,Main,3.0997164249420,Volt DC,10,T,2W,F,F,56.504778000
0.01423728745431,Amp DC,.1,5.5,F,F,F,F,F,F,Front,F,Main,3.1998231410980,Volt DC,10,T,2W,F,F,56.822934980
0.01851966977119,Amp DC,.1,5.5,F,F,F,F,F,F,Front,F,Main,3.2999401092529,Volt DC,10,T,2W,F,F,56.906717780
0.02429599687457,Amp DC,.1,5.5,F,F,F,F,F,F,Front,F,Main,3.3997964859009,Volt DC,10,T,2W,F,F,56.990477660
0.03216617926955,Amp DC,.1,5.5,F,F,F,F,F,F,Front,F,Main,3.4999992847443,Volt DC,10,T,2W,F,F,57.074233720
0.04288632795215,Amp DC,.1,5.5,F,F,F,F,F,F,Front,F,Main,3.5998032093048,Volt DC,10,T,2W,F,F,57.158007300
0.05677708238363,Amp DC,.1,5.5,F,F,F,F,F,F,Front,F,Main,3.6996486186981,Volt DC,10,T,2W,F,F,57.241786680
0.07215579599142,Amp DC,.1,5.5,F,F,F,F,F,F,Front,F,Main,3.7998416423798,Volt DC,10,T,2W,F,F,57.325567700
0.09038345515728,Amp DC,.1,5.5,F,F,F,F,F,F,Front,F,Main,3.8995740413666,Volt DC,10,T,2W,F,F,57.409333080
0.1172301769257,Amp DC,1,5.5,F,F,F,F,F,F,Front,F,Main,4.0001506805420,Volt DC,10,T,2W,F,F,57.607256700
0.153409153223,Amp DC,1,5.5,F,F,F,F,F,F,Front,F,Main,4.1000447273254,Volt DC,10,T,2W,F,F,57.691056500
0.1920984834433,Amp DC,1,5.5,F,F,F,F,F,F,Front,F,Main,4.1998748779297,Volt DC,10,T,2W,F,F,57.774852820
0.2110859453678,Amp DC,1,5.5,F,F,F,F,F,F,Front,F,Main,4.3001027107239,Volt DC,10,T,2W,F,F,57.858631980
0.2082813382149,Amp DC,1,5.5,F,F,F,F,F,F,Front,F,Main,4.3999247550964,Volt DC,10,T,2W,F,F,57.942391320
0.2018956691027,Amp DC,1,5.5,F,F,F,F,F,F,Front,F,Main,4.5001173019409,Volt DC,10,T,2W,F,F,58.026150760
0.1997105926275,Amp DC,1,5.5,F,F,F,F,F,F,Front,F,Main,4.6000161170959,Volt DC,10,T,2W,F,F,58.109912440
0.1981312036514,Amp DC,1,5.5,F,F,F,F,F,F,Front,F,Main,4.6998500823975,Volt DC,10,T,2W,F,F,58.193673860
0.194490596652,Amp DC,1,5.5,F,F,F,F,F,F,Front,F,Main,4.8000702857971,Volt DC,10,T,2W,F,F,58.277444880
0.1874438673258,Amp DC,1,5.5,F,F,F,F,F,F,Front,F,Main,4.8999228477478,Volt DC,10,T,2W,F,F,58.361215400
0.2295243144035,Amp DC,1,5.5,F,F,F,F,F,F,Front,F,Main,4.9986634254456,Volt DC,10,T,2W,F,F,58.444979580
0.02456517517567,Amp DC,.1,5.5,F,F,F,F,F,F,Front,F,Main,5.0997772216797,Volt DC,10,T,2W,F,F,58.648970980
0.02588826604187,Amp DC,.1,5.5,F,F,F,F,F,F,Front,F,Main,5.1999840736389,Volt DC,10,T,2W,F,F,58.732765720
0.02812617830932,Amp DC,.1,5.5,F,F,F,F,F,F,Front,F,Main,5.2998919487000,Volt DC,10,T,2W,F,F,58.816519680
0.03037315607071,Amp DC,.1,5.5,F,F,F,F,F,F,Front,F,Main,5.3997092247009,Volt DC,10,T,2W,F,F,58.900295940
0.03276777639985,Amp DC,.1,5.5,F,F,F,F,F,F,Front,F,Main,5.4999465942383,Volt DC,10,T,2W,F,F,58.984062240
0.03577687218785,Amp DC,.1,5.5,F,F,F,F,F,F,Front,F,Main,5.5997686386108,Volt DC,10,T,2W,F,F,59.067843200
0.03802133724093,Amp DC,.1,5.5,F,F,F,F,F,F,Front,F,Main,5.6999158859253,Volt DC,10,T,2W,F,F,59.151588320
0.04326974973083,Amp DC,.1,5.5,F,F,F,F,F,F,Front,F,Main,5.7999334335327,Volt DC,10,T,2W,F,F,59.235341460
0.04627607017756,Amp DC,.1,5.5,F,F,F,F,F,F,Front,F,Main,5.8996615409851,Volt DC,10,T,2W,F,F,59.319113240
0.05202490091324,Amp DC,.1,5.5,F,F,F,F,F,F,Front,F,Main,5.9998474121094,Volt DC,10,T,2W,F,F,59.402880900
