Style,Standard
Append Mode,1
Fill Mode,1
Capacity,100000
Count,401
Base Time Seconds,1615397408
Base Time Fractional,.279066760
Base Time,03/10/2021 17:30:08.279066760
Reading,Unit,Range Digits,Disp Digits,Math,Start Group,Limit1 High,Limit1 Low,Limit2 High,Limit2 Low,Terminal,Questionable,Origin,Value,Unit,Digits,Output,Sense,Source Limit,Overtemp,Relative Time
-0.199977889657,Amp DC,1,5.5,F,F,F,F,F,F,Rear,F,Main,-4.3696932792664,Volt DC,10,T,2W,T,F,0.000000000
-0.1999784857035,Amp DC,1,5.5,F,F,F,F,F,F,Rear,F,Main,-4.3625288009644,Volt DC,10,T,2W,T,F,0.083805700
-0.1999720036983,Amp DC,1,5.5,F,F,F,F,F,F,Rear,F,Main,-4.3631391525269,Volt DC,10,T,2W,T,F,0.167578420
-0.1999737769365,Amp DC,1,5.5,F,F,F,F,F,F,Rear,F,Main,-4.3638105392456,Volt DC,10,T,2W,T,F,0.251349880
-0.1999720931053,Amp DC,1,5.5,F,F,F,F,F,F,Rear,F,Main,-4.3650116920471,Volt DC,10,T,2W,T,F,0.335117540
-0.1999696493149,Amp DC,1,5.5,F,F,F,F,F,F,Rear,F,Main,-4.3637208938599,Volt DC,10,T,2W,T,F,0.418879180
-0.199969664216,Amp DC,1,5.5,F,F,F,F,F,F,Rear,F,Main,-4.2611284255981,Volt DC,10,T,2W,T,F,0.502637320
-0.19997382164,Amp DC,1,5.5,F,F,F,F,F,F,Rear,F,Main,-4.2534928321838,Volt DC,10,T,2W,T,F,0.586402220
-0.199966698885,Amp DC,1,5.5,F,F,F,F,F,F,Rear,F,Main,-4.2566313743591,Volt DC,10,T,2W,T,F,0.670156880
-0.1999685168266,Amp DC,1,5.5,F,F,F,F,F,F,Rear,F,Main,-4.2590146064758,Volt DC,10,T,2W,T,F,0.753915800
-0.1999701708555,Amp DC,1,5.5,F,F,F,F,F,F,Rear,F,Main,-4.2626652717590,Volt DC,10,T,2W,T,F,0.837690840
-0.1999650150537,Amp DC,1,5.5,F,F,F,F,F,F,Rear,F,Main,-4.2667422294617,Volt DC,10,T,2W,T,F,0.921434660
-0.199962079525,Amp DC,1,5.5,F,F,F,F,F,F,Rear,F,Main,-4.2706227302551,Volt DC,10,T,2W,T,F,1.005199280
-0.1999686360359,Amp DC,1,5.5,F,F,F,F,F,F,Rear,F,Main,-4.2745151519775,Volt DC,10,T,2W,T,F,1.088959880
-0.1999680399895,Amp DC,1,5.5,F,F,F,F,F,F,Rear,F,Main,-4.2781267166138,Volt DC,10,T,2W,T,F,1.172732360
-0.1999632865191,Amp DC,1,5.5,F,F,F,F,F,F,Rear,F,Main,-4.2816491127014,Volt DC,10,T,2W,T,F,1.256495480
-0.1999691873789,Amp DC,1,5.5,F,F,F,F,F,F,Rear,F,Main,-4.2851934432983,Volt DC,10,T,2W,T,F,1.340252600
-0.1999645084143,Amp DC,1,5.5,F,F,F,F,F,F,Rear,F,Main,-4.2886562347412,Volt DC,10,T,2W,T,F,1.424013440
-0.199970304966,Amp DC,1,5.5,F,F,F,F,F,F,Rear,F,Main,-4.2920560836792,Volt DC,10,T,2W,T,F,1.507786380
-0.199966236949,Amp DC,1,5.5,F,F,F,F,F,F,Rear,F,Main,-4.2955183982849,Volt DC,10,T,2W,T,F,1.591547620
-0.1999725699425,Amp DC,1,5.5,F,F,F,F,F,F,Rear,F,Main,-4.2990794181824,Volt DC,10,T,2W,T,F,1.675311640
-0.1999714374542,Amp DC,1,5.5,F,F,F,F,F,F,Rear,F,Main,-4.3024058341980,Volt DC,10,T,2W,T,F,1.759087360
-0.1999609619379,Amp DC,1,5.5,F,F,F,F,F,F,Rear,F,Main,-4.3056845664978,Volt DC,10,T,2W,T,F,1.842829800
-0.199970304966,Amp DC,1,5.5,F,F,F,F,F,F,Rear,F,Main,-4.3088731765747,Volt DC,10,T,2W,T,F,1.926603580
-0.1999667584896,Amp DC,1,5.5,F,F,F,F,F,F,Rear,F,Main,-4.3118405342102,Volt DC,10,T,2W,T,F,2.010364720
-0.1999638974667,Amp DC,1,5.5,F,F,F,F,F,F,Rear,F,Main,-4.3148360252380,Volt DC,10,T,2W,T,F,2.094134520
-0.1999656558037,Amp DC,1,5.5,F,F,F,F,F,F,Rear,F,Main,-4.3177523612976,Volt DC,10,T,2W,T,F,2.177912160
-0.1999673694372,Amp DC,1,5.5,F,F,F,F,F,F,Rear,F,Main,-4.3210086822510,Volt DC,10,T,2W,T,F,2.261684140
-0.1999691277742,Amp DC,1,5.5,F,F,F,F,F,F,Rear,F,Main,-4.3238286972046,Volt DC,10,T,2W,T,F,2.345446900
-0.1999581605196,Amp DC,1,5.5,F,F,F,F,F,F,Rear,F,Main,-4.3265333175659,Volt DC,10,T,2W,T,F,2.429197840
-0.1999679803848,Amp DC,1,5.5,F,F,F,F,F,F,Rear,F,Main,-4.3298954963684,Volt DC,10,T,2W,T,F,2.512956180
-0.1999639123678,Amp DC,1,5.5,F,F,F,F,F,F,Rear,F,Main,-4.3327908515930,Volt DC,10,T,2W,T,F,2.596720200
-0.1999660730362,Amp DC,1,5.5,F,F,F,F,F,F,Rear,F,Main,-4.3354368209839,Volt DC,10,T,2W,T,F,2.680485560
-0.1999655514956,Amp DC,1,5.5,F,F,F,F,F,F,Rear,F,Main,-4.3382582664490,Volt DC,10,T,2W,T,F,2.764239880
-0.1999685019255,Amp DC,1,5.5,F,F,F,F,F,F,Rear,F,Main,-4.3411517143250,Volt DC,10,T,2W,T,F,2.847992880
-0.1999651193619,Amp DC,1,5.5,F,F,F,F,F,F,Rear,F,Main,-4.3435859680176,Volt DC,10,T,2W,T,F,2.931750300
-0.1999586671591,Amp DC,1,5.5,F,F,F,F,F,F,Rear,F,Main,-4.3464469909668,Volt DC,10,T,2W,T,F,3.015513280
-0.1999639123678,Amp DC,1,5.5,F,F,F,F,F,F,Rear,F,Main,-4.3493494987488,Volt DC,10,T,2W,T,F,3.099274280
-0.1999621242285,Amp DC,1,5.5,F,F,F,F,F,F,Rear,F,Main,-4.3520035743713,Volt DC,10,T,2W,T,F,3.183033020
-0.1999597847462,Amp DC,1,5.5,F,F,F,F,F,F,Rear,F,Main,-4.3546628952026,Volt DC,10,T,2W,T,F,3.266804500
-0.199962079525,Amp DC,1,5.5,F,F,F,F,F,F,Rear,F,Main,-4.3574681282043,Volt DC,10,T,2W,T,F,3.350551200
-0.1999568939209,Amp DC,1,5.5,F,F,F,F,F,F,Rear,F,Main,-4.3600816726685,Volt DC,10,T,2W,T,F,3.434310540
-0.1999638974667,Amp DC,1,5.5,F,F,F,F,F,F,Rear,F,Main,-4.3625388145447,Volt DC,10,T,2W,T,F,3.518065220
-0.1999603807926,Amp DC,1,5.5,F,F,F,F,F,F,Rear,F,Main,-4.3652338981628,Volt DC,10,T,2W,T,F,3.601820400
-0.1999650448561,Amp DC,1,5.5,F,F,F,F,F,F,Rear,F,Main,-4.3677611351013,Volt DC,10,T,2W,T,F,3.685563340
-0.1999638974667,Amp DC,1,5.5,F,F,F,F,F,F,Rear,F,Main,-4.3706207275391,Volt DC,10,T,2W,T,F,3.769325140
-0.1999615579844,Amp DC,1,5.5,F,F,F,F,F,F,Rear,F,Main,-4.3729815483093,Volt DC,10,T,2W,T,F,3.853091920
-0.1999609917402,Amp DC,1,5.5,F,F,F,F,F,F,Rear,F,Main,-4.3755888938904,Volt DC,10,T,2W,T,F,3.936850460
-0.1999603807926,Amp DC,1,5.5,F,F,F,F,F,F,Rear,F,Main,-4.3779349327087,Volt DC,10,T,2W,T,F,4.020606520
-0.1999615877867,Amp DC,1,5.5,F,F,F,F,F,F,Rear,F,Main,-4.3803930282593,Volt DC,10,T,2W,T,F,4.104362740
-0.199955150485,Amp DC,1,5.5,F,F,F,F,F,F,Rear,F,Main,-4.3828821182251,Volt DC,10,T,2W,T,F,4.188116620
-0.1999650746584,Amp DC,1,5.5,F,F,F,F,F,F,Rear,F,Main,-4.3854951858521,Volt DC,10,T,2W,T,F,4.271865840
-0.199962168932,Amp DC,1,5.5,F,F,F,F,F,F,Rear,F,Main,-4.3876481056213,Volt DC,10,T,2W,T,F,4.355622100
-0.1999539583921,Amp DC,1,5.5,F,F,F,F,F,F,Rear,F,Main,-4.3900222778320,Volt DC,10,T,2W,T,F,4.439381720
-0.1999597251415,Amp DC,1,5.5,F,F,F,F,F,F,Rear,F,Main,-4.3924236297607,Volt DC,10,T,2W,T,F,4.523131280
-0.1999598443508,Amp DC,1,5.5,F,F,F,F,F,F,Rear,F,Main,-4.3948483467102,Volt DC,10,T,2W,T,F,4.606889240
-0.1999586969614,Amp DC,1,5.5,F,F,F,F,F,F,Rear,F,Main,-4.3972682952881,Volt DC,10,T,2W,T,F,4.690653980
-0.1999575048685,Amp DC,1,5.5,F,F,F,F,F,F,Rear,F,Main,-4.3996438980103,Volt DC,10,T,2W,T,F,4.774420140
-0.1999592781067,Amp DC,1,5.5,F,F,F,F,F,F,Rear,F,Main,-4.4021644592285,Volt DC,10,T,2W,T,F,4.858174960
-0.1999597549438,Amp DC,1,5.5,F,F,F,F,F,F,Rear,F,Main,-4.4044494628906,Volt DC,10,T,2W,T,F,4.941931380
-0.1999574303627,Amp DC,1,5.5,F,F,F,F,F,F,Rear,F,Main,-4.4064831733704,Volt DC,10,T,2W,T,F,5.025690180
-0.1999574750662,Amp DC,1,5.5,F,F,F,F,F,F,Rear,F,Main,-4.4092984199524,Volt DC,10,T,2W,T,F,5.109437380
-0.1999575048685,Amp DC,1,5.5,F,F,F,F,F,F,Rear,F,Main,-4.4113440513611,Volt DC,10,T,2W,T,F,5.193197560
-0.1999592036009,Amp DC,1,5.5,F,F,F,F,F,F,Rear,F,Main,-4.4136557579041,Volt DC,10,T,2W,T,F,5.276954440
-0.1999521553516,Amp DC,1,5.5,F,F,F,F,F,F,Rear,F,Main,-4.4158473014832,Volt DC,10,T,2W,T,F,5.360750880
-0.1999557763338,Amp DC,1,5.5,F,F,F,F,F,F,Rear,F,Main,-4.4178905487061,Volt DC,10,T,2W,T,F,5.444507420
-0.1999563276768,Amp DC,1,5.5,F,F,F,F,F,F,Rear,F,Main,-4.4200792312622,Volt DC,10,T,2W,T,F,5.528251180
-0.1999520361423,Amp DC,1,5.5,F,F,F,F,F,F,Rear,F,Main,-4.4224872589111,Volt DC,10,T,2W,T,F,5.612022480
-0.1999532729387,Amp DC,1,5.5,F,F,F,F,F,F,Rear,F,Main,-4.4245824813843,Volt DC,10,T,2W,T,F,5.695789040
-0.1999556720257,Amp DC,1,5.5,F,F,F,F,F,F,Rear,F,Main,-4.4263339042664,Volt DC,10,T,2W,T,F,5.779539440
-0.1999528110027,Amp DC,1,5.5,F,F,F,F,F,F,Rear,F,Main,-4.4284834861755,Volt DC,10,T,2W,T,F,5.863311580
-0.1999545842409,Amp DC,1,5.5,F,F,F,F,F,F,Rear,F,Main,-4.4308209419250,Volt DC,10,T,2W,T,F,5.947071500
-0.1999586671591,Amp DC,1,5.5,F,F,F,F,F,F,Rear,F,Main,-4.4329504966736,Volt DC,10,T,2W,T,F,6.030822760
-0.1999528855085,Amp DC,1,5.5,F,F,F,F,F,F,Rear,F,Main,-4.4350371360779,Volt DC,10,T,2W,T,F,6.114581920
-0.1999527662992,Amp DC,1,5.5,F,F,F,F,F,F,Rear,F,Main,-4.4370265007019,Volt DC,10,T,2W,T,F,6.198355580
-0.1999504566193,Amp DC,1,5.5,F,F,F,F,F,F,Rear,F,Main,-4.4392533302307,Volt DC,10,T,2W,T,F,6.282139380
-0.1999550163746,Amp DC,1,5.5,F,F,F,F,F,F,Rear,F,Main,-4.4413661956787,Volt DC,10,T,2W,T,F,6.365890200
-0.1999532878399,Amp DC,1,5.5,F,F,F,F,F,F,Rear,F,Main,-4.4435319900513,Volt DC,10,T,2W,T,F,6.449640600
-0.1999514698982,Amp DC,1,5.5,F,F,F,F,F,F,Rear,F,Main,-4.4455661773682,Volt DC,10,T,2W,T,F,6.533418720
-0.1999504566193,Amp DC,1,5.5,F,F,F,F,F,F,Rear,F,Main,-4.4475502967834,Volt DC,10,T,2W,T,F,6.617170680
-0.1999522596598,Amp DC,1,5.5,F,F,F,F,F,F,Rear,F,Main,-4.4491515159607,Volt DC,10,T,2W,T,F,6.700950760
-0.1999439895153,Amp DC,1,5.5,F,F,F,F,F,F,Rear,F,Main,-4.4513101577759,Volt DC,10,T,2W,T,F,6.784720020
-0.1999487429857,Amp DC,1,5.5,F,F,F,F,F,F,Rear,F,Main,-4.4533071517944,Volt DC,10,T,2W,T,F,6.868492960
-0.1999485641718,Amp DC,1,5.5,F,F,F,F,F,F,Rear,F,Main,-4.4549636840820,Volt DC,10,T,2W,T,F,6.952255460
-0.1999481320381,Amp DC,1,5.5,F,F,F,F,F,F,Rear,F,Main,-4.4569950103760,Volt DC,10,T,2W,T,F,7.036042120
-0.1999522894621,Amp DC,1,5.5,F,F,F,F,F,F,Rear,F,Main,-4.4587907791138,Volt DC,10,T,2W,T,F,7.119845260
-0.1999534070492,Amp DC,1,5.5,F,F,F,F,F,F,Rear,F,Main,-4.4605612754822,Volt DC,10,T,2W,T,F,7.203614860
-0.1999475508928,Amp DC,1,5.5,F,F,F,F,F,F,Rear,F,Main,-4.4626603126526,Volt DC,10,T,2W,T,F,7.287381380
-0.1999458521605,Amp DC,1,5.5,F,F,F,F,F,F,Rear,F,Main,-4.4648103713989,Volt DC,10,T,2W,T,F,7.371151240
-0.1999516189098,Amp DC,1,5.5,F,F,F,F,F,F,Rear,F,Main,-4.4667243957520,Volt DC,10,T,2W,T,F,7.454938100
-0.1999480575323,Amp DC,1,5.5,F,F,F,F,F,F,Rear,F,Main,-4.4684009552002,Volt DC,10,T,2W,T,F,7.538705120
-0.1999457329512,Amp DC,1,5.5,F,F,F,F,F,F,Rear,F,Main,-4.4704051017761,Volt DC,10,T,2W,T,F,7.622484320
-0.1999498307705,Amp DC,1,5.5,F,F,F,F,F,F,Rear,F,Main,-4.4721684455872,Volt DC,10,T,2W,T,F,7.706251520
-0.1999499201775,Amp DC,1,5.5,F,F,F,F,F,F,Rear,F,Main,-4.4741067886353,Volt DC,10,T,2W,T,F,7.790040700
-0.1999422460794,Amp DC,1,5.5,F,F,F,F,F,F,Rear,F,Main,-4.4758358001709,Volt DC,10,T,2W,T,F,7.873835080
-0.1999446600676,Amp DC,1,5.5,F,F,F,F,F,F,Rear,F,Main,-4.4778099060059,Volt DC,10,T,2W,T,F,7.957604680
-0.1999493539333,Amp DC,1,5.5,F,F,F,F,F,F,Rear,F,Main,-4.4796304702759,Volt DC,10,T,2W,T,F,8.041380960
-0.1999446600676,Amp DC,1,5.5,F,F,F,F,F,F,Rear,F,Main,-4.4814867973328,Volt DC,10,T,2W,T,F,8.125169320
-0.1999487429857,Amp DC,1,5.5,F,F,F,F,F,F,Rear,F,Main,-4.4832649230957,Volt DC,10,T,2W,T,F,8.208954200
-0.1999516636133,Amp DC,1,5.5,F,F,F,F,F,F,Rear,F,Main,-4.4848804473877,Volt DC,10,T,2W,T,F,8.292716140
-0.1999446898699,Amp DC,1,5.5,F,F,F,F,F,F,Rear,F,Main,-4.4865221977234,Volt DC,10,T,2W,T,F,8.376503700
-0.1999412029982,Amp DC,1,5.5,F,F,F,F,F,F,Rear,F,Main,-4.4881577491760,Volt DC,10,T,2W,T,F,8.460283360
-0.1999457627535,Amp DC,1,5.5,F,F,F,F,F,F,Rear,F,Main,-4.4901676177979,Volt DC,10,T,2W,T,F,8.544046900
-0.1999492794275,Amp DC,1,5.5,F,F,F,F,F,F,Rear,F,Main,-4.4920930862427,Volt DC,10,T,2W,T,F,8.627830980
-0.1999481469393,Amp DC,1,5.5,F,F,F,F,F,F,Rear,F,Main,-4.4938573837280,Volt DC,10,T,2W,T,F,8.711605380
-0.1999516487122,Amp DC,1,5.5,F,F,F,F,F,F,Rear,F,Main,-4.4954857826233,Volt DC,10,T,2W,T,F,8.795373140
-0.1999434828758,Amp DC,1,5.5,F,F,F,F,F,F,Rear,F,Main,-4.4973711967468,Volt DC,10,T,2W,T,F,8.879145980
-0.1999441087246,Amp DC,1,5.5,F,F,F,F,F,F,Rear,F,Main,-4.4990372657776,Volt DC,10,T,2W,T,F,8.962913100
-0.1999417096376,Amp DC,1,5.5,F,F,F,F,F,F,Rear,F,Main,-4.5009536743164,Volt DC,10,T,2W,T,F,9.046681260
-0.1999352425337,Amp DC,1,5.5,F,F,F,F,F,F,Rear,F,Main,-4.5026259422302,Volt DC,10,T,2W,T,F,9.130453900
-0.1995414048433,Amp DC,1,5.5,F,F,F,F,F,F,Rear,F,Main,-4.4997367858887,Volt DC,10,T,2W,F,F,9.214219300
-0.1946201771498,Amp DC,1,5.5,F,F,F,F,F,F,Rear,F,Main,-4.4499979019165,Volt DC,10,T,2W,F,F,9.298007320
-0.189677849412,Amp DC,1,5.5,F,F,F,F,F,F,Rear,F,Main,-4.3998966217041,Volt DC,10,T,2W,F,F,9.381789800
-0.1847290992737,Amp DC,1,5.5,F,F,F,F,F,F,Rear,F,Main,-4.3497791290283,Volt DC,10,T,2W,F,F,9.465537760
-0.1797984838486,Amp DC,1,5.5,F,F,F,F,F,F,Rear,F,Main,-4.2996997833252,Volt DC,10,T,2W,F,F,9.549303900
-0.1749524027109,Amp DC,1,5.5,F,F,F,F,F,F,Rear,F,Main,-4.2499046325684,Volt DC,10,T,2W,F,F,9.633076620
-0.1700846999884,Amp DC,1,5.5,F,F,F,F,F,F,Rear,F,Main,-4.1998195648193,Volt DC,10,T,2W,F,F,9.716855540
-0.165270164609,Amp DC,1,5.5,F,F,F,F,F,F,Rear,F,Main,-4.1497073173523,Volt DC,10,T,2W,F,F,9.800616300
-0.160557076335,Amp DC,1,5.5,F,F,F,F,F,F,Rear,F,Main,-4.0999360084534,Volt DC,10,T,2W,F,F,9.884381880
-0.1558353155851,Amp DC,1,5.5,F,F,F,F,F,F,Rear,F,Main,-4.0498528480530,Volt DC,10,T,2W,F,F,9.968151180
-0.1511840671301,Amp DC,1,5.5,F,F,F,F,F,F,Rear,F,Main,-3.9997339248657,Volt DC,10,T,2W,F,F,10.051910720
-0.1465976983309,Amp DC,1,5.5,F,F,F,F,F,F,Rear,F,Main,-3.9499752521515,Volt DC,10,T,2W,F,F,10.135690840
-0.1420538127422,Amp DC,1,5.5,F,F,F,F,F,F,Rear,F,Main,-3.8998150825500,Volt DC,10,T,2W,F,F,10.219440220
-0.1375613361597,Amp DC,1,5.5,F,F,F,F,F,F,Rear,F,Main,-3.8497388362885,Volt DC,10,T,2W,F,F,10.303205200
-0.133130684495,Amp DC,1,5.5,F,F,F,F,F,F,Rear,F,Main,-3.7996706962585,Volt DC,10,T,2W,F,F,10.386972160
-0.1287892758846,Amp DC,1,5.5,F,F,F,F,F,F,Rear,F,Main,-3.7498652935028,Volt DC,10,T,2W,F,F,10.470747700
-0.1244939640164,Amp DC,1,5.5,F,F,F,F,F,F,Rear,F,Main,-3.6997921466827,Volt DC,10,T,2W,F,F,10.554521600
-0.1202506497502,Amp DC,1,5.5,F,F,F,F,F,F,Rear,F,Main,-3.6496734619141,Volt DC,10,T,2W,F,F,10.638291820
-0.1161006391048,Amp DC,1,5.5,F,F,F,F,F,F,Rear,F,Main,-3.5999083518982,Volt DC,10,T,2W,F,F,10.722074280
-0.1119827106595,Amp DC,1,5.5,F,F,F,F,F,F,Rear,F,Main,-3.5498008728027,Volt DC,10,T,2W,F,F,10.805835660
-0.1079400107265,Amp DC,1,5.5,F,F,F,F,F,F,Rear,F,Main,-3.4997227191925,Volt DC,10,T,2W,F,F,10.889619200
-0.1039994135499,Amp DC,1,5.5,F,F,F,F,F,F,Rear,F,Main,-3.4499804973602,Volt DC,10,T,2W,F,F,10.973383120
-0.1000740379095,Amp DC,1,5.5,F,F,F,F,F,F,Rear,F,Main,-3.3998403549194,Volt DC,10,T,2W,F,F,11.057150680
-0.09610303491354,Amp DC,.1,5.5,F,F,F,F,F,F,Rear,F,Main,-3.3497035503387,Volt DC,10,T,2W,F,F,11.261161860
-0.09234403073788,Amp DC,.1,5.5,F,F,F,F,F,F,Rear,F,Main,-3.2995789051056,Volt DC,10,T,2W,F,F,11.344944980
-0.08867451548576,Amp DC,.1,5.5,F,F,F,F,F,F,Rear,F,Main,-3.2498207092285,Volt DC,10,T,2W,F,F,11.428692940
-0.08506003767252,Amp DC,.1,5.5,F,F,F,F,F,F,Rear,F,Main,-3.1997671127319,Volt DC,10,T,2W,F,F,11.512437380
-0.08150485157967,Amp DC,.1,5.5,F,F,F,F,F,F,Rear,F,Main,-3.1496491432190,Volt DC,10,T,2W,F,F,11.596173860
-0.07804339379072,Amp DC,.1,5.5,F,F,F,F,F,F,Rear,F,Main,-3.0999159812927,Volt DC,10,T,2W,F,F,11.679923180
-0.07463437318802,Amp DC,.1,5.5,F,F,F,F,F,F,Rear,F,Main,-3.0497703552246,Volt DC,10,T,2W,F,F,11.763682880
-0.07129037380219,Amp DC,.1,5.5,F,F,F,F,F,F,Rear,F,Main,-2.9996948242188,Volt DC,10,T,2W,F,F,11.847425760
-0.06804702430964,Amp DC,.1,5.5,F,F,F,F,F,F,Rear,F,Main,-2.9499089717865,Volt DC,10,T,2W,F,F,11.931213640
-0.06485553830862,Amp DC,.1,5.5,F,F,F,F,F,F,Rear,F,Main,-2.8998236656189,Volt DC,10,T,2W,F,F,12.014981680
-0.06174010783434,Amp DC,.1,5.5,F,F,F,F,F,F,Rear,F,Main,-2.8497645854950,Volt DC,10,T,2W,F,F,12.098746760
-0.05869802832603,Amp DC,.1,5.5,F,F,F,F,F,F,Rear,F,Main,-2.7996368408203,Volt DC,10,T,2W,F,F,12.182513920
-0.05575414001942,Amp DC,.1,5.5,F,F,F,F,F,F,Rear,F,Main,-2.7498812675476,Volt DC,10,T,2W,F,F,12.266291920
-0.05285841599107,Amp DC,.1,5.5,F,F,F,F,F,F,Rear,F,Main,-2.6997437477112,Volt DC,10,T,2W,F,F,12.350084260
-0.05004154518247,Amp DC,.1,5.5,F,F,F,F,F,F,Rear,F,Main,-2.6496505737305,Volt DC,10,T,2W,F,F,12.433845520
-0.04732191562653,Amp DC,.1,5.5,F,F,F,F,F,F,Rear,F,Main,-2.5999138355255,Volt DC,10,T,2W,F,F,12.517627480
-0.044653236866,Amp DC,.1,5.5,F,F,F,F,F,F,Rear,F,Main,-2.5497605800629,Volt DC,10,T,2W,F,F,12.601404860
-0.04206050559878,Amp DC,.1,5.5,F,F,F,F,F,F,Rear,F,Main,-2.4996829032898,Volt DC,10,T,2W,F,F,12.685176160
-0.03955851122737,Amp DC,.1,5.5,F,F,F,F,F,F,Rear,F,Main,-2.4499096870422,Volt DC,10,T,2W,F,F,12.768950100
-0.03712070733309,Amp DC,.1,5.5,F,F,F,F,F,F,Rear,F,Main,-2.3998317718506,Volt DC,10,T,2W,F,F,12.852715200
-0.03475610911846,Amp DC,.1,5.5,F,F,F,F,F,F,Rear,F,Main,-2.3496925830841,Volt DC,10,T,2W,F,F,12.936469080
-0.032471280545,Amp DC,.1,5.5,F,F,F,F,F,F,Rear,F,Main,-2.2996306419373,Volt DC,10,T,2W,F,F,13.020226840
-0.03027472645044,Amp DC,.1,5.5,F,F,F,F,F,F,Rear,F,Main,-2.2498857975006,Volt DC,10,T,2W,F,F,13.103975520
-0.02813553251326,Amp DC,.1,5.5,F,F,F,F,F,F,Rear,F,Main,-2.1997470855713,Volt DC,10,T,2W,F,F,13.187734300
-0.02607795409858,Amp DC,.1,5.5,F,F,F,F,F,F,Rear,F,Main,-2.1496770381927,Volt DC,10,T,2W,F,F,13.271511600
-0.02410719171166,Amp DC,.1,5.5,F,F,F,F,F,F,Rear,F,Main,-2.0999057292938,Volt DC,10,T,2W,F,F,13.355281620
-0.02219677716494,Amp DC,.1,5.5,F,F,F,F,F,F,Rear,F,Main,-2.0498008728027,Volt DC,10,T,2W,F,F,13.439052800
-0.02036509476602,Amp DC,.1,5.5,F,F,F,F,F,F,Rear,F,Main,-1.9997191429138,Volt DC,10,T,2W,F,F,13.522824240
-0.0186176802963,Amp DC,.1,5.5,F,F,F,F,F,F,Rear,F,Main,-1.9499325752258,Volt DC,10,T,2W,F,F,13.606573800
-0.01693649217486,Amp DC,.1,5.5,F,F,F,F,F,F,Rear,F,Main,-1.8998336791992,Volt DC,10,T,2W,F,F,13.690334900
-0.01533290930092,Amp DC,.1,5.5,F,F,F,F,F,F,Rear,F,Main,-1.8497198820114,Volt DC,10,T,2W,F,F,13.774107440
-0.01380844973028,Amp DC,.1,5.5,F,F,F,F,F,F,Rear,F,Main,-1.7996473312378,Volt DC,10,T,2W,F,F,13.857887120
-0.01237385347486,Amp DC,.1,5.5,F,F,F,F,F,F,Rear,F,Main,-1.7498598098755,Volt DC,10,T,2W,F,F,13.941637280
-0.0110072940588,Amp DC,.1,5.5,F,F,F,F,F,F,Rear,F,Main,-1.6997761726379,Volt DC,10,T,2W,F,F,14.025420540
-0.009699307382107,Amp DC,.01,5.5,F,F,F,F,F,F,Rear,F,Main,-1.6496022939682,Volt DC,10,T,2W,F,F,14.263475400
-0.008511872030795,Amp DC,.01,5.5,F,F,F,F,F,F,Rear,F,Main,-1.5997986793518,Volt DC,10,T,2W,F,F,14.347262580
-0.007401925045997,Amp DC,.01,5.5,F,F,F,F,F,F,Rear,F,Main,-1.5497360229492,Volt DC,10,T,2W,F,F,14.431021260
-0.00637509021908,Amp DC,.01,5.5,F,F,F,F,F,F,Rear,F,Main,-1.4996234178543,Volt DC,10,T,2W,F,F,14.514811560
-0.005441728513688,Amp DC,.01,5.5,F,F,F,F,F,F,Rear,F,Main,-1.4498969316483,Volt DC,10,T,2W,F,F,14.598582500
-0.004587505012751,Amp DC,.01,5.5,F,F,F,F,F,F,Rear,F,Main,-1.3998303413391,Volt DC,10,T,2W,F,F,14.682363840
-0.003819568315521,Amp DC,.01,5.5,F,F,F,F,F,F,Rear,F,Main,-1.3496882915497,Volt DC,10,T,2W,F,F,14.766143020
-0.003137934487313,Amp DC,.01,5.5,F,F,F,F,F,F,Rear,F,Main,-1.2996108531952,Volt DC,10,T,2W,F,F,14.849912720
-0.002543754177168,Amp DC,.01,5.5,F,F,F,F,F,F,Rear,F,Main,-1.2498079538345,Volt DC,10,T,2W,F,F,14.933698840
-0.00202747178264,Amp DC,.01,5.5,F,F,F,F,F,F,Rear,F,Main,-1.1997135877609,Volt DC,10,T,2W,F,F,15.017453120
-0.001590191735886,Amp DC,.01,5.5,F,F,F,F,F,F,Rear,F,Main,-1.1496244668961,Volt DC,10,T,2W,F,F,15.101223260
-0.001227410160936,Amp DC,.01,5.5,F,F,F,F,F,F,Rear,F,Main,-1.0998638868332,Volt DC,10,T,2W,F,F,15.184993860
-0.00091869791504,Amp DC,.001,5.5,F,F,F,F,F,F,Rear,F,Main,-1.0496907234192,Volt DC,10,T,2W,F,F,15.423035380
-0.0006866761832498,Amp DC,.001,5.5,F,F,F,F,F,F,Rear,F,Main,-0.9995769858360,Volt DC,10,T,2W,F,F,15.506836240
-0.0005041413824074,Amp DC,.001,5.5,F,F,F,F,F,F,Rear,F,Main,-0.9498429298401,Volt DC,10,T,2W,F,F,15.590613960
-0.000362403690815,Amp DC,.001,5.5,F,F,F,F,F,F,Rear,F,Main,-0.8997295498848,Volt DC,10,T,2W,F,F,15.674390060
-0.0002563025045674,Amp DC,.001,5.5,F,F,F,F,F,F,Rear,F,Main,-0.8496574163437,Volt DC,10,T,2W,F,F,15.758135760
-0.0001785896747606,Amp DC,.001,5.5,F,F,F,F,F,F,Rear,F,Main,-0.7995938658714,Volt DC,10,T,2W,F,F,15.841924280
-0.0001227821630891,Amp DC,.001,5.5,F,F,F,F,F,F,Rear,F,Main,-0.7498441934586,Volt DC,10,T,2W,F,F,15.925685020
-8.084237197181e-05,Amp DC,.0001,5.5,F,F,F,F,F,F,Rear,F,Main,-0.6996600031853,Volt DC,10,T,2W,F,F,16.167751820
-5.442162728286e-05,Amp DC,.0001,5.5,F,F,F,F,F,F,Rear,F,Main,-0.6495471596718,Volt DC,10,T,2W,F,F,16.251549360
-3.589064726839e-05,Amp DC,.0001,5.5,F,F,F,F,F,F,Rear,F,Main,-0.5998123288155,Volt DC,10,T,2W,F,F,16.335306480
-2.316361133126e-05,Amp DC,.0001,5.5,F,F,F,F,F,F,Rear,F,Main,-0.5497370958328,Volt DC,10,T,2W,F,F,16.419070940
-1.464959041186e-05,Amp DC,.0001,5.5,F,F,F,F,F,F,Rear,F,Main,-0.4996137022972,Volt DC,10,T,2W,F,F,16.502826260
-8.846071068547e-06,Amp DC,.00001,5.5,F,F,F,F,F,F,Rear,F,Main,-0.4498240649700,Volt DC,10,T,2W,F,F,16.748891420
-5.358077487472e-06,Amp DC,.00001,5.5,F,F,F,F,F,F,Rear,F,Main,-0.3997527956963,Volt DC,10,T,2W,F,F,16.833683460
-3.077314204347e-06,Amp DC,.00001,5.5,F,F,F,F,F,F,Rear,F,Main,-0.3496671617031,Volt DC,10,T,2W,F,F,16.918469160
-1.632437829358e-06,Amp DC,.00001,5.5,F,F,F,F,F,F,Rear,F,Main,-0.2995598912239,Volt DC,10,T,2W,F,F,17.003226360
-7.801809260854e-07,Amp DC,.000001,5.5,F,F,F,F,F,F,Rear,F,Main,-0.2497438490391,Volt DC,10,T,2W,F,F,17.254300440
-3.477908308014e-07,Amp DC,.000001,5.5,F,F,F,F,F,F,Rear,F,Main,-0.1996775716543,Volt DC,10,T,2W,F,F,17.354825440
-1.508071818535e-07,Amp DC,.000001,5.5,F,F,F,F,F,F,Rear,F,Main,-0.1495935767889,Volt DC,10,T,2W,F,F,17.455319000
-6.45243929398e-08,Amp DC,.0000001,5.5,F,F,F,F,F,F,Rear,F,Main,-0.0997595041990,Volt DC,10,T,2W,F,F,17.759650200
-2.300193280291e-08,Amp DC,.0000001,5.5,F,F,F,F,F,F,Rear,F,Main,-0.0496984757483,Volt DC,10,T,2W,F,F,18.254493860
3.676750848225e-10,Amp DC,.00000001,5.5,F,F,F,F,F,F,Rear,F,Main,0.0003761306289,Volt DC,10,T,2W,F,F,18.935048360
1.541094007962e-08,Amp DC,.0000001,5.5,F,F,F,F,F,F,Rear,F,Main,0.0498863458633,Volt DC,10,T,2W,F,F,20.086945880
2.685875166719e-08,Amp DC,.0000001,5.5,F,F,F,F,F,F,Rear,F,Main,0.0996458455920,Volt DC,10,T,2W,F,F,20.581820020
3.619690858159e-08,Amp DC,.0000001,5.5,F,F,F,F,F,F,Rear,F,Main,0.1497170627117,Volt DC,10,T,2W,F,F,21.076656220
4.405652376249e-08,Amp DC,.0000001,5.5,F,F,F,F,F,F,Rear,F,Main,0.1998159587383,Volt DC,10,T,2W,F,F,21.571501540
5.082360132747e-08,Amp DC,.0000001,5.5,F,F,F,F,F,F,Rear,F,Main,0.2498965114355,Volt DC,10,T,2W,F,F,22.066317660
5.670479552577e-08,Amp DC,.0000001,5.5,F,F,F,F,F,F,Rear,F,Main,0.2996178269386,Volt DC,10,T,2W,F,F,22.561156540
6.195698176725e-08,Amp DC,.0000001,5.5,F,F,F,F,F,F,Rear,F,Main,0.3497442305088,Volt DC,10,T,2W,F,F,23.056001740
6.664554774716e-08,Amp DC,.0000001,5.5,F,F,F,F,F,F,Rear,F,Main,0.3998199105263,Volt DC,10,T,2W,F,F,23.550847440
7.084679509717e-08,Amp DC,.0000001,5.5,F,F,F,F,F,F,Rear,F,Main,0.4495885670185,Volt DC,10,T,2W,F,F,24.045687620
7.46798889395e-08,Amp DC,.0000001,5.5,F,F,F,F,F,F,Rear,F,Main,0.4996524453163,Volt DC,10,T,2W,F,F,24.540526120
7.818045588692e-08,Amp DC,.0000001,5.5,F,F,F,F,F,F,Rear,F,Main,0.5497710704803,Volt DC,10,T,2W,F,F,25.035356920
8.135902618278e-08,Amp DC,.0000001,5.5,F,F,F,F,F,F,Rear,F,Main,0.5995129346848,Volt DC,10,T,2W,F,F,25.530195580
8.428765596591e-08,Amp DC,.0000001,5.5,F,F,F,F,F,F,Rear,F,Main,0.6495792269707,Volt DC,10,T,2W,F,F,26.025027400
8.702331655286e-08,Amp DC,.0000001,5.5,F,F,F,F,F,F,Rear,F,Main,0.6997186541557,Volt DC,10,T,2W,F,F,26.519862700
8.953111318988e-08,Amp DC,.0000001,5.5,F,F,F,F,F,F,Rear,F,Main,0.7498012781143,Volt DC,10,T,2W,F,F,27.014683000
9.183116844724e-08,Amp DC,.0000001,5.5,F,F,F,F,F,F,Rear,F,Main,0.7995707392693,Volt DC,10,T,2W,F,F,27.509530560
9.402810263737e-08,Amp DC,.0000001,5.5,F,F,F,F,F,F,Rear,F,Main,0.8496499061584,Volt DC,10,T,2W,F,F,28.004367080
9.604311657085e-08,Amp DC,.0000001,5.5,F,F,F,F,F,F,Rear,F,Main,0.8997199535370,Volt DC,10,T,2W,F,F,28.499201060
9.794723609957e-08,Amp DC,.0000001,5.5,F,F,F,F,F,F,Rear,F,Main,0.9494941234589,Volt DC,10,T,2W,F,F,28.994046320
9.970442960139e-08,Amp DC,.0000001,5.5,F,F,F,F,F,F,Rear,F,Main,0.9995790123940,Volt DC,10,T,2W,F,F,29.488860200
1.013899861846e-07,Amp DC,.0000001,5.5,F,F,F,F,F,F,Rear,F,Main,1.0497102737427,Volt DC,10,T,2W,F,F,29.983681140
1.030089293863e-07,Amp DC,.0000001,5.5,F,F,F,F,F,F,Rear,F,Main,1.0997878313065,Volt DC,10,T,2W,F,F,30.478517980
1.039867996155e-07,Amp DC,.000001,5.5,F,F,F,F,F,F,Rear,F,Main,1.1497595310211,Volt DC,10,T,2W,F,F,31.479570700
1.05824575769e-07,Amp DC,.000001,5.5,F,F,F,F,F,F,Rear,F,Main,1.1998479366302,Volt DC,10,T,2W,F,F,31.580106180
1.075895568192e-07,Amp DC,.000001,5.5,F,F,F,F,F,F,Rear,F,Main,1.2499406337738,Volt DC,10,T,2W,F,F,31.680595200
1.092683632464e-07,Amp DC,.000001,5.5,F,F,F,F,F,F,Rear,F,Main,1.2997312545776,Volt DC,10,T,2W,F,F,31.781103360
1.109313956249e-07,Amp DC,.000001,5.5,F,F,F,F,F,F,Rear,F,Main,1.3498219251633,Volt DC,10,T,2W,F,F,31.881591220
1.12499002114e-07,Amp DC,.000001,5.5,F,F,F,F,F,F,Rear,F,Main,1.3999513387680,Volt DC,10,T,2W,F,F,31.982090740
1.139995973176e-07,Amp DC,.000001,5.5,F,F,F,F,F,F,Rear,F,Main,1.4496908187866,Volt DC,10,T,2W,F,F,32.082568240
1.154646440682e-07,Amp DC,.000001,5.5,F,F,F,F,F,F,Rear,F,Main,1.4997696876526,Volt DC,10,T,2W,F,F,32.183058960
1.168802654661e-07,Amp DC,.000001,5.5,F,F,F,F,F,F,Rear,F,Main,1.5498943328857,Volt DC,10,T,2W,F,F,32.283547100
1.182575743996e-07,Amp DC,.000001,5.5,F,F,F,F,F,F,Rear,F,Main,1.5999895334244,Volt DC,10,T,2W,F,F,32.384038220
1.195677867827e-07,Amp DC,.000001,5.5,F,F,F,F,F,F,Rear,F,Main,1.6497635841370,Volt DC,10,T,2W,F,F,32.484538900
1.208529596397e-07,Amp DC,.000001,5.5,F,F,F,F,F,F,Rear,F,Main,1.6998445987701,Volt DC,10,T,2W,F,F,32.585024420
1.220961109993e-07,Amp DC,.000001,5.5,F,F,F,F,F,F,Rear,F,Main,1.7499339580536,Volt DC,10,T,2W,F,F,32.685504260
1.233190971561e-07,Amp DC,.000001,5.5,F,F,F,F,F,F,Rear,F,Main,1.7997162342072,Volt DC,10,T,2W,F,F,32.785996120
1.244857088523e-07,Amp DC,.000001,5.5,F,F,F,F,F,F,Rear,F,Main,1.8497992753983,Volt DC,10,T,2W,F,F,32.886483720
1.25645215121e-07,Amp DC,.000001,5.5,F,F,F,F,F,F,Rear,F,Main,1.8999137878418,Volt DC,10,T,2W,F,F,32.986971240
1.26765385744e-07,Amp DC,.000001,5.5,F,F,F,F,F,F,Rear,F,Main,1.9500001668930,Volt DC,10,T,2W,F,F,33.087456620
1.278292529605e-07,Amp DC,.000001,5.5,F,F,F,F,F,F,Rear,F,Main,1.9997791051865,Volt DC,10,T,2W,F,F,33.187942800
1.289330526788e-07,Amp DC,.000001,5.5,F,F,F,F,F,F,Rear,F,Main,2.0498697757721,Volt DC,10,T,2W,F,F,33.288432640
1.29961449602e-07,Amp DC,.000001,5.5,F,F,F,F,F,F,Rear,F,Main,2.0999677181244,Volt DC,10,T,2W,F,F,33.388919680
1.309711308295e-07,Amp DC,.000001,5.5,F,F,F,F,F,F,Rear,F,Main,2.1497411727905,Volt DC,10,T,2W,F,F,33.489401360
1.319474307593e-07,Amp DC,.000001,5.5,F,F,F,F,F,F,Rear,F,Main,2.1998169422150,Volt DC,10,T,2W,F,F,33.589887360
1.329145646878e-07,Amp DC,.000001,5.5,F,F,F,F,F,F,Rear,F,Main,2.2499449253082,Volt DC,10,T,2W,F,F,33.690360880
1.338935220474e-07,Amp DC,.000001,5.5,F,F,F,F,F,F,Rear,F,Main,2.3000245094299,Volt DC,10,T,2W,F,F,33.790837900
1.34800004048e-07,Amp DC,.000001,5.5,F,F,F,F,F,F,Rear,F,Main,2.3497614860535,Volt DC,10,T,2W,F,F,33.891328020
1.357141741209e-07,Amp DC,.000001,5.5,F,F,F,F,F,F,Rear,F,Main,2.3998918533325,Volt DC,10,T,2W,F,F,33.991807260
1.366115895962e-07,Amp DC,.000001,5.5,F,F,F,F,F,F,Rear,F,Main,2.4499633312225,Volt DC,10,T,2W,F,F,34.092300560
1.374831555268e-07,Amp DC,.000001,5.5,F,F,F,F,F,F,Rear,F,Main,2.4997541904449,Volt DC,10,T,2W,F,F,34.192785700
1.383417469469e-07,Amp DC,.000001,5.5,F,F,F,F,F,F,Rear,F,Main,2.5498416423798,Volt DC,10,T,2W,F,F,34.293274100
1.391856727651e-07,Amp DC,.000001,5.5,F,F,F,F,F,F,Rear,F,Main,2.5999870300293,Volt DC,10,T,2W,F,F,34.393756960
1.400006084395e-07,Amp DC,.000001,5.5,F,F,F,F,F,F,Rear,F,Main,2.6497194766998,Volt DC,10,T,2W,F,F,34.494247020
1.408320997598e-07,Amp DC,.000001,5.5,F,F,F,F,F,F,Rear,F,Main,2.6998147964478,Volt DC,10,T,2W,F,F,34.594727840
1.416364625584e-07,Amp DC,.000001,5.5,F,F,F,F,F,F,Rear,F,Main,2.7499377727509,Volt DC,10,T,2W,F,F,34.695193700
1.424173916575e-07,Amp DC,.000001,5.5,F,F,F,F,F,F,Rear,F,Main,2.8000261783600,Volt DC,10,T,2W,F,F,34.795689920
1.432408964774e-07,Amp DC,.000001,5.5,F,F,F,F,F,F,Rear,F,Main,2.8498170375824,Volt DC,10,T,2W,F,F,34.896168960
1.440188412971e-07,Amp DC,.000001,5.5,F,F,F,F,F,F,Rear,F,Main,2.8998978137970,Volt DC,10,T,2W,F,F,34.996639740
1.447371573704e-07,Amp DC,.000001,5.5,F,F,F,F,F,F,Rear,F,Main,2.9499723911285,Volt DC,10,T,2W,F,F,35.097121760
1.454981060078e-07,Amp DC,.000001,5.5,F,F,F,F,F,F,Rear,F,Main,2.9997410774231,Volt DC,10,T,2W,F,F,35.197625180
1.46253697153e-07,Amp DC,.000001,5.5,F,F,F,F,F,F,Rear,F,Main,3.0498268604279,Volt DC,10,T,2W,F,F,35.298121340
1.470216091093e-07,Amp DC,.000001,5.5,F,F,F,F,F,F,Rear,F,Main,3.0999667644501,Volt DC,10,T,2W,F,F,35.398631560
1.477499438352e-07,Amp DC,.000001,5.5,F,F,F,F,F,F,Rear,F,Main,3.1500465869904,Volt DC,10,T,2W,F,F,35.499126040
1.484348217673e-07,Amp DC,.000001,5.5,F,F,F,F,F,F,Rear,F,Main,3.1998367309570,Volt DC,10,T,2W,F,F,35.599597080
1.491927861252e-07,Amp DC,.000001,5.5,F,F,F,F,F,F,Rear,F,Main,3.2499005794525,Volt DC,10,T,2W,F,F,35.700094900
1.498785309195e-07,Amp DC,.000001,5.5,F,F,F,F,F,F,Rear,F,Main,3.2999746799469,Volt DC,10,T,2W,F,F,35.800583200
1.506238760385e-07,Amp DC,.000001,5.5,F,F,F,F,F,F,Rear,F,Main,3.3497562408447,Volt DC,10,T,2W,F,F,35.901077680
1.512884750809e-07,Amp DC,.000001,5.5,F,F,F,F,F,F,Rear,F,Main,3.3998467922211,Volt DC,10,T,2W,F,F,36.001569720
1.519932339988e-07,Amp DC,.000001,5.5,F,F,F,F,F,F,Rear,F,Main,3.4499676227570,Volt DC,10,T,2W,F,F,36.102081440
1.526713191424e-07,Amp DC,.000001,5.5,F,F,F,F,F,F,Rear,F,Main,3.5000770092010,Volt DC,10,T,2W,F,F,36.202563520
1.533603040116e-07,Amp DC,.000001,5.5,F,F,F,F,F,F,Rear,F,Main,3.5498087406158,Volt DC,10,T,2W,F,F,36.303063400
1.540735325989e-07,Amp DC,.000001,5.5,F,F,F,F,F,F,Rear,F,Main,3.5999076366425,Volt DC,10,T,2W,F,F,36.403545020
1.547193448914e-07,Amp DC,.000001,5.5,F,F,F,F,F,F,Rear,F,Main,3.6500058174133,Volt DC,10,T,2W,F,F,36.504038360
1.553660240461e-07,Amp DC,.000001,5.5,F,F,F,F,F,F,Rear,F,Main,3.6997768878937,Volt DC,10,T,2W,F,F,36.604526220
1.559603362011e-07,Amp DC,.000001,5.5,F,F,F,F,F,F,Rear,F,Main,3.7498562335968,Volt DC,10,T,2W,F,F,36.705006360
1.566722147572e-07,Amp DC,.000001,5.5,F,F,F,F,F,F,Rear,F,Main,3.8000051975250,Volt DC,10,T,2W,F,F,36.805490500
1.572977623709e-07,Amp DC,.000001,5.5,F,F,F,F,F,F,Rear,F,Main,3.8497238159180,Volt DC,10,T,2W,F,F,36.905992020
1.579796276019e-07,Amp DC,.000001,5.5,F,F,F,F,F,F,Rear,F,Main,3.8998091220856,Volt DC,10,T,2W,F,F,37.006479740
1.586713267443e-07,Amp DC,.000001,5.5,F,F,F,F,F,F,Rear,F,Main,3.9499659538269,Volt DC,10,T,2W,F,F,37.106965920
1.593559630919e-07,Amp DC,.000001,5.5,F,F,F,F,F,F,Rear,F,Main,4.0000452995300,Volt DC,10,T,2W,F,F,37.207434460
1.600022585535e-07,Amp DC,.000001,5.5,F,F,F,F,F,F,Rear,F,Main,4.0498142242432,Volt DC,10,T,2W,F,F,37.307926600
1.606341442084e-07,Amp DC,.000001,5.5,F,F,F,F,F,F,Rear,F,Main,4.0999317169189,Volt DC,10,T,2W,F,F,37.408389900
1.613068008055e-07,Amp DC,.000001,5.5,F,F,F,F,F,F,Rear,F,Main,4.1499919891357,Volt DC,10,T,2W,F,F,37.508884480
1.619674492304e-07,Amp DC,.000001,5.5,F,F,F,F,F,F,Rear,F,Main,4.1997656822205,Volt DC,10,T,2W,F,F,37.609374900
1.626058860893e-07,Amp DC,.000001,5.5,F,F,F,F,F,F,Rear,F,Main,4.2498855590820,Volt DC,10,T,2W,F,F,37.709880640
1.631791803902e-07,Amp DC,.000001,5.5,F,F,F,F,F,F,Rear,F,Main,4.2999873161316,Volt DC,10,T,2W,F,F,37.810379340
1.638894673306e-07,Amp DC,.000001,5.5,F,F,F,F,F,F,Rear,F,Main,4.3500747680664,Volt DC,10,T,2W,F,F,37.910886860
1.64435519423e-07,Amp DC,.000001,5.5,F,F,F,F,F,F,Rear,F,Main,4.3998060226440,Volt DC,10,T,2W,F,F,38.011372620
1.650127785524e-07,Amp DC,.000001,5.5,F,F,F,F,F,F,Rear,F,Main,4.4499340057373,Volt DC,10,T,2W,F,F,38.111848420
1.656562744756e-07,Amp DC,.000001,5.5,F,F,F,F,F,F,Rear,F,Main,4.5000023841858,Volt DC,10,T,2W,F,F,38.212345340
1.662854884898e-07,Amp DC,.000001,5.5,F,F,F,F,F,F,Rear,F,Main,4.5498013496399,Volt DC,10,T,2W,F,F,38.312828900
1.669627209822e-07,Amp DC,.000001,5.5,F,F,F,F,F,F,Rear,F,Main,4.5998983383179,Volt DC,10,T,2W,F,F,38.413318880
1.675516472233e-07,Amp DC,.000001,5.5,F,F,F,F,F,F,Rear,F,Main,4.6499910354614,Volt DC,10,T,2W,F,F,38.513799820
1.681131465148e-07,Amp DC,.000001,5.5,F,F,F,F,F,F,Rear,F,Main,4.6997294425964,Volt DC,10,T,2W,F,F,38.614257320
1.687264727934e-07,Amp DC,.000001,5.5,F,F,F,F,F,F,Rear,F,Main,4.7497968673706,Volt DC,10,T,2W,F,F,38.714756080
1.693953066706e-07,Amp DC,.000001,5.5,F,F,F,F,F,F,Rear,F,Main,4.7999439239502,Volt DC,10,T,2W,F,F,38.815216860
1.701440766055e-07,Amp DC,.000001,5.5,F,F,F,F,F,F,Rear,F,Main,4.8500270843506,Volt DC,10,T,2W,F,F,38.915696320
1.706888781428e-07,Amp DC,.000001,5.5,F,F,F,F,F,F,Rear,F,Main,4.8998031616211,Volt DC,10,T,2W,F,F,39.016166600
1.714116848461e-07,Amp DC,.000001,5.5,F,F,F,F,F,F,Rear,F,Main,4.9499139785767,Volt DC,10,T,2W,F,F,39.116643420
1.719513704757e-07,Amp DC,.000001,5.5,F,F,F,F,F,F,Rear,F,Main,4.9999542236328,Volt DC,10,T,2W,F,F,39.217118740
1.725673399733e-07,Amp DC,.000001,5.5,F,F,F,F,F,F,Rear,F,Main,5.0497331619263,Volt DC,10,T,2W,F,F,39.317616140
1.732320669134e-07,Amp DC,.000001,5.5,F,F,F,F,F,F,Rear,F,Main,5.0998048782349,Volt DC,10,T,2W,F,F,39.418100020
1.738675337037e-07,Amp DC,.000001,5.5,F,F,F,F,F,F,Rear,F,Main,5.1499481201172,Volt DC,10,T,2W,F,F,39.518564860
1.744281945548e-07,Amp DC,.000001,5.5,F,F,F,F,F,F,Rear,F,Main,5.2000360488892,Volt DC,10,T,2W,F,F,39.619069160
1.750175186999e-07,Amp DC,.000001,5.5,F,F,F,F,F,F,Rear,F,Main,5.2498130798340,Volt DC,10,T,2W,F,F,39.719542700
1.755239509293e-07,Amp DC,.000001,5.5,F,F,F,F,F,F,Rear,F,Main,5.2999396324158,Volt DC,10,T,2W,F,F,39.820021880
1.762244465908e-07,Amp DC,.000001,5.5,F,F,F,F,F,F,Rear,F,Main,5.3500070571899,Volt DC,10,T,2W,F,F,39.920509760
1.767594852708e-07,Amp DC,.000001,5.5,F,F,F,F,F,F,Rear,F,Main,5.3997640609741,Volt DC,10,T,2W,F,F,40.021006560
1.774820361788e-07,Amp DC,.000001,5.5,F,F,F,F,F,F,Rear,F,Main,5.4498524665833,Volt DC,10,T,2W,F,F,40.121462160
1.780659033557e-07,Amp DC,.000001,5.5,F,F,F,F,F,F,Rear,F,Main,5.5000104904175,Volt DC,10,T,2W,F,F,40.221953820
1.785505503449e-07,Amp DC,.000001,5.5,F,F,F,F,F,F,Rear,F,Main,5.5500869750977,Volt DC,10,T,2W,F,F,40.322434620
1.790991319695e-07,Amp DC,.000001,5.5,F,F,F,F,F,F,Rear,F,Main,5.5998158454895,Volt DC,10,T,2W,F,F,40.422910760
1.795862232257e-07,Amp DC,.000001,5.5,F,F,F,F,F,F,Rear,F,Main,5.6499576568604,Volt DC,10,T,2W,F,F,40.523405080
1.802387146199e-07,Amp DC,.000001,5.5,F,F,F,F,F,F,Rear,F,Main,5.7000088691711,Volt DC,10,T,2W,F,F,40.623889620
1.808387253277e-07,Amp DC,.000001,5.5,F,F,F,F,F,F,Rear,F,Main,5.7497820854187,Volt DC,10,T,2W,F,F,40.724378020
1.815361372337e-07,Amp DC,.000001,5.5,F,F,F,F,F,F,Rear,F,Main,5.7998781204224,Volt DC,10,T,2W,F,F,40.824857800
1.821018429382e-07,Amp DC,.000001,5.5,F,F,F,F,F,F,Rear,F,Main,5.8500161170959,Volt DC,10,T,2W,F,F,40.925342000
1.826932845006e-07,Amp DC,.000001,5.5,F,F,F,F,F,F,Rear,F,Main,5.8997559547424,Volt DC,10,T,2W,F,F,41.025815760
1.833784466498e-07,Amp DC,.000001,5.5,F,F,F,F,F,F,Rear,F,Main,5.9498181343079,Volt DC,10,T,2W,F,F,41.126284040
1.840271153242e-07,Amp DC,.000001,5.5,F,F,F,F,F,F,Rear,F,Main,5.9999628067017,Volt DC,10,T,2W,F,F,41.226781680
1.845977237735e-07,Amp DC,.000001,5.5,F,F,F,F,F,F,Rear,F,Main,6.0500292778015,Volt DC,10,T,2W,F,F,41.327239000
1.851900748306e-07,Amp DC,.000001,5.5,F,F,F,F,F,F,Rear,F,Main,6.0997858047485,Volt DC,10,T,2W,F,F,41.427717400
1.858726932369e-07,Amp DC,.000001,5.5,F,F,F,F,F,F,Rear,F,Main,6.1498875617981,Volt DC,10,T,2W,F,F,41.528195060
1.865737147e-07,Amp DC,.000001,5.5,F,F,F,F,F,F,Rear,F,Main,6.1999788284302,Volt DC,10,T,2W,F,F,41.628678700
1.870942725191e-07,Amp DC,.000001,5.5,F,F,F,F,F,F,Rear,F,Main,6.2497439384460,Volt DC,10,T,2W,F,F,41.729178720
1.879055844256e-07,Amp DC,.000001,5.5,F,F,F,F,F,F,Rear,F,Main,6.2998352050781,Volt DC,10,T,2W,F,F,41.829672780
1.882741003101e-07,Amp DC,.000001,5.5,F,F,F,F,F,F,Rear,F,Main,6.3499746322632,Volt DC,10,T,2W,F,F,41.930137660
1.889794845056e-07,Amp DC,.000001,5.5,F,F,F,F,F,F,Rear,F,Main,6.4000291824341,Volt DC,10,T,2W,F,F,42.030602240
1.897143562246e-07,Amp DC,.000001,5.5,F,F,F,F,F,F,Rear,F,Main,6.4498152732849,Volt DC,10,T,2W,F,F,42.131096360
1.901459114606e-07,Amp DC,.000001,5.5,F,F,F,F,F,F,Rear,F,Main,6.4999070167542,Volt DC,10,T,2W,F,F,42.231584200
1.908396001227e-07,Amp DC,.000001,5.5,F,F,F,F,F,F,Rear,F,Main,6.5499539375305,Volt DC,10,T,2W,F,F,42.332086480
1.916168770322e-07,Amp DC,.000001,5.5,F,F,F,F,F,F,Rear,F,Main,6.5997700691223,Volt DC,10,T,2W,F,F,42.432564600
1.922108339159e-07,Amp DC,.000001,5.5,F,F,F,F,F,F,Rear,F,Main,6.6498417854309,Volt DC,10,T,2W,F,F,42.533053000
1.928367083792e-07,Amp DC,.000001,5.5,F,F,F,F,F,F,Rear,F,Main,6.6999993324280,Volt DC,10,T,2W,F,F,42.633529740
1.935237037287e-07,Amp DC,.000001,5.5,F,F,F,F,F,F,Rear,F,Main,6.7497472763062,Volt DC,10,T,2W,F,F,42.734014300
1.941548504192e-07,Amp DC,.000001,5.5,F,F,F,F,F,F,Rear,F,Main,6.7997841835022,Volt DC,10,T,2W,F,F,42.834500080
1.948029506593e-07,Amp DC,.000001,5.5,F,F,F,F,F,F,Rear,F,Main,6.8499221801758,Volt DC,10,T,2W,F,F,42.934974440
1.954379342806e-07,Amp DC,.000001,5.5,F,F,F,F,F,F,Rear,F,Main,6.9000291824341,Volt DC,10,T,2W,F,F,43.035462840
1.959094788617e-07,Amp DC,.000001,5.5,F,F,F,F,F,F,Rear,F,Main,6.9497966766357,Volt DC,10,T,2W,F,F,43.135952680
1.968571012867e-07,Amp DC,.000001,5.5,F,F,F,F,F,F,Rear,F,Main,6.9998817443848,Volt DC,10,T,2W,F,F,43.236447840
1.974229633106e-07,Amp DC,.000001,5.5,F,F,F,F,F,F,Rear,F,Main,7.0499935150146,Volt DC,10,T,2W,F,F,43.336928360
1.97929310275e-07,Amp DC,.000001,5.5,F,F,F,F,F,F,Rear,F,Main,7.0997190475464,Volt DC,10,T,2W,F,F,43.437399440
1.987261555314e-07,Amp DC,.000001,5.5,F,F,F,F,F,F,Rear,F,Main,7.1497917175293,Volt DC,10,T,2W,F,F,43.537886300
1.995729235205e-07,Amp DC,.000001,5.5,F,F,F,F,F,F,Rear,F,Main,7.1999588012695,Volt DC,10,T,2W,F,F,43.638369560
2.003168049214e-07,Amp DC,.000001,5.5,F,F,F,F,F,F,Rear,F,Main,7.2500205039978,Volt DC,10,T,2W,F,F,43.738864680
2.010640827166e-07,Amp DC,.000001,5.5,F,F,F,F,F,F,Rear,F,Main,7.2998046875000,Volt DC,10,T,2W,F,F,43.839332980
2.016143128003e-07,Amp DC,.000001,5.5,F,F,F,F,F,F,Rear,F,Main,7.3499107360840,Volt DC,10,T,2W,F,F,43.939823200
2.023352720926e-07,Amp DC,.000001,5.5,F,F,F,F,F,F,Rear,F,Main,7.3999781608582,Volt DC,10,T,2W,F,F,44.040304380
2.030348298376e-07,Amp DC,.000001,5.5,F,F,F,F,F,F,Rear,F,Main,7.4497184753418,Volt DC,10,T,2W,F,F,44.140767380
2.03509586072e-07,Amp DC,.000001,5.5,F,F,F,F,F,F,Rear,F,Main,7.4998159408569,Volt DC,10,T,2W,F,F,44.241246520
2.041963114152e-07,Amp DC,.000001,5.5,F,F,F,F,F,F,Rear,F,Main,7.5499491691589,Volt DC,10,T,2W,F,F,44.341711840
2.049285967587e-07,Amp DC,.000001,5.5,F,F,F,F,F,F,Rear,F,Main,7.6000413894653,Volt DC,10,T,2W,F,F,44.442197340
2.056346914969e-07,Amp DC,.000001,5.5,F,F,F,F,F,F,Rear,F,Main,7.6497836112976,Volt DC,10,T,2W,F,F,44.542677340
2.062662076696e-07,Amp DC,.000001,5.5,F,F,F,F,F,F,Rear,F,Main,7.6998929977417,Volt DC,10,T,2W,F,F,44.643171700
2.070497941986e-07,Amp DC,.000001,5.5,F,F,F,F,F,F,Rear,F,Main,7.7499828338623,Volt DC,10,T,2W,F,F,44.743648820
2.077491672026e-07,Amp DC,.000001,5.5,F,F,F,F,F,F,Rear,F,Main,7.7997341156006,Volt DC,10,T,2W,F,F,44.844162020
2.084523629264e-07,Amp DC,.000001,5.5,F,F,F,F,F,F,Rear,F,Main,7.8498268127441,Volt DC,10,T,2W,F,F,44.944658960
2.088522279564e-07,Amp DC,.000001,5.5,F,F,F,F,F,F,Rear,F,Main,7.8999605178833,Volt DC,10,T,2W,F,F,45.045162560
2.096947611108e-07,Amp DC,.000001,5.5,F,F,F,F,F,F,Rear,F,Main,7.9497127532959,Volt DC,10,T,2W,F,F,45.145646580
2.104762444333e-07,Amp DC,.000001,5.5,F,F,F,F,F,F,Rear,F,Main,7.9997897148132,Volt DC,10,T,2W,F,F,45.246143620
2.110212733442e-07,Amp DC,.000001,5.5,F,F,F,F,F,F,Rear,F,Main,8.0498905181885,Volt DC,10,T,2W,F,F,45.346618320
2.117384809708e-07,Amp DC,.000001,5.5,F,F,F,F,F,F,Rear,F,Main,8.0999879837036,Volt DC,10,T,2W,F,F,45.447099940
2.123241245044e-07,Amp DC,.000001,5.5,F,F,F,F,F,F,Rear,F,Main,8.1497488021851,Volt DC,10,T,2W,F,F,45.547597680
2.129992964228e-07,Amp DC,.000001,5.5,F,F,F,F,F,F,Rear,F,Main,8.1998310089111,Volt DC,10,T,2W,F,F,45.648085420
2.137465315855e-07,Amp DC,.000001,5.5,F,F,F,F,F,F,Rear,F,Main,8.2499160766602,Volt DC,10,T,2W,F,F,45.748552860
2.144996926745e-07,Amp DC,.000001,5.5,F,F,F,F,F,F,Rear,F,Main,8.2997140884399,Volt DC,10,T,2W,F,F,45.849033280
2.151853095711e-07,Amp DC,.000001,5.5,F,F,F,F,F,F,Rear,F,Main,8.3497819900513,Volt DC,10,T,2W,F,F,45.949496320
2.159973462312e-07,Amp DC,.000001,5.5,F,F,F,F,F,F,Rear,F,Main,8.3999042510986,Volt DC,10,T,2W,F,F,46.050004340
2.164633201573e-07,Amp DC,.000001,5.5,F,F,F,F,F,F,Rear,F,Main,8.4500179290771,Volt DC,10,T,2W,F,F,46.150478560
2.173537296812e-07,Amp DC,.000001,5.5,F,F,F,F,F,F,Rear,F,Main,8.4997472763062,Volt DC,10,T,2W,F,F,46.250974960
2.181288749625e-07,Amp DC,.000001,5.5,F,F,F,F,F,F,Rear,F,Main,8.5498466491699,Volt DC,10,T,2W,F,F,46.351469820
2.187475729443e-07,Amp DC,.000001,5.5,F,F,F,F,F,F,Rear,F,Main,8.5999212265015,Volt DC,10,T,2W,F,F,46.451962160
2.195910866476e-07,Amp DC,.000001,5.5,F,F,F,F,F,F,Rear,F,Main,8.6497039794922,Volt DC,10,T,2W,F,F,46.552449480
2.204925095839e-07,Amp DC,.000001,5.5,F,F,F,F,F,F,Rear,F,Main,8.6998090744019,Volt DC,10,T,2W,F,F,46.652930160
2.209127387687e-07,Amp DC,.000001,5.5,F,F,F,F,F,F,Rear,F,Main,8.7499094009399,Volt DC,10,T,2W,F,F,46.753413140
2.216889640749e-07,Amp DC,.000001,5.5,F,F,F,F,F,F,Rear,F,Main,8.8000297546387,Volt DC,10,T,2W,F,F,46.853891220
2.225046671356e-07,Amp DC,.000001,5.5,F,F,F,F,F,F,Rear,F,Main,8.8497028350830,Volt DC,10,T,2W,F,F,46.954350040
2.229307369817e-07,Amp DC,.000001,5.5,F,F,F,F,F,F,Rear,F,Main,8.8998403549194,Volt DC,10,T,2W,F,F,47.054832680
2.241853849227e-07,Amp DC,.000001,5.5,F,F,F,F,F,F,Rear,F,Main,8.9499235153198,Volt DC,10,T,2W,F,F,47.155326080
2.246070067713e-07,Amp DC,.000001,5.5,F,F,F,F,F,F,Rear,F,Main,8.9997186660767,Volt DC,10,T,2W,F,F,47.255816460
2.253747908298e-07,Amp DC,.000001,5.5,F,F,F,F,F,F,Rear,F,Main,9.0498208999634,Volt DC,10,T,2W,F,F,47.356309200
2.261619584942e-07,Amp DC,.000001,5.5,F,F,F,F,F,F,Rear,F,Main,9.0999259948730,Volt DC,10,T,2W,F,F,47.456780200
2.270877104138e-07,Amp DC,.000001,5.5,F,F,F,F,F,F,Rear,F,Main,9.1496562957764,Volt DC,10,T,2W,F,F,47.557268400
2.274161090554e-07,Amp DC,.000001,5.5,F,F,F,F,F,F,Rear,F,Main,9.1997013092041,Volt DC,10,T,2W,F,F,47.657765520
2.281203563825e-07,Amp DC,.000001,5.5,F,F,F,F,F,F,Rear,F,Main,9.2498579025269,Volt DC,10,T,2W,F,F,47.758259160
2.291993155268e-07,Amp DC,.000001,5.5,F,F,F,F,F,F,Rear,F,Main,9.2999420166016,Volt DC,10,T,2W,F,F,47.858733300
2.295419534448e-07,Amp DC,.000001,5.5,F,F,F,F,F,F,Rear,F,Main,9.3497180938721,Volt DC,10,T,2W,F,F,47.959207560
2.306341144731e-07,Amp DC,.000001,5.5,F,F,F,F,F,F,Rear,F,Main,9.3998651504517,Volt DC,10,T,2W,F,F,48.059690380
2.311363829222e-07,Amp DC,.000001,5.5,F,F,F,F,F,F,Rear,F,Main,9.4498872756958,Volt DC,10,T,2W,F,F,48.160200280
2.318180065686e-07,Amp DC,.000001,5.5,F,F,F,F,F,F,Rear,F,Main,9.4996414184570,Volt DC,10,T,2W,F,F,48.260680060
2.324684373889e-07,Amp DC,.000001,5.5,F,F,F,F,F,F,Rear,F,Main,9.5497503280640,Volt DC,10,T,2W,F,F,48.361182660
2.332362782909e-07,Amp DC,.000001,5.5,F,F,F,F,F,F,Rear,F,Main,9.5998725891113,Volt DC,10,T,2W,F,F,48.461667040
2.34014279954e-07,Amp DC,.000001,5.5,F,F,F,F,F,F,Rear,F,Main,9.6499595642090,Volt DC,10,T,2W,F,F,48.562176800
2.348823642251e-07,Amp DC,.000001,5.5,F,F,F,F,F,F,Rear,F,Main,9.6997747421265,Volt DC,10,T,2W,F,F,48.662646980
2.357638777539e-07,Amp DC,.000001,5.5,F,F,F,F,F,F,Rear,F,Main,9.7498416900635,Volt DC,10,T,2W,F,F,48.763150420
2.368348930304e-07,Amp DC,.000001,5.5,F,F,F,F,F,F,Rear,F,Main,9.7998838424683,Volt DC,10,T,2W,F,F,48.863638600
2.374819132456e-07,Amp DC,.000001,5.5,F,F,F,F,F,F,Rear,F,Main,9.8496894836426,Volt DC,10,T,2W,F,F,48.964110700
2.381132730989e-07,Amp DC,.000001,5.5,F,F,F,F,F,F,Rear,F,Main,9.8997344970703,Volt DC,10,T,2W,F,F,49.064599700
2.388698874256e-07,Amp DC,.000001,5.5,F,F,F,F,F,F,Rear,F,Main,9.9498653411865,Volt DC,10,T,2W,F,F,49.165074000
2.394578189069e-07,Amp DC,.000001,5.5,F,F,F,F,F,F,Rear,F,Main,9.9996976852417,Volt DC,10,T,2W,F,F,49.265559360
