Style,Standard
Append Mode,1
Fill Mode,1
Capacity,100000
Count,401
Base Time Seconds,1615399252
Base Time Fractional,.903022620
Base Time,03/10/2021 18:00:52.903022620
Reading,Unit,Range Digits,Disp Digits,Math,Start Group,Limit1 High,Limit1 Low,Limit2 High,Limit2 Low,Terminal,Questionable,Origin,Value,Unit,Digits,Output,Sense,Source Limit,Overtemp,Relative Time
-3.301211526363e-10,Amp DC,.0000001,5.5,F,F,F,F,F,F,Front,F,Main,-9.9997110366821,Volt DC,10,T,2W,F,F,0.000000000
-1.438563712597e-10,Amp DC,.0000001,5.5,F,F,F,F,F,F,Front,F,Main,-9.9496078491211,Volt DC,10,T,2W,F,F,1.187300540
-1.497305751608e-10,Amp DC,.0000001,5.5,F,F,F,F,F,F,Front,F,Main,-9.8998203277588,Volt DC,10,T,2W,F,F,2.374616420
3.391550928988e-10,Amp DC,.00000001,5.5,F,F,F,F,F,F,Front,F,Main,-9.8653907775879,Volt DC,10,T,2W,F,F,3.055142740
-4.001873277204e-10,Amp DC,.0000001,5.5,F,F,F,F,F,F,Front,F,Main,-9.7996101379395,Volt DC,10,T,2W,F,F,4.206743300
-4.696016908667e-10,Amp DC,.0000001,5.5,F,F,F,F,F,F,Front,F,Main,-9.7498655319214,Volt DC,10,T,2W,F,F,5.394016440
-3.404957427122e-10,Amp DC,.00000001,5.5,F,F,F,F,F,F,Front,F,Main,-9.6634988784790,Volt DC,10,T,2W,F,F,6.074531520
-4.095976335883e-10,Amp DC,.0000001,5.5,F,F,F,F,F,F,Front,F,Main,-9.6496706008911,Volt DC,10,T,2W,F,F,7.226136980
-3.266546477754e-10,Amp DC,.0000001,5.5,F,F,F,F,F,F,Front,F,Main,-9.5999441146851,Volt DC,10,T,2W,F,F,8.413425480
-3.514574464791e-10,Amp DC,.00000001,5.5,F,F,F,F,F,F,Front,F,Main,-9.5141115188599,Volt DC,10,T,2W,F,F,9.093965460
-5.472399755568e-10,Amp DC,.0000001,5.5,F,F,F,F,F,F,Front,F,Main,-9.4996919631958,Volt DC,10,T,2W,F,F,10.245569940
-1.706659480405e-09,Amp DC,.00000001,5.5,F,F,F,F,F,F,Front,F,Main,-9.2899904251099,Volt DC,10,T,2W,F,F,10.926146200
-8.935823747613e-10,Amp DC,.00000001,5.5,F,F,F,F,F,F,Front,F,Main,-9.3256177902222,Volt DC,10,T,2W,F,F,11.471016040
-4.484719817732e-10,Amp DC,.0000001,5.5,F,F,F,F,F,F,Front,F,Main,-9.3497381210327,Volt DC,10,T,2W,F,F,12.622594080
4.79572992429e-10,Amp DC,.0000001,5.5,F,F,F,F,F,F,Front,F,Main,-9.2996263504028,Volt DC,10,T,2W,F,F,13.809871160
-3.706098761214e-10,Amp DC,.00000001,5.5,F,F,F,F,F,F,Front,F,Main,-9.2161188125610,Volt DC,10,T,2W,F,F,14.490419180
-4.015363597176e-10,Amp DC,.0000001,5.5,F,F,F,F,F,F,Front,F,Main,-9.1997404098511,Volt DC,10,T,2W,F,F,15.642025020
-3.58823415425e-10,Amp DC,.0000001,5.5,F,F,F,F,F,F,Front,F,Main,-9.1496715545654,Volt DC,10,T,2W,F,F,16.829302260
-3.785616542462e-10,Amp DC,.00000001,5.5,F,F,F,F,F,F,Front,F,Main,-9.0634927749634,Volt DC,10,T,2W,F,F,17.509863240
-4.072884807194e-10,Amp DC,.0000001,5.5,F,F,F,F,F,F,Front,F,Main,-9.0498123168945,Volt DC,10,T,2W,F,F,18.661472360
-3.87490539655e-10,Amp DC,.0000001,5.5,F,F,F,F,F,F,Front,F,Main,-8.9997110366821,Volt DC,10,T,2W,F,F,19.848787160
-3.851807484079e-10,Amp DC,.00000001,5.5,F,F,F,F,F,F,Front,F,Main,-8.9158697128296,Volt DC,10,T,2W,F,F,20.529312100
-3.248168956027e-10,Amp DC,.0000001,5.5,F,F,F,F,F,F,Front,F,Main,-8.8998870849609,Volt DC,10,T,2W,F,F,21.680923900
-3.39531402993e-10,Amp DC,.0000001,5.5,F,F,F,F,F,F,Front,F,Main,-8.8497152328491,Volt DC,10,T,2W,F,F,22.868217580
-3.293942341109e-10,Amp DC,.00000001,5.5,F,F,F,F,F,F,Front,F,Main,-8.7666053771973,Volt DC,10,T,2W,F,F,23.548767720
-3.68344243995e-10,Amp DC,.0000001,5.5,F,F,F,F,F,F,Front,F,Main,-8.7499132156372,Volt DC,10,T,2W,F,F,24.700386200
-4.807569342624e-10,Amp DC,.0000001,5.5,F,F,F,F,F,F,Front,F,Main,-8.6997804641724,Volt DC,10,T,2W,F,F,25.887662400
-4.212209747667e-10,Amp DC,.00000001,5.5,F,F,F,F,F,F,Front,F,Main,-8.6128606796265,Volt DC,10,T,2W,F,F,26.568217100
-4.224973149114e-10,Amp DC,.0000001,5.5,F,F,F,F,F,F,Front,F,Main,-8.5999307632446,Volt DC,10,T,2W,F,F,27.719844320
-3.865366360323e-10,Amp DC,.0000001,5.5,F,F,F,F,F,F,Front,F,Main,-8.5498428344727,Volt DC,10,T,2W,F,F,28.907124340
-3.377711998986e-10,Amp DC,.00000001,5.5,F,F,F,F,F,F,Front,F,Main,-8.4711999893188,Volt DC,10,T,2W,F,F,29.587652480
-2.965160894597e-10,Amp DC,.0000001,5.5,F,F,F,F,F,F,Front,F,Main,-8.4496450424194,Volt DC,10,T,2W,F,F,30.739244880
-3.395432823794e-10,Amp DC,.0000001,5.5,F,F,F,F,F,F,Front,F,Main,-8.3998823165894,Volt DC,10,T,2W,F,F,31.926547740
-3.414852567385e-10,Amp DC,.00000001,5.5,F,F,F,F,F,F,Front,F,Main,-8.3175325393677,Volt DC,10,T,2W,F,F,32.607097820
-3.512684032536e-10,Amp DC,.0000001,5.5,F,F,F,F,F,F,Front,F,Main,-8.2996711730957,Volt DC,10,T,2W,F,F,33.758703840
-3.285450800306e-10,Amp DC,.0000001,5.5,F,F,F,F,F,F,Front,F,Main,-8.2498950958252,Volt DC,10,T,2W,F,F,34.946002560
-3.423469563391e-10,Amp DC,.00000001,5.5,F,F,F,F,F,F,Front,F,Main,-8.1691417694092,Volt DC,10,T,2W,F,F,35.626522240
-3.058741038231e-10,Amp DC,.0000001,5.5,F,F,F,F,F,F,Front,F,Main,-8.1497268676758,Volt DC,10,T,2W,F,F,36.778117500
-3.558629502187e-10,Amp DC,.0000001,5.5,F,F,F,F,F,F,Front,F,Main,-8.0999307632446,Volt DC,10,T,2W,F,F,37.965399060
-3.05829112035e-10,Amp DC,.00000001,5.5,F,F,F,F,F,F,Front,F,Main,-8.0230817794800,Volt DC,10,T,2W,F,F,38.645947160
-3.180295471417e-10,Amp DC,.0000001,5.5,F,F,F,F,F,F,Front,F,Main,-7.9997191429138,Volt DC,10,T,2W,F,F,39.797529860
-3.126321979074e-10,Amp DC,.0000001,5.5,F,F,F,F,F,F,Front,F,Main,-7.9499926567078,Volt DC,10,T,2W,F,F,40.984835000
-3.239628287854e-10,Amp DC,.00000001,5.5,F,F,F,F,F,F,Front,F,Main,-7.8702769279480,Volt DC,10,T,2W,F,F,41.665383380
-3.259044700776e-10,Amp DC,.0000001,5.5,F,F,F,F,F,F,Front,F,Main,-7.8497924804688,Volt DC,10,T,2W,F,F,42.816951480
-3.139757343007e-10,Amp DC,.0000001,5.5,F,F,F,F,F,F,Front,F,Main,-7.7997012138367,Volt DC,10,T,2W,F,F,44.004207440
-3.101137124872e-10,Amp DC,.00000001,5.5,F,F,F,F,F,F,Front,F,Main,-7.7241668701172,Volt DC,10,T,2W,F,F,44.684756580
-2.624339634494e-10,Amp DC,.0000001,5.5,F,F,F,F,F,F,Front,F,Main,-7.6998319625854,Volt DC,10,T,2W,F,F,45.836373520
-3.098694634218e-10,Amp DC,.0000001,5.5,F,F,F,F,F,F,Front,F,Main,-7.6497116088867,Volt DC,10,T,2W,F,F,47.023662300
-2.380297070559e-10,Amp DC,.0000001,5.5,F,F,F,F,F,F,Front,F,Main,-7.5999722480774,Volt DC,10,T,2W,F,F,48.210980280
-2.436131851802e-10,Amp DC,.0000001,5.5,F,F,F,F,F,F,Front,F,Main,-7.5499024391174,Volt DC,10,T,2W,F,F,49.398273900
-2.481498340146e-10,Amp DC,.0000001,5.5,F,F,F,F,F,F,Front,F,Main,-7.4997720718384,Volt DC,10,T,2W,F,F,50.585562560
-2.520392783367e-10,Amp DC,.00000001,5.5,F,F,F,F,F,F,Front,F,Main,-7.4254093170166,Volt DC,10,T,2W,F,F,51.266126460
-2.915256924751e-10,Amp DC,.0000001,5.5,F,F,F,F,F,F,Front,F,Main,-7.3998703956604,Volt DC,10,T,2W,F,F,52.417723780
-2.793760223163e-10,Amp DC,.0000001,5.5,F,F,F,F,F,F,Front,F,Main,-7.3498444557190,Volt DC,10,T,2W,F,F,53.605017340
-2.087395672978e-10,Amp DC,.00000001,5.5,F,F,F,F,F,F,Front,F,Main,-7.2795519828796,Volt DC,10,T,2W,F,F,54.285569980
-2.544892074852e-10,Amp DC,.0000001,5.5,F,F,F,F,F,F,Front,F,Main,-7.2499666213989,Volt DC,10,T,2W,F,F,55.437171640
-2.461363890482e-10,Amp DC,.00000001,5.5,F,F,F,F,F,F,Front,F,Main,-7.1758222579956,Volt DC,10,T,2W,F,F,56.117729920
-2.857388214927e-10,Amp DC,.0000001,5.5,F,F,F,F,F,F,Front,F,Main,-7.1497359275818,Volt DC,10,T,2W,F,F,57.269324160
-2.721292635677e-10,Amp DC,.0000001,5.5,F,F,F,F,F,F,Front,F,Main,-7.0999612808228,Volt DC,10,T,2W,F,F,58.456632600
-2.690609124389e-10,Amp DC,.00000001,5.5,F,F,F,F,F,F,Front,F,Main,-7.0269331932068,Volt DC,10,T,2W,F,F,59.137171160
-2.44630982138e-10,Amp DC,.0000001,5.5,F,F,F,F,F,F,Front,F,Main,-6.9997944831848,Volt DC,10,T,2W,F,F,60.288788740
-2.837438617398e-10,Amp DC,.0000001,5.5,F,F,F,F,F,F,Front,F,Main,-6.9500389099121,Volt DC,10,T,2W,F,F,61.476052480
-2.599152559846e-10,Amp DC,.0000001,5.5,F,F,F,F,F,F,Front,F,Main,-6.8999252319336,Volt DC,10,T,2W,F,F,62.663380860
-2.407690713468e-10,Amp DC,.0000001,5.5,F,F,F,F,F,F,Front,F,Main,-6.8498315811157,Volt DC,10,T,2W,F,F,63.850648940
-3.262533576631e-10,Amp DC,.0000001,5.5,F,F,F,F,F,F,Front,F,Main,-6.7997045516968,Volt DC,10,T,2W,F,F,65.037948480
-2.114349528792e-10,Amp DC,.00000001,5.5,F,F,F,F,F,F,Front,F,Main,-6.7325839996338,Volt DC,10,T,2W,F,F,65.718527460
-2.208956212391e-10,Amp DC,.0000001,5.5,F,F,F,F,F,F,Front,F,Main,-6.6998610496521,Volt DC,10,T,2W,F,F,66.870133960
-2.748742344849e-10,Amp DC,.0000001,5.5,F,F,F,F,F,F,Front,F,Main,-6.6497278213501,Volt DC,10,T,2W,F,F,68.057440680
-2.627537076805e-10,Amp DC,.0000001,5.5,F,F,F,F,F,F,Front,F,Main,-6.5999808311462,Volt DC,10,T,2W,F,F,69.244686100
-2.683195332587e-10,Amp DC,.0000001,5.5,F,F,F,F,F,F,Front,F,Main,-6.5498614311218,Volt DC,10,T,2W,F,F,70.431950760
-1.835450263998e-10,Amp DC,.0000001,5.5,F,F,F,F,F,F,Front,F,Main,-6.4997835159302,Volt DC,10,T,2W,F,F,71.619244240
-2.137400118007e-10,Amp DC,.00000001,5.5,F,F,F,F,F,F,Front,F,Main,-6.4250144958496,Volt DC,10,T,2W,F,F,72.299785240
-2.344121008413e-10,Amp DC,.0000001,5.5,F,F,F,F,F,F,Front,F,Main,-6.3999128341675,Volt DC,10,T,2W,F,F,73.451414600
-2.693491540917e-10,Amp DC,.0000001,5.5,F,F,F,F,F,F,Front,F,Main,-6.3498182296753,Volt DC,10,T,2W,F,F,74.638700420
-2.045830310715e-10,Amp DC,.00000001,5.5,F,F,F,F,F,F,Front,F,Main,-6.2782702445984,Volt DC,10,T,2W,F,F,75.319255320
-1.983701120034e-10,Amp DC,.0000001,5.5,F,F,F,F,F,F,Front,F,Main,-6.2499299049377,Volt DC,10,T,2W,F,F,76.470865180
-4.945407972023e-10,Amp DC,.0000001,5.5,F,F,F,F,F,F,Front,F,Main,-6.1998729705811,Volt DC,10,T,2W,F,F,77.658144840
-2.999298032158e-10,Amp DC,.0000001,5.5,F,F,F,F,F,F,Front,F,Main,-6.1497478485107,Volt DC,10,T,2W,F,F,78.845397420
-1.335793003987e-10,Amp DC,.0000001,5.5,F,F,F,F,F,F,Front,F,Main,-6.0999917984009,Volt DC,10,T,2W,F,F,80.032693220
-1.677020605717e-10,Amp DC,.0000001,5.5,F,F,F,F,F,F,Front,F,Main,-6.0498843193054,Volt DC,10,T,2W,F,F,81.219951500
-2.153761752277e-10,Amp DC,.0000001,5.5,F,F,F,F,F,F,Front,F,Main,-5.9997844696045,Volt DC,10,T,2W,F,F,82.407238800
-1.842431068821e-10,Amp DC,.00000001,5.5,F,F,F,F,F,F,Front,F,Main,-5.9323787689209,Volt DC,10,T,2W,F,F,83.087790660
-4.013908649902e-10,Amp DC,.0000001,5.5,F,F,F,F,F,F,Front,F,Main,-5.8999257087708,Volt DC,10,T,2W,F,F,84.239386260
-3.984071961227e-10,Amp DC,.0000001,5.5,F,F,F,F,F,F,Front,F,Main,-5.8498682975769,Volt DC,10,T,2W,F,F,85.426700880
-2.60724775103e-10,Amp DC,.00000001,5.5,F,F,F,F,F,F,Front,F,Main,-5.7800612449646,Volt DC,10,T,2W,F,F,86.107239860
-4.581728330066e-10,Amp DC,.0000001,5.5,F,F,F,F,F,F,Front,F,Main,-5.7499690055847,Volt DC,10,T,2W,F,F,87.258844380
-2.3259165427e-10,Amp DC,.0000001,5.5,F,F,F,F,F,F,Front,F,Main,-5.6998395919800,Volt DC,10,T,2W,F,F,88.446114200
-2.102705370932e-10,Amp DC,.00000001,5.5,F,F,F,F,F,F,Front,F,Main,-5.6325769424438,Volt DC,10,T,2W,F,F,89.126677000
-1.966601048675e-10,Amp DC,.0000001,5.5,F,F,F,F,F,F,Front,F,Main,-5.5999784469604,Volt DC,10,T,2W,F,F,90.278259040
-2.38611186365e-10,Amp DC,.0000001,5.5,F,F,F,F,F,F,Front,F,Main,-5.5499162673950,Volt DC,10,T,2W,F,F,91.465553580
-2.203880827834e-10,Amp DC,.00000001,5.5,F,F,F,F,F,F,Front,F,Main,-5.4797725677490,Volt DC,10,T,2W,F,F,92.146117940
-2.406759791462e-10,Amp DC,.0000001,5.5,F,F,F,F,F,F,Front,F,Main,-5.4500069618225,Volt DC,10,T,2W,F,F,93.297739240
-2.026623313611e-10,Amp DC,.0000001,5.5,F,F,F,F,F,F,Front,F,Main,-5.3999271392822,Volt DC,10,T,2W,F,F,94.485020400
-2.473937166236e-10,Amp DC,.00000001,5.5,F,F,F,F,F,F,Front,F,Main,-5.3282289505005,Volt DC,10,T,2W,F,F,95.165541660
-2.123344278182e-10,Amp DC,.0000001,5.5,F,F,F,F,F,F,Front,F,Main,-5.2997169494629,Volt DC,10,T,2W,F,F,96.317163160
-2.26955773619e-10,Amp DC,.0000001,5.5,F,F,F,F,F,F,Front,F,Main,-5.2499542236328,Volt DC,10,T,2W,F,F,97.504431440
-2.19811849278e-10,Amp DC,.00000001,5.5,F,F,F,F,F,F,Front,F,Main,-5.1808323860168,Volt DC,10,T,2W,F,F,98.184968400
-2.047677166717e-10,Amp DC,.0000001,5.5,F,F,F,F,F,F,Front,F,Main,-5.1497550010681,Volt DC,10,T,2W,F,F,99.336555600
-2.226345913181e-10,Amp DC,.0000001,5.5,F,F,F,F,F,F,Front,F,Main,-5.0999488830566,Volt DC,10,T,2W,F,F,100.523889040
-2.040531910108e-10,Amp DC,.00000001,5.5,F,F,F,F,F,F,Front,F,Main,-5.0316090583801,Volt DC,10,T,2W,F,F,101.204445840
-2.212095645548e-10,Amp DC,.0000001,5.5,F,F,F,F,F,F,Front,F,Main,-4.9997606277466,Volt DC,10,T,2W,F,F,102.356069120
-1.895935908269e-10,Amp DC,.0000001,5.5,F,F,F,F,F,F,Front,F,Main,-4.9500117301941,Volt DC,10,T,2W,F,F,103.543364460
-2.139844551552e-10,Amp DC,.00000001,5.5,F,F,F,F,F,F,Front,F,Main,-4.8819012641907,Volt DC,10,T,2W,F,F,104.223909000
-1.675042327065e-10,Amp DC,.0000001,5.5,F,F,F,F,F,F,Front,F,Main,-4.8498196601868,Volt DC,10,T,2W,F,F,105.375487700
-2.069952542705e-10,Amp DC,.0000001,5.5,F,F,F,F,F,F,Front,F,Main,-4.7997255325317,Volt DC,10,T,2W,F,F,106.562744400
-1.873283611564e-10,Amp DC,.00000001,5.5,F,F,F,F,F,F,Front,F,Main,-4.7334918975830,Volt DC,10,T,2W,F,F,107.243268180
-1.84295176342e-10,Amp DC,.0000001,5.5,F,F,F,F,F,F,Front,F,Main,-4.6998271942139,Volt DC,10,T,2W,F,F,108.394879660
-1.827597517767e-10,Amp DC,.0000001,5.5,F,F,F,F,F,F,Front,F,Main,-4.6497654914856,Volt DC,10,T,2W,F,F,109.582152080
-1.917933034612e-10,Amp DC,.00000001,5.5,F,F,F,F,F,F,Front,F,Main,-4.5831818580627,Volt DC,10,T,2W,F,F,110.262713800
-2.007662508463e-10,Amp DC,.0000001,5.5,F,F,F,F,F,F,Front,F,Main,-4.5498862266541,Volt DC,10,T,2W,F,F,111.414312180
-1.874590482842e-10,Amp DC,.0000001,5.5,F,F,F,F,F,F,Front,F,Main,-4.4997611045837,Volt DC,10,T,2W,F,F,112.601601940
-1.948145395003e-10,Amp DC,.00000001,5.5,F,F,F,F,F,F,Front,F,Main,-4.4342713356018,Volt DC,10,T,2W,F,F,113.282140440
-1.756059742064e-10,Amp DC,.0000001,5.5,F,F,F,F,F,F,Front,F,Main,-4.3999485969543,Volt DC,10,T,2W,F,F,114.433725420
-1.98695643272e-10,Amp DC,.0000001,5.5,F,F,F,F,F,F,Front,F,Main,-4.3498196601868,Volt DC,10,T,2W,F,F,115.621000480
-1.814486616514e-10,Amp DC,.00000001,5.5,F,F,F,F,F,F,Front,F,Main,-4.2831654548645,Volt DC,10,T,2W,F,F,116.301552180
-1.898378676479e-10,Amp DC,.0000001,5.5,F,F,F,F,F,F,Front,F,Main,-4.2499423027039,Volt DC,10,T,2W,F,F,117.453133040
-1.756932793695e-10,Amp DC,.0000001,5.5,F,F,F,F,F,F,Front,F,Main,-4.1998491287231,Volt DC,10,T,2W,F,F,118.640407220
-1.659637705043e-10,Amp DC,.00000001,5.5,F,F,F,F,F,F,Front,F,Main,-4.1340684890747,Volt DC,10,T,2W,F,F,119.320935620
-1.687372047643e-10,Amp DC,.0000001,5.5,F,F,F,F,F,F,Front,F,Main,-4.0999860763550,Volt DC,10,T,2W,F,F,120.472514100
-1.629095608413e-10,Amp DC,.0000001,5.5,F,F,F,F,F,F,Front,F,Main,-4.0498909950256,Volt DC,10,T,2W,F,F,121.659800660
-1.583843473041e-10,Amp DC,.00000001,5.5,F,F,F,F,F,F,Front,F,Main,-3.9860665798187,Volt DC,10,T,2W,F,F,122.340344960
-1.047840147983e-10,Amp DC,.0000001,5.5,F,F,F,F,F,F,Front,F,Main,-3.9500193595886,Volt DC,10,T,2W,F,F,123.491968860
-9.934018885271e-11,Amp DC,.0000001,5.5,F,F,F,F,F,F,Front,F,Main,-3.8998582363129,Volt DC,10,T,2W,F,F,124.679220500
-2.70250377632e-10,Amp DC,.0000001,5.5,F,F,F,F,F,F,Front,F,Main,-3.8497812747955,Volt DC,10,T,2W,F,F,125.866520400
-2.842780733037e-10,Amp DC,.00000001,5.5,F,F,F,F,F,F,Front,F,Main,-3.7770929336548,Volt DC,10,T,2W,F,F,126.547074760
-2.495801898483e-10,Amp DC,.0000001,5.5,F,F,F,F,F,F,Front,F,Main,-3.7499017715454,Volt DC,10,T,2W,F,F,127.698700820
-9.461752908946e-11,Amp DC,.0000001,5.5,F,F,F,F,F,F,Front,F,Main,-3.6998462677002,Volt DC,10,T,2W,F,F,128.885989900
-2.161617967955e-10,Amp DC,.00000001,5.5,F,F,F,F,F,F,Front,F,Main,-3.6310858726501,Volt DC,10,T,2W,F,F,129.566538600
-2.053666264823e-10,Amp DC,.0000001,5.5,F,F,F,F,F,F,Front,F,Main,-3.5999536514282,Volt DC,10,T,2W,F,F,130.718161320
-1.82399109705e-10,Amp DC,.0000001,5.5,F,F,F,F,F,F,Front,F,Main,-3.5498409271240,Volt DC,10,T,2W,F,F,131.905418000
-1.849182751368e-10,Amp DC,.00000001,5.5,F,F,F,F,F,F,Front,F,Main,-3.4846410751343,Volt DC,10,T,2W,F,F,132.585961440
-1.462000381869e-10,Amp DC,.0000001,5.5,F,F,F,F,F,F,Front,F,Main,-3.4500212669373,Volt DC,10,T,2W,F,F,133.737560740
-1.831085838511e-10,Amp DC,.0000001,5.5,F,F,F,F,F,F,Front,F,Main,-3.3998820781708,Volt DC,10,T,2W,F,F,134.924852580
2.878382081295e-11,Amp DC,.00000001,5.5,F,F,F,F,F,F,Front,F,Main,-3.3547835350037,Volt DC,10,T,2W,F,F,135.605407660
-1.918734893191e-10,Amp DC,.0000001,5.5,F,F,F,F,F,F,Front,F,Main,-3.2996549606323,Volt DC,10,T,2W,F,F,136.757017920
-1.613102013076e-10,Amp DC,.0000001,5.5,F,F,F,F,F,F,Front,F,Main,-3.2499125003815,Volt DC,10,T,2W,F,F,137.944314380
-1.798593218805e-10,Amp DC,.00000001,5.5,F,F,F,F,F,F,Front,F,Main,-3.1838002204895,Volt DC,10,T,2W,F,F,138.624860720
-3.52803231074e-10,Amp DC,.0000001,5.5,F,F,F,F,F,F,Front,F,Main,-3.1497244834900,Volt DC,10,T,2W,F,F,139.776469140
-2.077279737112e-10,Amp DC,.0000001,5.5,F,F,F,F,F,F,Front,F,Main,-3.0999920368195,Volt DC,10,T,2W,F,F,140.963703640
-1.709118957471e-10,Amp DC,.00000001,5.5,F,F,F,F,F,F,Front,F,Main,-3.0340275764465,Volt DC,10,T,2W,F,F,141.644256320
-1.528709797638e-10,Amp DC,.0000001,5.5,F,F,F,F,F,F,Front,F,Main,-2.9997658729553,Volt DC,10,T,2W,F,F,142.795852620
-1.514053882268e-10,Amp DC,.0000001,5.5,F,F,F,F,F,F,Front,F,Main,-2.9499781131744,Volt DC,10,T,2W,F,F,143.983136520
-1.493376949879e-10,Amp DC,.00000001,5.5,F,F,F,F,F,F,Front,F,Main,-2.8860125541687,Volt DC,10,T,2W,F,F,144.663692020
-1.63712196577e-10,Amp DC,.0000001,5.5,F,F,F,F,F,F,Front,F,Main,-2.8498172760010,Volt DC,10,T,2W,F,F,145.815238760
-1.599724103185e-10,Amp DC,.0000001,5.5,F,F,F,F,F,F,Front,F,Main,-2.7996957302094,Volt DC,10,T,2W,F,F,147.002509920
-1.689733492016e-10,Amp DC,.00000001,5.5,F,F,F,F,F,F,Front,F,Main,-2.7347235679626,Volt DC,10,T,2W,F,F,147.683030760
-1.830040008421e-10,Amp DC,.0000001,5.5,F,F,F,F,F,F,Front,F,Main,-2.6998054981232,Volt DC,10,T,2W,F,F,148.834660140
-1.811603089763e-10,Amp DC,.0000001,5.5,F,F,F,F,F,F,Front,F,Main,-2.6497035026550,Volt DC,10,T,2W,F,F,150.021925920
-1.766237572864e-10,Amp DC,.0000001,5.5,F,F,F,F,F,F,Front,F,Main,-2.5999553203583,Volt DC,10,T,2W,F,F,151.209237060
-1.540807204048e-10,Amp DC,.0000001,5.5,F,F,F,F,F,F,Front,F,Main,-2.5498042106628,Volt DC,10,T,2W,F,F,152.396482980
-1.755884604382e-10,Amp DC,.0000001,5.5,F,F,F,F,F,F,Front,F,Main,-2.4997160434723,Volt DC,10,T,2W,F,F,153.583723220
-1.61961513645e-10,Amp DC,.0000001,5.5,F,F,F,F,F,F,Front,F,Main,-2.4499425888062,Volt DC,10,T,2W,F,F,154.770975500
-1.355043161011e-10,Amp DC,.0000001,5.5,F,F,F,F,F,F,Front,F,Main,-2.3998658657074,Volt DC,10,T,2W,F,F,155.958176920
-1.38621641943e-10,Amp DC,.0000001,5.5,F,F,F,F,F,F,Front,F,Main,-2.3497211933136,Volt DC,10,T,2W,F,F,157.145411080
-1.595303750213e-10,Amp DC,.0000001,5.5,F,F,F,F,F,F,Front,F,Main,-2.2996520996094,Volt DC,10,T,2W,F,F,158.332640100
-1.445016467594e-10,Amp DC,.0000001,5.5,F,F,F,F,F,F,Front,F,Main,-2.2499105930328,Volt DC,10,T,2W,F,F,159.519899580
-1.658233134139e-10,Amp DC,.0000001,5.5,F,F,F,F,F,F,Front,F,Main,-2.1997702121735,Volt DC,10,T,2W,F,F,160.707120380
-1.32112182305e-10,Amp DC,.00000001,5.5,F,F,F,F,F,F,Front,F,Main,-2.1369516849518,Volt DC,10,T,2W,F,F,161.387678340
-1.453741710344e-10,Amp DC,.0000001,5.5,F,F,F,F,F,F,Front,F,Main,-2.0999181270599,Volt DC,10,T,2W,F,F,162.539273860
-1.36400002404e-10,Amp DC,.0000001,5.5,F,F,F,F,F,F,Front,F,Main,-2.0498011112213,Volt DC,10,T,2W,F,F,163.726578220
-1.525919668399e-10,Amp DC,.00000001,5.5,F,F,F,F,F,F,Front,F,Main,-1.9870096445084,Volt DC,10,T,2W,F,F,164.407133040
-1.503061564101e-10,Amp DC,.0000001,5.5,F,F,F,F,F,F,Front,F,Main,-1.9499456882477,Volt DC,10,T,2W,F,F,165.558711140
-1.647299380236e-10,Amp DC,.0000001,5.5,F,F,F,F,F,F,Front,F,Main,-1.8998446464539,Volt DC,10,T,2W,F,F,166.746000580
-1.461417792337e-10,Amp DC,.00000001,5.5,F,F,F,F,F,F,Front,F,Main,-1.8372972011566,Volt DC,10,T,2W,F,F,167.426547680
-1.31880922849e-10,Amp DC,.0000001,5.5,F,F,F,F,F,F,Front,F,Main,-1.7996546030045,Volt DC,10,T,2W,F,F,168.578143860
-1.48543774503e-10,Amp DC,.0000001,5.5,F,F,F,F,F,F,Front,F,Main,-1.7498596906662,Volt DC,10,T,2W,F,F,169.765391340
-1.492795331792e-10,Amp DC,.00000001,5.5,F,F,F,F,F,F,Front,F,Main,-1.6871681213379,Volt DC,10,T,2W,F,F,170.445940740
-1.488054957033e-10,Amp DC,.0000001,5.5,F,F,F,F,F,F,Front,F,Main,-1.6497099399567,Volt DC,10,T,2W,F,F,171.597519320
-1.379296121762e-10,Amp DC,.0000001,5.5,F,F,F,F,F,F,Front,F,Main,-1.5998896360397,Volt DC,10,T,2W,F,F,172.784794320
-1.393312687448e-10,Amp DC,.0000001,5.5,F,F,F,F,F,F,Front,F,Main,-1.5498175621033,Volt DC,10,T,2W,F,F,173.972030920
-1.370894509023e-10,Amp DC,.00000001,5.5,F,F,F,F,F,F,Front,F,Main,-1.4864847660065,Volt DC,10,T,2W,F,F,174.652575860
-1.552089706758e-10,Amp DC,.0000001,5.5,F,F,F,F,F,F,Front,F,Main,-1.4499465227127,Volt DC,10,T,2W,F,F,175.804163580
-1.447575947999e-10,Amp DC,.0000001,5.5,F,F,F,F,F,F,Front,F,Main,-1.3998759984970,Volt DC,10,T,2W,F,F,176.991414980
-1.47038159426e-10,Amp DC,.00000001,5.5,F,F,F,F,F,F,Front,F,Main,-1.3388226032257,Volt DC,10,T,2W,F,F,177.671956420
-1.276875272183e-10,Amp DC,.0000001,5.5,F,F,F,F,F,F,Front,F,Main,-1.2996340990067,Volt DC,10,T,2W,F,F,178.823548460
-8.626559883096e-11,Amp DC,.0000001,5.5,F,F,F,F,F,F,Front,F,Main,-1.2498372793198,Volt DC,10,T,2W,F,F,180.010837060
-9.367527586956e-11,Amp DC,.0000001,5.5,F,F,F,F,F,F,Front,F,Main,-1.1997171640396,Volt DC,10,T,2W,F,F,181.198058460
6.384802408999e-12,Amp DC,.00000001,5.5,F,F,F,F,F,F,Front,F,Main,-1.1469788551331,Volt DC,10,T,2W,F,F,181.878601780
1.57826147984e-11,Amp DC,.0000001,5.5,F,F,F,F,F,F,Front,F,Main,-1.0998548269272,Volt DC,10,T,2W,F,F,183.030210040
5.567129535144e-10,Amp DC,.0000001,5.5,F,F,F,F,F,F,Front,F,Main,-1.0498157739639,Volt DC,10,T,2W,F,F,184.217467920
-2.273385646401e-11,Amp DC,.00000001,5.5,F,F,F,F,F,F,Front,F,Main,-0.9979940056801,Volt DC,10,T,2W,F,F,184.898015660
-9.826993385698e-11,Amp DC,.0000001,5.5,F,F,F,F,F,F,Front,F,Main,-0.9498918056488,Volt DC,10,T,2W,F,F,186.049585240
-2.406888924278e-11,Amp DC,.0000001,5.5,F,F,F,F,F,F,Front,F,Main,-0.8997620940208,Volt DC,10,T,2W,F,F,187.236847520
-7.905955057286e-11,Amp DC,.0000001,5.5,F,F,F,F,F,F,Front,F,Main,-0.8496890068054,Volt DC,10,T,2W,F,F,188.424076320
-7.650031996764e-11,Amp DC,.00000001,5.5,F,F,F,F,F,F,Front,F,Main,-0.7929750084877,Volt DC,10,T,2W,F,F,189.104651200
-1.003811339606e-10,Amp DC,.0000001,5.5,F,F,F,F,F,F,Front,F,Main,-0.7498406171799,Volt DC,10,T,2W,F,F,190.256242680
-3.585798671879e-11,Amp DC,.0000001,5.5,F,F,F,F,F,F,Front,F,Main,-0.6997511982918,Volt DC,10,T,2W,F,F,191.443548460
-6.804180829878e-11,Amp DC,.00000001,5.5,F,F,F,F,F,F,Front,F,Main,-0.6427313089371,Volt DC,10,T,2W,F,F,192.124105300
-3.860899794317e-11,Amp DC,.0000001,5.5,F,F,F,F,F,F,Front,F,Main,-0.5998396873474,Volt DC,10,T,2W,F,F,193.275757460
-8.669025219898e-11,Amp DC,.0000001,5.5,F,F,F,F,F,F,Front,F,Main,-0.5497598648071,Volt DC,10,T,2W,F,F,194.463025860
1.916860073448e-11,Amp DC,.00000001,5.5,F,F,F,F,F,F,Front,F,Main,-0.5014242529869,Volt DC,10,T,2W,F,F,195.143572200
2.611750052339e-11,Amp DC,.0000001,5.5,F,F,F,F,F,F,Front,F,Main,-0.4498847723007,Volt DC,10,T,2W,F,F,196.295163580
-7.059140078036e-11,Amp DC,.0000001,5.5,F,F,F,F,F,F,Front,F,Main,-0.3997872769833,Volt DC,10,T,2W,F,F,197.482422580
-7.613411290297e-11,Amp DC,.0000001,5.5,F,F,F,F,F,F,Front,F,Main,-0.3496612012386,Volt DC,10,T,2W,F,F,198.669673600
-1.075924349614e-10,Amp DC,.00000001,5.5,F,F,F,F,F,F,Front,F,Main,-0.2945394814014,Volt DC,10,T,2W,F,F,199.350200740
-1.087911288833e-10,Amp DC,.0000001,5.5,F,F,F,F,F,F,Front,F,Main,-0.2498069554567,Volt DC,10,T,2W,F,F,200.501812980
-4.678635256994e-11,Amp DC,.0000001,5.5,F,F,F,F,F,F,Front,F,Main,-0.1996923238039,Volt DC,10,T,2W,F,F,201.689112620
-1.069695304556e-10,Amp DC,.00000001,5.5,F,F,F,F,F,F,Front,F,Main,-0.1430371701717,Volt DC,10,T,2W,F,F,202.369666060
-8.825471603524e-11,Amp DC,.0000001,5.5,F,F,F,F,F,F,Front,F,Main,-0.0998497754335,Volt DC,10,T,2W,F,F,203.521261860
-1.863422055548e-10,Amp DC,.0000001,5.5,F,F,F,F,F,F,Front,F,Main,-0.0497235171497,Volt DC,10,T,2W,F,F,204.708509700
-7.634345933205e-11,Amp DC,.0000001,5.5,F,F,F,F,F,F,Front,F,Main,0.0003738175146,Volt DC,10,T,2W,F,F,205.895762020
-8.391094763471e-11,Amp DC,.00000001,5.5,F,F,F,F,F,F,Front,F,Main,0.0593904182315,Volt DC,10,T,2W,F,F,206.576653940
-2.322306652536e-10,Amp DC,.0000001,5.5,F,F,F,F,F,F,Front,F,Main,0.0996870100498,Volt DC,10,T,2W,F,F,207.728288440
-1.811485683678e-10,Amp DC,.0000001,5.5,F,F,F,F,F,F,Front,F,Main,0.1497594267130,Volt DC,10,T,2W,F,F,208.915565460
-3.079651811344e-10,Amp DC,.00000001,5.5,F,F,F,F,F,F,Front,F,Main,0.2182769179344,Volt DC,10,T,2W,F,F,209.596102740
-9.726959515621e-11,Amp DC,.0000001,5.5,F,F,F,F,F,F,Front,F,Main,0.2499837428331,Volt DC,10,T,2W,F,F,210.747670880
-1.027541385312e-10,Amp DC,.0000001,5.5,F,F,F,F,F,F,Front,F,Main,0.2997097074986,Volt DC,10,T,2W,F,F,211.934970200
-4.778668433181e-11,Amp DC,.0000001,5.5,F,F,F,F,F,F,Front,F,Main,0.3498741686344,Volt DC,10,T,2W,F,F,213.122235540
-1.093387186346e-11,Amp DC,.00000001,5.5,F,F,F,F,F,F,Front,F,Main,0.4114705622196,Volt DC,10,T,2W,F,F,213.802794920
-1.177478670122e-10,Amp DC,.0000001,5.5,F,F,F,F,F,F,Front,F,Main,0.4497187435627,Volt DC,10,T,2W,F,F,214.954385360
-1.319331727201e-10,Amp DC,.0000001,5.5,F,F,F,F,F,F,Front,F,Main,0.4997990727425,Volt DC,10,T,2W,F,F,216.141697840
-1.033763769032e-10,Amp DC,.0000001,5.5,F,F,F,F,F,F,Front,F,Main,0.5499243736267,Volt DC,10,T,2W,F,F,217.328973080
-1.033252927662e-10,Amp DC,.00000001,5.5,F,F,F,F,F,F,Front,F,Main,0.6149142384529,Volt DC,10,T,2W,F,F,218.009506480
-1.683299888366e-10,Amp DC,.0000001,5.5,F,F,F,F,F,F,Front,F,Main,0.6497355699539,Volt DC,10,T,2W,F,F,219.161096120
-5.635954897221e-11,Amp DC,.0000001,5.5,F,F,F,F,F,F,Front,F,Main,0.6998781561852,Volt DC,10,T,2W,F,F,220.348344140
-4.134488237884e-11,Amp DC,.00000001,5.5,F,F,F,F,F,F,Front,F,Main,0.7509726285934,Volt DC,10,T,2W,F,F,221.028883800
-1.720405901073e-10,Amp DC,.0000001,5.5,F,F,F,F,F,F,Front,F,Main,0.7997525930405,Volt DC,10,T,2W,F,F,222.180462880
-9.400095285494e-11,Amp DC,.0000001,5.5,F,F,F,F,F,F,Front,F,Main,0.8498306870461,Volt DC,10,T,2W,F,F,223.367763000
-6.352489367867e-11,Amp DC,.0000001,5.5,F,F,F,F,F,F,Front,F,Main,0.8998959064484,Volt DC,10,T,2W,F,F,224.555042600
5.91474785816e-11,Amp DC,.00000001,5.5,F,F,F,F,F,F,Front,F,Main,0.9513553380966,Volt DC,10,T,2W,F,F,225.235599460
-2.492543949018e-10,Amp DC,.0000001,5.5,F,F,F,F,F,F,Front,F,Main,0.9997487664223,Volt DC,10,T,2W,F,F,226.387205520
8.742220142244e-11,Amp DC,.0000001,5.5,F,F,F,F,F,F,Front,F,Main,1.0499272346497,Volt DC,10,T,2W,F,F,227.574490380
9.499776520983e-10,Amp DC,.00000001,5.5,F,F,F,F,F,F,Front,F,Main,1.0351027250290,Volt DC,10,T,2W,F,F,228.255024780
3.68925667793e-10,Amp DC,.0000001,5.5,F,F,F,F,F,F,Front,F,Main,1.1497660875320,Volt DC,10,T,2W,F,F,229.406619220
7.991576844724e-10,Amp DC,.0000001,5.5,F,F,F,F,F,F,Front,F,Main,1.1998641490936,Volt DC,10,T,2W,F,F,230.593903220
2.243252472667e-09,Amp DC,.0000001,5.5,F,F,F,F,F,F,Front,F,Main,1.2499543428421,Volt DC,10,T,2W,F,F,231.781162360
5.798770796872e-09,Amp DC,.0000001,5.5,F,F,F,F,F,F,Front,F,Main,1.2997500896454,Volt DC,10,T,2W,F,F,232.968453100
1.496506030207e-08,Amp DC,.0000001,5.5,F,F,F,F,F,F,Front,F,Main,1.3498086929321,Volt DC,10,T,2W,F,F,233.463318720
3.92299703833e-08,Amp DC,.0000001,5.5,F,F,F,F,F,F,Front,F,Main,1.3998448848724,Volt DC,10,T,2W,F,F,233.958189300
1.005713343716e-07,Amp DC,.0000001,5.5,F,F,F,F,F,F,Front,F,Main,1.4459456205368,Volt DC,10,T,2W,F,F,234.453050320
3.147919187541e-07,Amp DC,.000001,5.5,F,F,F,F,F,F,Front,F,Main,1.4997179508209,Volt DC,10,T,2W,F,F,235.454081660
9.946589898391e-07,Amp DC,.000001,5.5,F,F,F,F,F,F,Front,F,Main,1.5496973991394,Volt DC,10,T,2W,F,F,235.554622820
3.502353820295e-06,Amp DC,.00001,5.5,F,F,F,F,F,F,Front,F,Main,1.5999344587326,Volt DC,10,T,2W,F,F,235.972747840
1.279774369323e-05,Amp DC,.0001,5.5,F,F,F,F,F,F,Front,F,Main,1.6497386693954,Volt DC,10,T,2W,F,F,236.370251280
4.693622759078e-05,Amp DC,.0001,5.5,F,F,F,F,F,F,Front,F,Main,1.6997426748276,Volt DC,10,T,2W,F,F,236.454061980
0.0001656386302784,Amp DC,.001,5.5,F,F,F,F,F,F,Front,F,Main,1.7499052286148,Volt DC,10,T,2W,F,F,236.845535120
0.0005035944050178,Amp DC,.001,5.5,F,F,F,F,F,F,Front,F,Main,1.7996108531952,Volt DC,10,T,2W,F,F,236.929335540
0.001308194128796,Amp DC,.01,5.5,F,F,F,F,F,F,Front,F,Main,1.8497575521469,Volt DC,10,T,2W,F,F,237.247508640
0.002793354680762,Amp DC,.01,5.5,F,F,F,F,F,F,Front,F,Main,1.8998444080353,Volt DC,10,T,2W,F,F,237.331300660
0.005140927154571,Amp DC,.01,5.5,F,F,F,F,F,F,Front,F,Main,1.9498816728592,Volt DC,10,T,2W,F,F,237.415077100
0.008439375087619,Amp DC,.01,5.5,F,F,F,F,F,F,Front,F,Main,1.9995864629745,Volt DC,10,T,2W,F,F,237.498873000
0.01314763352275,Amp DC,.1,5.5,F,F,F,F,F,F,Front,F,Main,2.0498502254486,Volt DC,10,T,2W,F,F,237.817042640
0.01868536509573,Amp DC,.1,5.5,F,F,F,F,F,F,Front,F,Main,2.0999190807343,Volt DC,10,T,2W,F,F,237.900864880
0.02561530098319,Amp DC,.1,5.5,F,F,F,F,F,F,Front,F,Main,2.1496806144714,Volt DC,10,T,2W,F,F,237.984646420
0.03416673839092,Amp DC,.1,5.5,F,F,F,F,F,F,Front,F,Main,2.1997392177582,Volt DC,10,T,2W,F,F,238.068445860
0.04475430771708,Amp DC,.1,5.5,F,F,F,F,F,F,Front,F,Main,2.2498419284821,Volt DC,10,T,2W,F,F,238.152216800
0.05828657001257,Amp DC,.1,5.5,F,F,F,F,F,F,Front,F,Main,2.2998776435852,Volt DC,10,T,2W,F,F,238.235998460
0.0763236284256,Amp DC,.1,5.5,F,F,F,F,F,F,Front,F,Main,2.3495497703552,Volt DC,10,T,2W,F,F,238.319768880
0.1046704798937,Amp DC,1,5.5,F,F,F,F,F,F,Front,F,Main,2.3999598026276,Volt DC,10,T,2W,F,F,238.517695800
0.1321369707584,Amp DC,1,5.5,F,F,F,F,F,F,Front,F,Main,2.4500308036804,Volt DC,10,T,2W,F,F,238.601479880
0.1690475940704,Amp DC,1,5.5,F,F,F,F,F,F,Front,F,Main,2.4998219013214,Volt DC,10,T,2W,F,F,238.685247420
0.2216111719608,Amp DC,1,5.5,F,F,F,F,F,F,Front,F,Main,2.5498967170715,Volt DC,10,T,2W,F,F,238.769026220
0.2998348176479,Amp DC,1,5.5,F,F,F,F,F,F,Front,F,Main,2.6000638008118,Volt DC,10,T,2W,F,F,238.852812760
0.2898243665695,Amp DC,1,5.5,F,F,F,F,F,F,Front,F,Main,2.6498165130615,Volt DC,10,T,2W,F,F,238.936601260
0.2798702418804,Amp DC,1,5.5,F,F,F,F,F,F,Front,F,Main,2.6998934745789,Volt DC,10,T,2W,F,F,239.020366400
0.29105296731,Amp DC,1,5.5,F,F,F,F,F,F,Front,F,Main,2.7500050067902,Volt DC,10,T,2W,F,F,239.104132180
0.3010951280594,Amp DC,1,5.5,F,F,F,F,F,F,Front,F,Main,2.8001029491425,Volt DC,10,T,2W,F,F,239.187889960
0.3079515695572,Amp DC,1,5.5,F,F,F,F,F,F,Front,F,Main,2.8498830795288,Volt DC,10,T,2W,F,F,239.271655840
0.2864303588867,Amp DC,1,5.5,F,F,F,F,F,F,Front,F,Main,2.8999545574188,Volt DC,10,T,2W,F,F,239.355426560
0.2619068324566,Amp DC,1,5.5,F,F,F,F,F,F,Front,F,Main,2.9500472545624,Volt DC,10,T,2W,F,F,239.439198060
0.2457077354193,Amp DC,1,5.5,F,F,F,F,F,F,Front,F,Main,2.9998302459717,Volt DC,10,T,2W,F,F,239.522975840
0.1497305929661,Amp DC,1,5.5,F,F,F,F,F,F,Front,F,Main,3.0499913692474,Volt DC,10,T,2W,F,F,239.606763240
0.0532508045435,Amp DC,.1,5.5,F,F,F,F,F,F,Front,F,Main,3.0998792648315,Volt DC,10,T,2W,F,F,239.810766480
0.05649800226092,Amp DC,.1,5.5,F,F,F,F,F,F,Front,F,Main,3.1499342918396,Volt DC,10,T,2W,F,F,239.894556100
0.06275996565819,Amp DC,.1,5.5,F,F,F,F,F,F,Front,F,Main,3.1996965408325,Volt DC,10,T,2W,F,F,239.978299740
0.07249134778976,Amp DC,.1,5.5,F,F,F,F,F,F,Front,F,Main,3.2497327327728,Volt DC,10,T,2W,F,F,240.062066000
0.1034026220441,Amp DC,1,5.5,F,F,F,F,F,F,Front,F,Main,3.3000104427338,Volt DC,10,T,2W,T,F,240.259982380
0.349951416254,Amp DC,1,5.5,F,F,F,F,F,F,Front,F,Main,2.7019464969635,Volt DC,10,T,2W,T,F,240.343795640
0.3500337600708,Amp DC,1,5.5,F,F,F,F,F,F,Front,F,Main,2.3678107261658,Volt DC,10,T,2W,T,F,240.427564760
0.3499415516853,Amp DC,1,5.5,F,F,F,F,F,F,Front,F,Main,2.2630946636200,Volt DC,10,T,2W,T,F,240.511366780
0.3500069379807,Amp DC,1,5.5,F,F,F,F,F,F,Front,F,Main,2.5809283256531,Volt DC,10,T,2W,T,F,240.595131660
0.3502715826035,Amp DC,1,5.5,F,F,F,F,F,F,Front,F,Main,1.9967200756073,Volt DC,10,T,2W,T,F,240.678926160
0.3499122262001,Amp DC,1,5.5,F,F,F,F,F,F,Front,F,Main,2.0071947574615,Volt DC,10,T,2W,T,F,240.762697760
0.3499345481396,Amp DC,1,5.5,F,F,F,F,F,F,Front,F,Main,2.0607664585114,Volt DC,10,T,2W,T,F,240.846443660
0.3499288260937,Amp DC,1,5.5,F,F,F,F,F,F,Front,F,Main,2.0860295295715,Volt DC,10,T,2W,T,F,240.930211320
0.3499135077,Amp DC,1,5.5,F,F,F,F,F,F,Front,F,Main,2.1694507598877,Volt DC,10,T,2W,T,F,241.013984020
0.3499410450459,Amp DC,1,5.5,F,F,F,F,F,F,Front,F,Main,2.1248435974121,Volt DC,10,T,2W,T,F,241.097760180
0.349926918745,Amp DC,1,5.5,F,F,F,F,F,F,Front,F,Main,2.1452114582062,Volt DC,10,T,2W,T,F,241.181521860
0.3499473929405,Amp DC,1,5.5,F,F,F,F,F,F,Front,F,Main,2.1005516052246,Volt DC,10,T,2W,T,F,241.265300560
0.3499398827553,Amp DC,1,5.5,F,F,F,F,F,F,Front,F,Main,2.1174969673157,Volt DC,10,T,2W,T,F,241.349088080
0.3499356806278,Amp DC,1,5.5,F,F,F,F,F,F,Front,F,Main,2.1180057525635,Volt DC,10,T,2W,T,F,241.432854360
0.3499532043934,Amp DC,1,5.5,F,F,F,F,F,F,Front,F,Main,2.0539433956146,Volt DC,10,T,2W,T,F,241.516622540
0.3499473631382,Amp DC,1,5.5,F,F,F,F,F,F,Front,F,Main,2.0232732295990,Volt DC,10,T,2W,T,F,241.600387260
0.349925160408,Amp DC,1,5.5,F,F,F,F,F,F,Front,F,Main,2.0467033386230,Volt DC,10,T,2W,T,F,241.684162460
0.3499372899532,Amp DC,1,5.5,F,F,F,F,F,F,Front,F,Main,2.0102047920227,Volt DC,10,T,2W,T,F,241.767926320
0.3499187529087,Amp DC,1,5.5,F,F,F,F,F,F,Front,F,Main,2.0366945266724,Volt DC,10,T,2W,T,F,241.851687240
0.3499310314655,Amp DC,1,5.5,F,F,F,F,F,F,Front,F,Main,1.9706296920776,Volt DC,10,T,2W,T,F,241.935442240
0.3499386012554,Amp DC,1,5.5,F,F,F,F,F,F,Front,F,Main,1.9447757005692,Volt DC,10,T,2W,T,F,242.019207500
0.3499409258366,Amp DC,1,5.5,F,F,F,F,F,F,Front,F,Main,1.9432032108307,Volt DC,10,T,2W,T,F,242.102993640
0.3499408960342,Amp DC,1,5.5,F,F,F,F,F,F,Front,F,Main,1.9435909986496,Volt DC,10,T,2W,T,F,242.186751020
0.3498942255974,Amp DC,1,5.5,F,F,F,F,F,F,Front,F,Main,1.9752677679062,Volt DC,10,T,2W,T,F,242.270521140
0.3499368131161,Amp DC,1,5.5,F,F,F,F,F,F,Front,F,Main,1.9694885015488,Volt DC,10,T,2W,T,F,242.354262500
0.3499436676502,Amp DC,1,5.5,F,F,F,F,F,F,Front,F,Main,1.9498312473297,Volt DC,10,T,2W,T,F,242.438050540
0.3499338328838,Amp DC,1,5.5,F,F,F,F,F,F,Front,F,Main,1.9251904487610,Volt DC,10,T,2W,T,F,242.521820440
0.3499270379543,Amp DC,1,5.5,F,F,F,F,F,F,Front,F,Main,1.9277203083038,Volt DC,10,T,2W,T,F,242.605584160
0.3499294519424,Amp DC,1,5.5,F,F,F,F,F,F,Front,F,Main,1.9329839944839,Volt DC,10,T,2W,T,F,242.689349000
0.3499268591404,Amp DC,1,5.5,F,F,F,F,F,F,Front,F,Main,1.9004919528961,Volt DC,10,T,2W,T,F,242.773110340
0.3499332368374,Amp DC,1,5.5,F,F,F,F,F,F,Front,F,Main,1.9040018320084,Volt DC,10,T,2W,T,F,242.856886640
0.3499281704426,Amp DC,1,5.5,F,F,F,F,F,F,Front,F,Main,1.8929768800735,Volt DC,10,T,2W,T,F,242.940652880
0.34994328022,Amp DC,1,5.5,F,F,F,F,F,F,Front,F,Main,1.8692716360092,Volt DC,10,T,2W,T,F,243.024414160
0.3499311804771,Amp DC,1,5.5,F,F,F,F,F,F,Front,F,Main,1.8449290990829,Volt DC,10,T,2W,T,F,243.108181180
0.3499244451523,Amp DC,1,5.5,F,F,F,F,F,F,Front,F,Main,1.8484954833984,Volt DC,10,T,2W,T,F,243.191949900
0.349924325943,Amp DC,1,5.5,F,F,F,F,F,F,Front,F,Main,1.8485386371613,Volt DC,10,T,2W,T,F,243.275696020
0.3499257862568,Amp DC,1,5.5,F,F,F,F,F,F,Front,F,Main,1.8459651470184,Volt DC,10,T,2W,T,F,243.359455360
0.3499281704426,Amp DC,1,5.5,F,F,F,F,F,F,Front,F,Main,1.8475787639618,Volt DC,10,T,2W,T,F,243.443222840
0.3499306440353,Amp DC,1,5.5,F,F,F,F,F,F,Front,F,Main,1.8598988056183,Volt DC,10,T,2W,T,F,243.526981440
0.3499387204647,Amp DC,1,5.5,F,F,F,F,F,F,Front,F,Main,1.8708102703094,Volt DC,10,T,2W,T,F,243.610742000
0.3499281704426,Amp DC,1,5.5,F,F,F,F,F,F,Front,F,Main,1.8499585390091,Volt DC,10,T,2W,T,F,243.694497720
0.3499240279198,Amp DC,1,5.5,F,F,F,F,F,F,Front,F,Main,1.8574728965759,Volt DC,10,T,2W,T,F,243.778256280
0.3499339222908,Amp DC,1,5.5,F,F,F,F,F,F,Front,F,Main,1.8573746681213,Volt DC,10,T,2W,T,F,243.862012240
0.3499264419079,Amp DC,1,5.5,F,F,F,F,F,F,Front,F,Main,1.8360064029694,Volt DC,10,T,2W,T,F,243.945768080
0.3499182462692,Amp DC,1,5.5,F,F,F,F,F,F,Front,F,Main,1.8488072156906,Volt DC,10,T,2W,T,F,244.029516980
0.3499310612679,Amp DC,1,5.5,F,F,F,F,F,F,Front,F,Main,1.8621716499329,Volt DC,10,T,2W,T,F,244.113270000
0.3499252796173,Amp DC,1,5.5,F,F,F,F,F,F,Front,F,Main,1.8640943765640,Volt DC,10,T,2W,T,F,244.197034800
0.3499234318733,Amp DC,1,5.5,F,F,F,F,F,F,Front,F,Main,1.8699388504028,Volt DC,10,T,2W,T,F,244.280792660
0.3499140441418,Amp DC,1,5.5,F,F,F,F,F,F,Front,F,Main,1.8760688304901,Volt DC,10,T,2W,T,F,244.364543660
0.3499270677567,Amp DC,1,5.5,F,F,F,F,F,F,Front,F,Main,1.8766841888428,Volt DC,10,T,2W,T,F,244.448310440
0.3499345183372,Amp DC,1,5.5,F,F,F,F,F,F,Front,F,Main,1.8690580129623,Volt DC,10,T,2W,T,F,244.532075480
0.3499111831188,Amp DC,1,5.5,F,F,F,F,F,F,Front,F,Main,1.8790415525436,Volt DC,10,T,2W,T,F,244.615862400
0.3499194383621,Amp DC,1,5.5,F,F,F,F,F,F,Front,F,Main,1.8765685558319,Volt DC,10,T,2W,T,F,244.699630840
0.3499216735363,Amp DC,1,5.5,F,F,F,F,F,F,Front,F,Main,1.8765726089478,Volt DC,10,T,2W,T,F,244.783388720
0.3499183058739,Amp DC,1,5.5,F,F,F,F,F,F,Front,F,Main,1.8748054504395,Volt DC,10,T,2W,T,F,244.867139000
0.3499224483967,Amp DC,1,5.5,F,F,F,F,F,F,Front,F,Main,1.8638222217560,Volt DC,10,T,2W,T,F,244.950915920
0.3499205708504,Amp DC,1,5.5,F,F,F,F,F,F,Front,F,Main,1.8672752380371,Volt DC,10,T,2W,T,F,245.034679580
0.3499145209789,Amp DC,1,5.5,F,F,F,F,F,F,Front,F,Main,1.8510056734085,Volt DC,10,T,2W,T,F,245.118451300
0.3499140143394,Amp DC,1,5.5,F,F,F,F,F,F,Front,F,Main,1.8550289869308,Volt DC,10,T,2W,T,F,245.202203260
0.3499175608158,Amp DC,1,5.5,F,F,F,F,F,F,Front,F,Main,1.8509935140610,Volt DC,10,T,2W,T,F,245.285982660
0.3499158918858,Amp DC,1,5.5,F,F,F,F,F,F,Front,F,Main,1.8529930114746,Volt DC,10,T,2W,T,F,245.369730620
0.3499066233635,Amp DC,1,5.5,F,F,F,F,F,F,Front,F,Main,1.8699291944504,Volt DC,10,T,2W,T,F,245.453499740
0.3499176502228,Amp DC,1,5.5,F,F,F,F,F,F,Front,F,Main,1.8589476346970,Volt DC,10,T,2W,T,F,245.537248780
0.3499221801758,Amp DC,1,5.5,F,F,F,F,F,F,Front,F,Main,1.8606789112091,Volt DC,10,T,2W,T,F,245.621035660
0.3499229252338,Amp DC,1,5.5,F,F,F,F,F,F,Front,F,Main,1.8455188274384,Volt DC,10,T,2W,T,F,245.704794780
0.3499183058739,Amp DC,1,5.5,F,F,F,F,F,F,Front,F,Main,1.8549296855927,Volt DC,10,T,2W,T,F,245.788555800
0.3499176800251,Amp DC,1,5.5,F,F,F,F,F,F,Front,F,Main,1.8611867427826,Volt DC,10,T,2W,T,F,245.872316360
0.3499280810356,Amp DC,1,5.5,F,F,F,F,F,F,Front,F,Main,1.8516011238098,Volt DC,10,T,2W,T,F,245.956082260
0.3500320017338,Amp DC,1,5.5,F,F,F,F,F,F,Front,F,Main,1.8012521266937,Volt DC,10,T,2W,T,F,246.039841520
0.3499082624912,Amp DC,1,5.5,F,F,F,F,F,F,Front,F,Main,1.8284424543381,Volt DC,10,T,2W,T,F,246.123592980
0.3499069213867,Amp DC,1,5.5,F,F,F,F,F,F,Front,F,Main,1.8257546424866,Volt DC,10,T,2W,T,F,246.207356980
0.3499100804329,Amp DC,1,5.5,F,F,F,F,F,F,Front,F,Main,1.8523174524307,Volt DC,10,T,2W,T,F,246.291117880
0.3499246239662,Amp DC,1,5.5,F,F,F,F,F,F,Front,F,Main,1.8038616180420,Volt DC,10,T,2W,T,F,246.374870900
0.3499170541763,Amp DC,1,5.5,F,F,F,F,F,F,Front,F,Main,1.8303503990173,Volt DC,10,T,2W,T,F,246.458652880
0.3499235510826,Amp DC,1,5.5,F,F,F,F,F,F,Front,F,Main,1.8229689598083,Volt DC,10,T,2W,T,F,246.542410700
0.3499054014683,Amp DC,1,5.5,F,F,F,F,F,F,Front,F,Main,1.8311506509781,Volt DC,10,T,2W,T,F,246.626162800
0.3499124646187,Amp DC,1,5.5,F,F,F,F,F,F,Front,F,Main,1.8287249803543,Volt DC,10,T,2W,T,F,246.709917060
0.3499181866646,Amp DC,1,5.5,F,F,F,F,F,F,Front,F,Main,1.8206900358200,Volt DC,10,T,2W,T,F,246.793683840
0.3499199450016,Amp DC,1,5.5,F,F,F,F,F,F,Front,F,Main,1.8304829597473,Volt DC,10,T,2W,T,F,246.877434820
0.3499134778976,Amp DC,1,5.5,F,F,F,F,F,F,Front,F,Main,1.8300081491470,Volt DC,10,T,2W,T,F,246.961193200
0.349922388792,Amp DC,1,5.5,F,F,F,F,F,F,Front,F,Main,1.8238593339920,Volt DC,10,T,2W,T,F,247.044973460
0.349915266037,Amp DC,1,5.5,F,F,F,F,F,F,Front,F,Main,1.8260906934738,Volt DC,10,T,2W,T,F,247.128728260
0.3499082922935,Amp DC,1,5.5,F,F,F,F,F,F,Front,F,Main,1.8145263195038,Volt DC,10,T,2W,T,F,247.212478960
0.3499049246311,Amp DC,1,5.5,F,F,F,F,F,F,Front,F,Main,1.8175305128098,Volt DC,10,T,2W,T,F,247.296217800
0.3499130010605,Amp DC,1,5.5,F,F,F,F,F,F,Front,F,Main,1.8208913803101,Volt DC,10,T,2W,T,F,247.379995020
0.3499041199684,Amp DC,1,5.5,F,F,F,F,F,F,Front,F,Main,1.8230278491974,Volt DC,10,T,2W,T,F,247.463746180
0.3499152362347,Amp DC,1,5.5,F,F,F,F,F,F,Front,F,Main,1.8011847734451,Volt DC,10,T,2W,T,F,247.547509640
0.3499194681644,Amp DC,1,5.5,F,F,F,F,F,F,Front,F,Main,1.7985321283340,Volt DC,10,T,2W,T,F,247.631271220
0.349927008152,Amp DC,1,5.5,F,F,F,F,F,F,Front,F,Main,1.7965399026871,Volt DC,10,T,2W,T,F,247.715024720
0.3499054014683,Amp DC,1,5.5,F,F,F,F,F,F,Front,F,Main,1.8028235435486,Volt DC,10,T,2W,T,F,247.798787860
0.3499013185501,Amp DC,1,5.5,F,F,F,F,F,F,Front,F,Main,1.7911347150803,Volt DC,10,T,2W,T,F,247.882542960
0.3499090075493,Amp DC,1,5.5,F,F,F,F,F,F,Front,F,Main,1.7791090011597,Volt DC,10,T,2W,T,F,247.966307920
0.349915355444,Amp DC,1,5.5,F,F,F,F,F,F,Front,F,Main,1.7765417098999,Volt DC,10,T,2W,T,F,248.050078760
0.3499071896076,Amp DC,1,5.5,F,F,F,F,F,F,Front,F,Main,1.7810544967651,Volt DC,10,T,2W,T,F,248.133839000
0.3499159216881,Amp DC,1,5.5,F,F,F,F,F,F,Front,F,Main,1.7589662075043,Volt DC,10,T,2W,T,F,248.217594160
0.3499176502228,Amp DC,1,5.5,F,F,F,F,F,F,Front,F,Main,1.7685625553131,Volt DC,10,T,2W,T,F,248.301363580
0.3499158918858,Amp DC,1,5.5,F,F,F,F,F,F,Front,F,Main,1.7248195409775,Volt DC,10,T,2W,T,F,248.385142080
0.349910646677,Amp DC,1,5.5,F,F,F,F,F,F,Front,F,Main,1.7241913080215,Volt DC,10,T,2W,T,F,248.468910280
0.3499082922935,Amp DC,1,5.5,F,F,F,F,F,F,Front,F,Main,1.7303385734558,Volt DC,10,T,2W,T,F,248.552676940
0.3499071002007,Amp DC,1,5.5,F,F,F,F,F,F,Front,F,Main,1.6964540481567,Volt DC,10,T,2W,T,F,248.636443820
0.3498976528645,Amp DC,1,5.5,F,F,F,F,F,F,Front,F,Main,1.6980146169662,Volt DC,10,T,2W,T,F,248.720205820
0.3499058783054,Amp DC,1,5.5,F,F,F,F,F,F,Front,F,Main,1.7048668861389,Volt DC,10,T,2W,T,F,248.803960120
0.3499065637589,Amp DC,1,5.5,F,F,F,F,F,F,Front,F,Main,1.7049056291580,Volt DC,10,T,2W,T,F,248.887718180
0.3499035835266,Amp DC,1,5.5,F,F,F,F,F,F,Front,F,Main,1.7026696205139,Volt DC,10,T,2W,T,F,248.971476540
0.3499019443989,Amp DC,1,5.5,F,F,F,F,F,F,Front,F,Main,1.6892930269241,Volt DC,10,T,2W,T,F,249.055254420
0.3499059975147,Amp DC,1,5.5,F,F,F,F,F,F,Front,F,Main,1.6788036823273,Volt DC,10,T,2W,T,F,249.139024820
0.3499028980732,Amp DC,1,5.5,F,F,F,F,F,F,Front,F,Main,1.6844435930252,Volt DC,10,T,2W,T,F,249.222785440
0.3499107062817,Amp DC,1,5.5,F,F,F,F,F,F,Front,F,Main,1.6882008314133,Volt DC,10,T,2W,T,F,249.306543920
0.3499083220959,Amp DC,1,5.5,F,F,F,F,F,F,Front,F,Main,1.6813890933990,Volt DC,10,T,2W,T,F,249.390311900
0.3499082624912,Amp DC,1,5.5,F,F,F,F,F,F,Front,F,Main,1.6728531122208,Volt DC,10,T,2W,T,F,249.474084340
0.3498977124691,Amp DC,1,5.5,F,F,F,F,F,F,Front,F,Main,1.6742143630981,Volt DC,10,T,2W,T,F,249.557857060
0.3499030768871,Amp DC,1,5.5,F,F,F,F,F,F,Front,F,Main,1.6769192218781,Volt DC,10,T,2W,T,F,249.641619560
0.3499019145966,Amp DC,1,5.5,F,F,F,F,F,F,Front,F,Main,1.6738003492355,Volt DC,10,T,2W,T,F,249.725378740
0.3499053418636,Amp DC,1,5.5,F,F,F,F,F,F,Front,F,Main,1.6645174026489,Volt DC,10,T,2W,T,F,249.809159860
0.3499066233635,Amp DC,1,5.5,F,F,F,F,F,F,Front,F,Main,1.6625758409500,Volt DC,10,T,2W,T,F,249.892915660
0.3499031662941,Amp DC,1,5.5,F,F,F,F,F,F,Front,F,Main,1.6608647108078,Volt DC,10,T,2W,T,F,249.976664240
0.3499048054218,Amp DC,1,5.5,F,F,F,F,F,F,Front,F,Main,1.6672450304031,Volt DC,10,T,2W,T,F,250.060430160
0.3499065935612,Amp DC,1,5.5,F,F,F,F,F,F,Front,F,Main,1.6584833860397,Volt DC,10,T,2W,T,F,250.144198060
0.3499112725258,Amp DC,1,5.5,F,F,F,F,F,F,Front,F,Main,1.6619186401367,Volt DC,10,T,2W,T,F,250.227967760
0.3499110043049,Amp DC,1,5.5,F,F,F,F,F,F,Front,F,Main,1.6555274724960,Volt DC,10,T,2W,T,F,250.311715440
0.3498972654343,Amp DC,1,5.5,F,F,F,F,F,F,Front,F,Main,1.6637731790543,Volt DC,10,T,2W,T,F,250.395482020
0.3499059975147,Amp DC,1,5.5,F,F,F,F,F,F,Front,F,Main,1.6579128503799,Volt DC,10,T,2W,T,F,250.479229260
0.349907130003,Amp DC,1,5.5,F,F,F,F,F,F,Front,F,Main,1.6444929838181,Volt DC,10,T,2W,T,F,250.562989660
0.349907130003,Amp DC,1,5.5,F,F,F,F,F,F,Front,F,Main,1.6350797414780,Volt DC,10,T,2W,T,F,250.646754480
0.3499031066895,Amp DC,1,5.5,F,F,F,F,F,F,Front,F,Main,1.6364136934280,Volt DC,10,T,2W,T,F,250.730520700
0.3499060571194,Amp DC,1,5.5,F,F,F,F,F,F,Front,F,Main,1.6354174613953,Volt DC,10,T,2W,T,F,250.814266700
0.3499001562595,Amp DC,1,5.5,F,F,F,F,F,F,Front,F,Main,1.6415069103241,Volt DC,10,T,2W,T,F,250.898036040
0.349907875061,Amp DC,1,5.5,F,F,F,F,F,F,Front,F,Main,1.6397525072098,Volt DC,10,T,2W,T,F,250.981805940
0.3499041795731,Amp DC,1,5.5,F,F,F,F,F,F,Front,F,Main,1.6364271640778,Volt DC,10,T,2W,T,F,251.065564820
0.3499030470848,Amp DC,1,5.5,F,F,F,F,F,F,Front,F,Main,1.6337934732437,Volt DC,10,T,2W,T,F,251.149334080
0.3499019145966,Amp DC,1,5.5,F,F,F,F,F,F,Front,F,Main,1.6476522684097,Volt DC,10,T,2W,T,F,251.233108780
0.3498972058296,Amp DC,1,5.5,F,F,F,F,F,F,Front,F,Main,1.6402528285980,Volt DC,10,T,2W,T,F,251.316887860
0.3498902916908,Amp DC,1,5.5,F,F,F,F,F,F,Front,F,Main,1.6499052047729,Volt DC,10,T,2W,T,F,251.400645400
0.3499118089676,Amp DC,1,5.5,F,F,F,F,F,F,Front,F,Main,1.6520203351974,Volt DC,10,T,2W,T,F,251.484392720
