Style,Standard
Append Mode,1
Fill Mode,1
Capacity,100000
Count,401
Base Time Seconds,1615398709
Base Time Fractional,.771562800
Base Time,03/10/2021 17:51:49.771562800
Reading,Unit,Range Digits,Disp Digits,Math,Start Group,Limit1 High,Limit1 Low,Limit2 High,Limit2 Low,Terminal,Questionable,Origin,Value,Unit,Digits,Output,Sense,Source Limit,Overtemp,Relative Time
-0.001001237076707,Amp DC,.001,5.5,F,F,F,F,F,F,Front,F,Main,-9.9996671676636,Volt DC,10,T,2W,F,F,0.000000000
-0.0009962486801669,Amp DC,.001,5.5,F,F,F,F,F,F,Front,F,Main,-9.9495573043823,Volt DC,10,T,2W,F,F,0.083766420
-0.0009912661043927,Amp DC,.001,5.5,F,F,F,F,F,F,Front,F,Main,-9.8997669219971,Volt DC,10,T,2W,F,F,0.167518480
-0.0009862491860986,Amp DC,.001,5.5,F,F,F,F,F,F,Front,F,Main,-9.8496885299683,Volt DC,10,T,2W,F,F,0.251273980
-0.0009812267962843,Amp DC,.001,5.5,F,F,F,F,F,F,Front,F,Main,-9.7995510101318,Volt DC,10,T,2W,F,F,0.335018900
-0.0009762457339093,Amp DC,.001,5.5,F,F,F,F,F,F,Front,F,Main,-9.7498064041138,Volt DC,10,T,2W,F,F,0.418773960
-0.0009712327155285,Amp DC,.001,5.5,F,F,F,F,F,F,Front,F,Main,-9.6997404098511,Volt DC,10,T,2W,F,F,0.502535960
-0.0009662145166658,Amp DC,.001,5.5,F,F,F,F,F,F,Front,F,Main,-9.6496143341064,Volt DC,10,T,2W,F,F,0.586296880
-0.0009612355497666,Amp DC,.001,5.5,F,F,F,F,F,F,Front,F,Main,-9.5998878479004,Volt DC,10,T,2W,F,F,0.670059160
-0.0009562118211761,Amp DC,.001,5.5,F,F,F,F,F,F,Front,F,Main,-9.5497283935547,Volt DC,10,T,2W,F,F,0.753799700
-0.0009511956013739,Amp DC,.001,5.5,F,F,F,F,F,F,Front,F,Main,-9.4996414184570,Volt DC,10,T,2W,F,F,0.837543160
-0.0009461762965657,Amp DC,.001,5.5,F,F,F,F,F,F,Front,F,Main,-9.4495248794556,Volt DC,10,T,2W,F,F,0.921296060
-0.0009411912178621,Amp DC,.001,5.5,F,F,F,F,F,F,Front,F,Main,-9.3997850418091,Volt DC,10,T,2W,F,F,1.005041480
-0.0009361786069348,Amp DC,.001,5.5,F,F,F,F,F,F,Front,F,Main,-9.3496789932251,Volt DC,10,T,2W,F,F,1.088808140
-0.0009311620960943,Amp DC,.001,5.5,F,F,F,F,F,F,Front,F,Main,-9.2995729446411,Volt DC,10,T,2W,F,F,1.172570920
-0.0009261837694794,Amp DC,.001,5.5,F,F,F,F,F,F,Front,F,Main,-9.2498416900635,Volt DC,10,T,2W,F,F,1.256337020
-0.0009211623691954,Amp DC,.001,5.5,F,F,F,F,F,F,Front,F,Main,-9.1996870040894,Volt DC,10,T,2W,F,F,1.340108920
-0.0009161502821371,Amp DC,.001,5.5,F,F,F,F,F,F,Front,F,Main,-9.1496067047119,Volt DC,10,T,2W,F,F,1.423867740
-0.0009111692779697,Amp DC,.001,5.5,F,F,F,F,F,F,Front,F,Main,-9.0998744964600,Volt DC,10,T,2W,F,F,1.507618860
-0.0009061496239156,Amp DC,.001,5.5,F,F,F,F,F,F,Front,F,Main,-9.0497541427612,Volt DC,10,T,2W,F,F,1.591380100
-0.0009011325892061,Amp DC,.001,5.5,F,F,F,F,F,F,Front,F,Main,-8.9996614456177,Volt DC,10,T,2W,F,F,1.675131500
-0.0008961145067587,Amp DC,.001,5.5,F,F,F,F,F,F,Front,F,Main,-8.9495401382446,Volt DC,10,T,2W,F,F,1.758896140
-0.0008911361801438,Amp DC,.001,5.5,F,F,F,F,F,F,Front,F,Main,-8.8998270034790,Volt DC,10,T,2W,F,F,1.842661440
-0.0008861139649525,Amp DC,.001,5.5,F,F,F,F,F,F,Front,F,Main,-8.8496522903442,Volt DC,10,T,2W,F,F,1.926426380
-0.0008811005973257,Amp DC,.001,5.5,F,F,F,F,F,F,Front,F,Main,-8.7996034622192,Volt DC,10,T,2W,F,F,2.010192740
-0.0008761190110818,Amp DC,.001,5.5,F,F,F,F,F,F,Front,F,Main,-8.7498588562012,Volt DC,10,T,2W,F,F,2.093933660
-0.0008711004047655,Amp DC,.001,5.5,F,F,F,F,F,F,Front,F,Main,-8.6997251510620,Volt DC,10,T,2W,F,F,2.177706480
-0.0008660856983624,Amp DC,.001,5.5,F,F,F,F,F,F,Front,F,Main,-8.6496362686157,Volt DC,10,T,2W,F,F,2.261453720
-0.0008611023658887,Amp DC,.001,5.5,F,F,F,F,F,F,Front,F,Main,-8.5998783111572,Volt DC,10,T,2W,F,F,2.345206900
-0.0008560871938244,Amp DC,.001,5.5,F,F,F,F,F,F,Front,F,Main,-8.5498008728027,Volt DC,10,T,2W,F,F,2.428980220
-0.0008510699844919,Amp DC,.001,5.5,F,F,F,F,F,F,Front,F,Main,-8.4996871948242,Volt DC,10,T,2W,F,F,2.512710400
-0.0008460537646897,Amp DC,.001,5.5,F,F,F,F,F,F,Front,F,Main,-8.4495925903320,Volt DC,10,T,2W,F,F,2.596451900
-0.0008410708396696,Amp DC,.001,5.5,F,F,F,F,F,F,Front,F,Main,-8.3998250961304,Volt DC,10,T,2W,F,F,2.680205020
-0.0008360507781617,Amp DC,.001,5.5,F,F,F,F,F,F,Front,F,Main,-8.3496971130371,Volt DC,10,T,2W,F,F,2.763953720
-0.0008310360135511,Amp DC,.001,5.5,F,F,F,F,F,F,Front,F,Main,-8.2996187210083,Volt DC,10,T,2W,F,F,2.847699520
-0.0008260507020168,Amp DC,.001,5.5,F,F,F,F,F,F,Front,F,Main,-8.2498416900635,Volt DC,10,T,2W,F,F,2.931456300
-0.0008210380328819,Amp DC,.001,5.5,F,F,F,F,F,F,Front,F,Main,-8.1997690200806,Volt DC,10,T,2W,F,F,3.015199880
-0.0008160212892108,Amp DC,.001,5.5,F,F,F,F,F,F,Front,F,Main,-8.1496648788452,Volt DC,10,T,2W,F,F,3.098938200
-0.0008110359194688,Amp DC,.001,5.5,F,F,F,F,F,F,Front,F,Main,-8.0998744964600,Volt DC,10,T,2W,F,F,3.182692460
-0.0008060206891969,Amp DC,.001,5.5,F,F,F,F,F,F,Front,F,Main,-8.0497884750366,Volt DC,10,T,2W,F,F,3.266422320
-0.0008010019082576,Amp DC,.001,5.5,F,F,F,F,F,F,Front,F,Main,-7.9996695518494,Volt DC,10,T,2W,F,F,3.350181600
-0.0007960196817294,Amp DC,.001,5.5,F,F,F,F,F,F,Front,F,Main,-7.9499287605286,Volt DC,10,T,2W,F,F,3.433932480
-0.0007910076528788,Amp DC,.001,5.5,F,F,F,F,F,F,Front,F,Main,-7.8998618125916,Volt DC,10,T,2W,F,F,3.517683780
-0.0007859889883548,Amp DC,.001,5.5,F,F,F,F,F,F,Front,F,Main,-7.8497338294983,Volt DC,10,T,2W,F,F,3.601421280
-0.0007809724193066,Amp DC,.001,5.5,F,F,F,F,F,F,Front,F,Main,-7.7996454238892,Volt DC,10,T,2W,F,F,3.685205460
-0.0007759867003188,Amp DC,.001,5.5,F,F,F,F,F,F,Front,F,Main,-7.7498450279236,Volt DC,10,T,2W,F,F,3.768966240
-0.0007709732162766,Amp DC,.001,5.5,F,F,F,F,F,F,Front,F,Main,-7.6997742652893,Volt DC,10,T,2W,F,F,3.852702580
-0.0007659540860914,Amp DC,.001,5.5,F,F,F,F,F,F,Front,F,Main,-7.6496610641479,Volt DC,10,T,2W,F,F,3.936452580
-0.0007609757012688,Amp DC,.001,5.5,F,F,F,F,F,F,Front,F,Main,-7.5999283790588,Volt DC,10,T,2W,F,F,4.020214980
-0.0007559597142972,Amp DC,.001,5.5,F,F,F,F,F,F,Front,F,Main,-7.5498414039612,Volt DC,10,T,2W,F,F,4.103971320
-0.0007509411661886,Amp DC,.001,5.5,F,F,F,F,F,F,Front,F,Main,-7.4997196197510,Volt DC,10,T,2W,F,F,4.187728900
-0.0007459566113539,Amp DC,.001,5.5,F,F,F,F,F,F,Front,F,Main,-7.4499435424805,Volt DC,10,T,2W,F,F,4.271462640
-0.0007409394020215,Amp DC,.001,5.5,F,F,F,F,F,F,Front,F,Main,-7.3998236656189,Volt DC,10,T,2W,F,F,4.355224060
-0.0007359256851487,Amp DC,.001,5.5,F,F,F,F,F,F,Front,F,Main,-7.3497800827026,Volt DC,10,T,2W,F,F,4.438974180
-0.000730907835532,Amp DC,.001,5.5,F,F,F,F,F,F,Front,F,Main,-7.2996644973755,Volt DC,10,T,2W,F,F,4.522722620
-0.0007259263074957,Amp DC,.001,5.5,F,F,F,F,F,F,Front,F,Main,-7.2499060630798,Volt DC,10,T,2W,F,F,4.606449880
-0.0007209116010927,Amp DC,.001,5.5,F,F,F,F,F,F,Front,F,Main,-7.1998276710510,Volt DC,10,T,2W,F,F,4.690218520
-0.0007158914231695,Amp DC,.001,5.5,F,F,F,F,F,F,Front,F,Main,-7.1496791839600,Volt DC,10,T,2W,F,F,4.773977300
-0.0007109097787179,Amp DC,.001,5.5,F,F,F,F,F,F,Front,F,Main,-7.0999245643616,Volt DC,10,T,2W,F,F,4.857735580
-0.0007058957708068,Amp DC,.001,5.5,F,F,F,F,F,F,Front,F,Main,-7.0498681068420,Volt DC,10,T,2W,F,F,4.941488680
-0.0007008768152446,Amp DC,.001,5.5,F,F,F,F,F,F,Front,F,Main,-6.9997315406799,Volt DC,10,T,2W,F,F,5.025237120
-0.0006958953454159,Amp DC,.001,5.5,F,F,F,F,F,F,Front,F,Main,-6.9499845504761,Volt DC,10,T,2W,F,F,5.109016860
-0.0006908784853294,Amp DC,.001,5.5,F,F,F,F,F,F,Front,F,Main,-6.8998808860779,Volt DC,10,T,2W,F,F,5.192763940
-0.0006858619744889,Amp DC,.001,5.5,F,F,F,F,F,F,Front,F,Main,-6.8497829437256,Volt DC,10,T,2W,F,F,5.276528220
-0.0006808415055275,Amp DC,.001,5.5,F,F,F,F,F,F,Front,F,Main,-6.7996559143066,Volt DC,10,T,2W,F,F,5.360269600
-0.0006758602103218,Amp DC,.001,5.5,F,F,F,F,F,F,Front,F,Main,-6.7499127388000,Volt DC,10,T,2W,F,F,5.444050860
-0.000670844106935,Amp DC,.001,5.5,F,F,F,F,F,F,Front,F,Main,-6.6998157501221,Volt DC,10,T,2W,F,F,5.527809940
-0.000665825093165,Amp DC,.001,5.5,F,F,F,F,F,F,Front,F,Main,-6.6496753692627,Volt DC,10,T,2W,F,F,5.611584980
-0.0006608441472054,Amp DC,.001,5.5,F,F,F,F,F,F,Front,F,Main,-6.5999240875244,Volt DC,10,T,2W,F,F,5.695352680
-0.0006558266468346,Amp DC,.001,5.5,F,F,F,F,F,F,Front,F,Main,-6.5498118400574,Volt DC,10,T,2W,F,F,5.779100420
-0.0006508135702461,Amp DC,.001,5.5,F,F,F,F,F,F,Front,F,Main,-6.4997329711914,Volt DC,10,T,2W,F,F,5.862852880
-0.0006458305870183,Amp DC,.001,5.5,F,F,F,F,F,F,Front,F,Main,-6.4499802589417,Volt DC,10,T,2W,F,F,5.946602820
-0.0006408101180568,Amp DC,.001,5.5,F,F,F,F,F,F,Front,F,Main,-6.3998551368713,Volt DC,10,T,2W,F,F,6.030349400
-0.0006358071696013,Amp DC,.001,5.5,F,F,F,F,F,F,Front,F,Main,-6.3497753143311,Volt DC,10,T,2W,F,F,6.114096940
-0.0006307802977972,Amp DC,.001,5.5,F,F,F,F,F,F,Front,F,Main,-6.2996487617493,Volt DC,10,T,2W,F,F,6.197866260
-0.0006257819477469,Amp DC,.001,5.5,F,F,F,F,F,F,Front,F,Main,-6.2498979568481,Volt DC,10,T,2W,F,F,6.281617760
-0.0006207769038156,Amp DC,.001,5.5,F,F,F,F,F,F,Front,F,Main,-6.1997961997986,Volt DC,10,T,2W,F,F,6.365388160
-0.0006157577154227,Amp DC,.001,5.5,F,F,F,F,F,F,Front,F,Main,-6.1497044563293,Volt DC,10,T,2W,F,F,6.449153140
-0.0006107766530477,Amp DC,.001,5.5,F,F,F,F,F,F,Front,F,Main,-6.0999417304993,Volt DC,10,T,2W,F,F,6.532906160
-0.0006057610153221,Amp DC,.001,5.5,F,F,F,F,F,F,Front,F,Main,-6.0498261451721,Volt DC,10,T,2W,F,F,6.616648820
-0.0006007457268424,Amp DC,.001,5.5,F,F,F,F,F,F,Front,F,Main,-5.9997353553772,Volt DC,10,T,2W,F,F,6.700412920
-0.000595762685407,Amp DC,.001,5.5,F,F,F,F,F,F,Front,F,Main,-5.9499545097351,Volt DC,10,T,2W,F,F,6.784183740
-0.0005907475133426,Amp DC,.001,5.5,F,F,F,F,F,F,Front,F,Main,-5.8998713493347,Volt DC,10,T,2W,F,F,6.867945800
-0.000585735659115,Amp DC,.001,5.5,F,F,F,F,F,F,Front,F,Main,-5.8498153686523,Volt DC,10,T,2W,F,F,6.951684020
-0.0005807161796838,Amp DC,.001,5.5,F,F,F,F,F,F,Front,F,Main,-5.7996873855591,Volt DC,10,T,2W,F,F,7.035438460
-0.0005757332546636,Amp DC,.001,5.5,F,F,F,F,F,F,Front,F,Main,-5.7499189376831,Volt DC,10,T,2W,F,F,7.119186420
-0.000570715230424,Amp DC,.001,5.5,F,F,F,F,F,F,Front,F,Main,-5.6997985839844,Volt DC,10,T,2W,F,F,7.202949520
-0.0005657013971359,Amp DC,.001,5.5,F,F,F,F,F,F,Front,F,Main,-5.6497278213501,Volt DC,10,T,2W,F,F,7.286686620
-0.000560715678148,Amp DC,.001,5.5,F,F,F,F,F,F,Front,F,Main,-5.5999345779419,Volt DC,10,T,2W,F,F,7.370449040
-0.0005557016702369,Amp DC,.001,5.5,F,F,F,F,F,F,Front,F,Main,-5.5498647689819,Volt DC,10,T,2W,F,F,7.454202500
-0.0005506883608177,Amp DC,.001,5.5,F,F,F,F,F,F,Front,F,Main,-5.4997901916504,Volt DC,10,T,2W,F,F,7.537951120
-0.0005457001971081,Amp DC,.001,5.5,F,F,F,F,F,F,Front,F,Main,-5.4499745368958,Volt DC,10,T,2W,F,F,7.621704920
-0.0005406839773059,Amp DC,.001,5.5,F,F,F,F,F,F,Front,F,Main,-5.3998818397522,Volt DC,10,T,2W,F,F,7.705469840
-0.0005356663023122,Amp DC,.001,5.5,F,F,F,F,F,F,Front,F,Main,-5.3497662544250,Volt DC,10,T,2W,F,F,7.789253580
-0.0005306505481713,Amp DC,.001,5.5,F,F,F,F,F,F,Front,F,Main,-5.2996740341187,Volt DC,10,T,2W,F,F,7.872990800
-0.0005256680306047,Amp DC,.001,5.5,F,F,F,F,F,F,Front,F,Main,-5.2499132156372,Volt DC,10,T,2W,F,F,7.956745960
-0.0005206511705182,Amp DC,.001,5.5,F,F,F,F,F,F,Front,F,Main,-5.1998028755188,Volt DC,10,T,2W,F,F,8.040501720
-0.0005156359984539,Amp DC,.001,5.5,F,F,F,F,F,F,Front,F,Main,-5.1497154235840,Volt DC,10,T,2W,F,F,8.124259480
-0.0005106484750286,Amp DC,.001,5.5,F,F,F,F,F,F,Front,F,Main,-5.0999135971069,Volt DC,10,T,2W,F,F,8.208018280
-0.0005056340596639,Amp DC,.001,5.5,F,F,F,F,F,F,Front,F,Main,-5.0498318672180,Volt DC,10,T,2W,F,F,8.291779200
-0.0005006156279705,Amp DC,.001,5.5,F,F,F,F,F,F,Front,F,Main,-4.9997086524963,Volt DC,10,T,2W,F,F,8.375520180
-0.0004956353222951,Amp DC,.001,5.5,F,F,F,F,F,F,Front,F,Main,-4.9499697685242,Volt DC,10,T,2W,F,F,8.459261240
-0.0004906217218377,Amp DC,.001,5.5,F,F,F,F,F,F,Front,F,Main,-4.8998970985413,Volt DC,10,T,2W,F,F,8.543020940
-0.0004856029408984,Amp DC,.001,5.5,F,F,F,F,F,F,Front,F,Main,-4.8497781753540,Volt DC,10,T,2W,F,F,8.626769880
-0.0004805874777958,Amp DC,.001,5.5,F,F,F,F,F,F,Front,F,Main,-4.7996864318848,Volt DC,10,T,2W,F,F,8.710532240
-0.0004756015259773,Amp DC,.001,5.5,F,F,F,F,F,F,Front,F,Main,-4.7498850822449,Volt DC,10,T,2W,F,F,8.794273680
-0.0004705856263172,Amp DC,.001,5.5,F,F,F,F,F,F,Front,F,Main,-4.6997938156128,Volt DC,10,T,2W,F,F,8.878049760
-0.0004655712400563,Amp DC,.001,5.5,F,F,F,F,F,F,Front,F,Main,-4.6497211456299,Volt DC,10,T,2W,F,F,8.961800280
-0.0004605870053638,Amp DC,.001,5.5,F,F,F,F,F,F,Front,F,Main,-4.5999388694763,Volt DC,10,T,2W,F,F,9.045526940
-0.0004555721534416,Amp DC,.001,5.5,F,F,F,F,F,F,Front,F,Main,-4.5498600006104,Volt DC,10,T,2W,F,F,9.129278900
-0.0004505539836828,Amp DC,.001,5.5,F,F,F,F,F,F,Front,F,Main,-4.4997367858887,Volt DC,10,T,2W,F,F,9.213023260
-0.0004455732414499,Amp DC,.001,5.5,F,F,F,F,F,F,Front,F,Main,-4.4499950408936,Volt DC,10,T,2W,F,F,9.296763900
-0.0004405587678775,Amp DC,.001,5.5,F,F,F,F,F,F,Front,F,Main,-4.3999090194702,Volt DC,10,T,2W,F,F,9.380523500
-0.000435538822785,Amp DC,.001,5.5,F,F,F,F,F,F,Front,F,Main,-4.3497805595398,Volt DC,10,T,2W,F,F,9.464289340
-0.0004305247566663,Amp DC,.001,5.5,F,F,F,F,F,F,Front,F,Main,-4.2996978759766,Volt DC,10,T,2W,F,F,9.548017400
-0.0004255393287167,Amp DC,.001,5.5,F,F,F,F,F,F,Front,F,Main,-4.2499065399170,Volt DC,10,T,2W,F,F,9.631782320
-0.0004205239529256,Amp DC,.001,5.5,F,F,F,F,F,F,Front,F,Main,-4.1998152732849,Volt DC,10,T,2W,F,F,9.715525400
-0.0004155062197242,Amp DC,.001,5.5,F,F,F,F,F,F,Front,F,Main,-4.1497044563293,Volt DC,10,T,2W,F,F,9.799285600
-0.0004105241678189,Amp DC,.001,5.5,F,F,F,F,F,F,Front,F,Main,-4.0999464988708,Volt DC,10,T,2W,F,F,9.883041800
-0.0004055085009895,Amp DC,.001,5.5,F,F,F,F,F,F,Front,F,Main,-4.0498571395874,Volt DC,10,T,2W,F,F,9.966784880
-0.0004004903312307,Amp DC,.001,5.5,F,F,F,F,F,F,Front,F,Main,-3.9997367858887,Volt DC,10,T,2W,F,F,10.050529240
-0.0003955067950301,Amp DC,.001,5.5,F,F,F,F,F,F,Front,F,Main,-3.9499790668488,Volt DC,10,T,2W,F,F,10.134269540
-0.0003904849581886,Amp DC,.001,5.5,F,F,F,F,F,F,Front,F,Main,-3.8998162746429,Volt DC,10,T,2W,F,F,10.218031140
-0.000385471212212,Amp DC,.001,5.5,F,F,F,F,F,F,Front,F,Main,-3.8497436046600,Volt DC,10,T,2W,F,F,10.301762380
-0.0003804586594924,Amp DC,.001,5.5,F,F,F,F,F,F,Front,F,Main,-3.7996845245361,Volt DC,10,T,2W,F,F,10.385529140
-0.000375472009182,Amp DC,.001,5.5,F,F,F,F,F,F,Front,F,Main,-3.7498788833618,Volt DC,10,T,2W,F,F,10.469278480
-0.0003704581758939,Amp DC,.001,5.5,F,F,F,F,F,F,Front,F,Main,-3.6998064517975,Volt DC,10,T,2W,F,F,10.553015880
-0.0003654394531623,Amp DC,.001,5.5,F,F,F,F,F,F,Front,F,Main,-3.6496860980988,Volt DC,10,T,2W,F,F,10.636761640
-0.0003604570229072,Amp DC,.001,5.5,F,F,F,F,F,F,Front,F,Main,-3.5999169349670,Volt DC,10,T,2W,F,F,10.720502860
-0.0003554398135748,Amp DC,.001,5.5,F,F,F,F,F,F,Front,F,Main,-3.5498089790344,Volt DC,10,T,2W,F,F,10.804270320
-0.0003504271153361,Amp DC,.001,5.5,F,F,F,F,F,F,Front,F,Main,-3.4997446537018,Volt DC,10,T,2W,F,F,10.888024940
-0.0003454448888078,Amp DC,.001,5.5,F,F,F,F,F,F,Front,F,Main,-3.4499914646149,Volt DC,10,T,2W,F,F,10.971796980
-0.0003404243907426,Amp DC,.001,5.5,F,F,F,F,F,F,Front,F,Main,-3.3998525142670,Volt DC,10,T,2W,F,F,11.055560320
-0.000335408578394,Amp DC,.001,5.5,F,F,F,F,F,F,Front,F,Main,-3.3497688770294,Volt DC,10,T,2W,F,F,11.139329260
-0.0003303897683509,Amp DC,.001,5.5,F,F,F,F,F,F,Front,F,Main,-3.2996385097504,Volt DC,10,T,2W,F,F,11.223085420
-0.0003254081821069,Amp DC,.001,5.5,F,F,F,F,F,F,Front,F,Main,-3.2498807907104,Volt DC,10,T,2W,F,F,11.306828100
-0.0003203954547644,Amp DC,.001,5.5,F,F,F,F,F,F,Front,F,Main,-3.1998200416565,Volt DC,10,T,2W,F,F,11.390581260
-0.0003153761499561,Amp DC,.001,5.5,F,F,F,F,F,F,Front,F,Main,-3.1497004032135,Volt DC,10,T,2W,F,F,11.474327480
-0.0003103969502263,Amp DC,.001,5.5,F,F,F,F,F,F,Front,F,Main,-3.0999634265900,Volt DC,10,T,2W,F,F,11.558088780
-0.0003053762484342,Amp DC,.001,5.5,F,F,F,F,F,F,Front,F,Main,-3.0498208999634,Volt DC,10,T,2W,F,F,11.641821980
-0.0003003619494848,Amp DC,.001,5.5,F,F,F,F,F,F,Front,F,Main,-2.9997441768646,Volt DC,10,T,2W,F,F,11.725584340
-0.0002953753282782,Amp DC,.001,5.5,F,F,F,F,F,F,Front,F,Main,-2.9499447345734,Volt DC,10,T,2W,F,F,11.809329560
-0.0002903607091866,Amp DC,.001,5.5,F,F,F,F,F,F,Front,F,Main,-2.8998637199402,Volt DC,10,T,2W,F,F,11.893097060
-0.000285347661702,Amp DC,.001,5.5,F,F,F,F,F,F,Front,F,Main,-2.8497939109802,Volt DC,10,T,2W,F,F,11.976855880
-0.0002803293173201,Amp DC,.001,5.5,F,F,F,F,F,F,Front,F,Main,-2.7996706962585,Volt DC,10,T,2W,F,F,12.060586920
-0.0002753474982455,Amp DC,.001,5.5,F,F,F,F,F,F,Front,F,Main,-2.7499198913574,Volt DC,10,T,2W,F,F,12.144367540
-0.0002703274658415,Amp DC,.001,5.5,F,F,F,F,F,F,Front,F,Main,-2.6997835636139,Volt DC,10,T,2W,F,F,12.228124940
-0.0002653108094819,Amp DC,.001,5.5,F,F,F,F,F,F,Front,F,Main,-2.6496789455414,Volt DC,10,T,2W,F,F,12.311883660
-0.0002603300381452,Amp DC,.001,5.5,F,F,F,F,F,F,Front,F,Main,-2.5999379158020,Volt DC,10,T,2W,F,F,12.395627580
-0.0002553074155003,Amp DC,.001,5.5,F,F,F,F,F,F,Front,F,Main,-2.5497782230377,Volt DC,10,T,2W,F,F,12.479393580
-0.0002502936986275,Amp DC,.001,5.5,F,F,F,F,F,F,Front,F,Main,-2.4997007846832,Volt DC,10,T,2W,F,F,12.563141040
-0.0002453094930388,Amp DC,.001,5.5,F,F,F,F,F,F,Front,F,Main,-2.4499249458313,Volt DC,10,T,2W,F,F,12.646890900
-0.0002402958052699,Amp DC,.001,5.5,F,F,F,F,F,F,Front,F,Main,-2.3998496532440,Volt DC,10,T,2W,F,F,12.730640660
-0.0002352753217565,Amp DC,.001,5.5,F,F,F,F,F,F,Front,F,Main,-2.3497080802917,Volt DC,10,T,2W,F,F,12.814402100
-0.0002302621578565,Amp DC,.001,5.5,F,F,F,F,F,F,Front,F,Main,-2.2996418476105,Volt DC,10,T,2W,F,F,12.898171780
-0.0002252806007164,Amp DC,.001,5.5,F,F,F,F,F,F,Front,F,Main,-2.2498924732208,Volt DC,10,T,2W,F,F,12.981930940
-0.0002202604955528,Amp DC,.001,5.5,F,F,F,F,F,F,Front,F,Main,-2.1997549533844,Volt DC,10,T,2W,F,F,13.065672140
-0.0002152462548111,Amp DC,.001,5.5,F,F,F,F,F,F,Front,F,Main,-2.1496770381927,Volt DC,10,T,2W,F,F,13.149424840
-0.0002102633879986,Amp DC,.001,5.5,F,F,F,F,F,F,Front,F,Main,-2.0999095439911,Volt DC,10,T,2W,F,F,13.233186380
-0.000205246193218,Amp DC,.001,5.5,F,F,F,F,F,F,Front,F,Main,-2.0497999191284,Volt DC,10,T,2W,F,F,13.316914220
-0.0002002312394325,Amp DC,.001,5.5,F,F,F,F,F,F,Front,F,Main,-1.9997196197510,Volt DC,10,T,2W,F,F,13.400678180
-0.000195246131625,Amp DC,.001,5.5,F,F,F,F,F,F,Front,F,Main,-1.9499298334122,Volt DC,10,T,2W,F,F,13.484426840
-0.0001902293442981,Amp DC,.001,5.5,F,F,F,F,F,F,Front,F,Main,-1.8998270034790,Volt DC,10,T,2W,F,F,13.568179620
-0.0001852111017797,Amp DC,.001,5.5,F,F,F,F,F,F,Front,F,Main,-1.8497105836868,Volt DC,10,T,2W,F,F,13.651918240
-0.0001801977778086,Amp DC,.001,5.5,F,F,F,F,F,F,Front,F,Main,-1.7996420860291,Volt DC,10,T,2W,F,F,13.735651280
-0.0001752124953782,Amp DC,.001,5.5,F,F,F,F,F,F,Front,F,Main,-1.7498501539230,Volt DC,10,T,2W,F,F,13.819408700
-0.0001701971923467,Amp DC,.001,5.5,F,F,F,F,F,F,Front,F,Main,-1.6997631788254,Volt DC,10,T,2W,F,F,13.903146780
-0.0001651836064411,Amp DC,.001,5.5,F,F,F,F,F,F,Front,F,Main,-1.6496964693069,Volt DC,10,T,2W,F,F,13.986892920
-0.0001601957192179,Amp DC,.001,5.5,F,F,F,F,F,F,Front,F,Main,-1.5998784303665,Volt DC,10,T,2W,F,F,14.070636000
-0.0001551828609081,Amp DC,.001,5.5,F,F,F,F,F,F,Front,F,Main,-1.5497969388962,Volt DC,10,T,2W,F,F,14.154392840
-0.0001501636579633,Amp DC,.001,5.5,F,F,F,F,F,F,Front,F,Main,-1.4996759891510,Volt DC,10,T,2W,F,F,14.238165960
-0.0001451839780202,Amp DC,.001,5.5,F,F,F,F,F,F,Front,F,Main,-1.4499447345734,Volt DC,10,T,2W,F,F,14.321920540
-0.0001401686022291,Amp DC,.001,5.5,F,F,F,F,F,F,Front,F,Main,-1.3998622894287,Volt DC,10,T,2W,F,F,14.405660800
-0.0001351474638795,Amp DC,.001,5.5,F,F,F,F,F,F,Front,F,Main,-1.3497210741043,Volt DC,10,T,2W,F,F,14.489395000
-0.0001301329466514,Amp DC,.001,5.5,F,F,F,F,F,F,Front,F,Main,-1.2996252775192,Volt DC,10,T,2W,F,F,14.573138960
-0.000125145947095,Amp DC,.001,5.5,F,F,F,F,F,F,Front,F,Main,-1.2498202323914,Volt DC,10,T,2W,F,F,14.656875460
-0.0001201298873639,Amp DC,.001,5.5,F,F,F,F,F,F,Front,F,Main,-1.1997218132019,Volt DC,10,T,2W,F,F,14.740616920
-0.0001151132382802,Amp DC,.001,5.5,F,F,F,F,F,F,Front,F,Main,-1.1496307849884,Volt DC,10,T,2W,F,F,14.824366860
-0.0001101304442273,Amp DC,.001,5.5,F,F,F,F,F,F,Front,F,Main,-1.0998530387878,Volt DC,10,T,2W,F,F,14.908124120
-0.0001051166691468,Amp DC,.001,5.5,F,F,F,F,F,F,Front,F,Main,-1.0497876405716,Volt DC,10,T,2W,F,F,14.991850500
-0.0001000958727673,Amp DC,.001,5.5,F,F,F,F,F,F,Front,F,Main,-0.9996486902237,Volt DC,10,T,2W,F,F,15.075593040
-9.509733354207e-05,Amp DC,.0001,5.5,F,F,F,F,F,F,Front,F,Main,-0.9497877359390,Volt DC,10,T,2W,F,F,15.317642300
-9.00791856111e-05,Amp DC,.0001,5.5,F,F,F,F,F,F,Front,F,Main,-0.8996640443802,Volt DC,10,T,2W,F,F,15.401416520
-8.506599260727e-05,Amp DC,.0001,5.5,F,F,F,F,F,F,Front,F,Main,-0.8495869636536,Volt DC,10,T,2W,F,F,15.485172660
-8.005303971004e-05,Amp DC,.0001,5.5,F,F,F,F,F,F,Front,F,Main,-0.7995189428329,Volt DC,10,T,2W,F,F,15.568925380
-7.507143163821e-05,Amp DC,.0001,5.5,F,F,F,F,F,F,Front,F,Main,-0.7497637271881,Volt DC,10,T,2W,F,F,15.652701860
-7.005627412582e-05,Amp DC,.0001,5.5,F,F,F,F,F,F,Front,F,Main,-0.6996750831604,Volt DC,10,T,2W,F,F,15.736446100
-6.503632175736e-05,Amp DC,.0001,5.5,F,F,F,F,F,F,Front,F,Main,-0.6495309472084,Volt DC,10,T,2W,F,F,15.820189440
-6.005554678268e-05,Amp DC,.0001,5.5,F,F,F,F,F,F,Front,F,Main,-0.5997818112373,Volt DC,10,T,2W,F,F,15.903934580
-5.504154614755e-05,Amp DC,.0001,5.5,F,F,F,F,F,F,Front,F,Main,-0.5496944785118,Volt DC,10,T,2W,F,F,15.987677620
-5.0022295909e-05,Amp DC,.0001,5.5,F,F,F,F,F,F,Front,F,Main,-0.4995688199997,Volt DC,10,T,2W,F,F,16.071422920
-4.504526441451e-05,Amp DC,.0001,5.5,F,F,F,F,F,F,Front,F,Main,-0.4498556554317,Volt DC,10,T,2W,F,F,16.155162800
-4.002943387604e-05,Amp DC,.0001,5.5,F,F,F,F,F,F,Front,F,Main,-0.3997521102428,Volt DC,10,T,2W,F,F,16.238915760
-3.50134105247e-05,Amp DC,.0001,5.5,F,F,F,F,F,F,Front,F,Main,-0.3496485352516,Volt DC,10,T,2W,F,F,16.322654360
-2.999609932886e-05,Amp DC,.0001,5.5,F,F,F,F,F,F,Front,F,Main,-0.2995359301567,Volt DC,10,T,2W,F,F,16.406403820
-2.501615745132e-05,Amp DC,.0001,5.5,F,F,F,F,F,F,Front,F,Main,-0.2497962415218,Volt DC,10,T,2W,F,F,16.490143400
-1.999918276852e-05,Amp DC,.0001,5.5,F,F,F,F,F,F,Front,F,Main,-0.1996870487928,Volt DC,10,T,2W,F,F,16.573879060
-1.498358869867e-05,Amp DC,.0001,5.5,F,F,F,F,F,F,Front,F,Main,-0.1495837420225,Volt DC,10,T,2W,F,F,16.657624180
-1.000418706099e-05,Amp DC,.0001,5.5,F,F,F,F,F,F,Front,F,Main,-0.0998488292098,Volt DC,10,T,2W,F,F,16.741377160
-4.979443929187e-06,Amp DC,.00001,5.5,F,F,F,F,F,F,Front,F,Main,-0.0496971830726,Volt DC,10,T,2W,F,F,16.987384540
1.847263320087e-08,Amp DC,.0000001,5.5,F,F,F,F,F,F,Front,F,Main,0.0002837511711,Volt DC,10,T,2W,F,F,17.909738080
4.97711926073e-06,Amp DC,.00001,5.5,F,F,F,F,F,F,Front,F,Main,0.0498155541718,Volt DC,10,T,2W,F,F,18.911106740
9.944824341801e-06,Amp DC,.00001,5.5,F,F,F,F,F,F,Front,F,Main,0.0995110720396,Volt DC,10,T,2W,F,F,18.995902200
1.498454730609e-05,Amp DC,.0001,5.5,F,F,F,F,F,F,Front,F,Main,0.1497375071049,Volt DC,10,T,2W,F,F,19.393316960
2.000122913159e-05,Amp DC,.0001,5.5,F,F,F,F,F,F,Front,F,Main,0.1998443901539,Volt DC,10,T,2W,F,F,19.477087100
2.501536800992e-05,Amp DC,.0001,5.5,F,F,F,F,F,F,Front,F,Main,0.2499256879091,Volt DC,10,T,2W,F,F,19.560841640
2.999465687026e-05,Amp DC,.0001,5.5,F,F,F,F,F,F,Front,F,Main,0.2996504008770,Volt DC,10,T,2W,F,F,19.644616320
3.501228638925e-05,Amp DC,.0001,5.5,F,F,F,F,F,F,Front,F,Main,0.3497734665871,Volt DC,10,T,2W,F,F,19.728393060
4.002641435363e-05,Amp DC,.0001,5.5,F,F,F,F,F,F,Front,F,Main,0.3998559117317,Volt DC,10,T,2W,F,F,19.812149620
4.500931390794e-05,Amp DC,.0001,5.5,F,F,F,F,F,F,Front,F,Main,0.4496243894100,Volt DC,10,T,2W,F,F,19.895909440
5.002117541153e-05,Amp DC,.0001,5.5,F,F,F,F,F,F,Front,F,Main,0.4996790289879,Volt DC,10,T,2W,F,F,19.979662940
5.503941429197e-05,Amp DC,.0001,5.5,F,F,F,F,F,F,Front,F,Main,0.5497971177101,Volt DC,10,T,2W,F,F,20.063407280
6.001869041938e-05,Amp DC,.0001,5.5,F,F,F,F,F,F,Front,F,Main,0.5995293259621,Volt DC,10,T,2W,F,F,20.147173940
6.503063923446e-05,Amp DC,.0001,5.5,F,F,F,F,F,F,Front,F,Main,0.6495966911316,Volt DC,10,T,2W,F,F,20.230929560
7.005094084889e-05,Amp DC,.0001,5.5,F,F,F,F,F,F,Front,F,Main,0.6997348666191,Volt DC,10,T,2W,F,F,20.314707980
7.506407564506e-05,Amp DC,.0001,5.5,F,F,F,F,F,F,Front,F,Main,0.7498101592064,Volt DC,10,T,2W,F,F,20.398461640
8.004681876628e-05,Amp DC,.0001,5.5,F,F,F,F,F,F,Front,F,Main,0.7995713353157,Volt DC,10,T,2W,F,F,20.482210340
8.506044105161e-05,Amp DC,.0001,5.5,F,F,F,F,F,F,Front,F,Main,0.8496511578560,Volt DC,10,T,2W,F,F,20.565963940
9.00725426618e-05,Amp DC,.0001,5.5,F,F,F,F,F,F,Front,F,Main,0.8997112512589,Volt DC,10,T,2W,F,F,20.649718960
9.505532943876e-05,Amp DC,.0001,5.5,F,F,F,F,F,F,Front,F,Main,0.9494794011116,Volt DC,10,T,2W,F,F,20.733482520
0.0001000695701805,Amp DC,.0001,5.5,F,F,F,F,F,F,Front,F,Main,0.9995582699776,Volt DC,10,T,2W,F,F,20.817238100
0.0001051215949701,Amp DC,.001,5.5,F,F,F,F,F,F,Front,F,Main,1.0498837232590,Volt DC,10,T,2W,F,F,21.208637420
0.0001101350499084,Amp DC,.001,5.5,F,F,F,F,F,F,Front,F,Main,1.0999556779861,Volt DC,10,T,2W,F,F,21.292411380
0.0001151195610873,Amp DC,.001,5.5,F,F,F,F,F,F,Front,F,Main,1.1497441530228,Volt DC,10,T,2W,F,F,21.376165340
0.0001201356644742,Amp DC,.001,5.5,F,F,F,F,F,F,Front,F,Main,1.1998360157013,Volt DC,10,T,2W,F,F,21.459908440
0.0001251508510904,Amp DC,.001,5.5,F,F,F,F,F,F,Front,F,Main,1.2499271631241,Volt DC,10,T,2W,F,F,21.543650320
0.0001301370793954,Amp DC,.001,5.5,F,F,F,F,F,F,Front,F,Main,1.2997182607651,Volt DC,10,T,2W,F,F,21.627387260
0.0001351514220005,Amp DC,.001,5.5,F,F,F,F,F,F,Front,F,Main,1.3497978448868,Volt DC,10,T,2W,F,F,21.711147040
0.0001401711197104,Amp DC,.001,5.5,F,F,F,F,F,F,Front,F,Main,1.3999366760254,Volt DC,10,T,2W,F,F,21.794881700
0.0001451519347029,Amp DC,.001,5.5,F,F,F,F,F,F,Front,F,Main,1.4496811628342,Volt DC,10,T,2W,F,F,21.878620620
0.0001501662627561,Amp DC,.001,5.5,F,F,F,F,F,F,Front,F,Main,1.4997534751892,Volt DC,10,T,2W,F,F,21.962385740
0.0001551851455588,Amp DC,.001,5.5,F,F,F,F,F,F,Front,F,Main,1.5498694181442,Volt DC,10,T,2W,F,F,22.046122520
0.0001602003176231,Amp DC,.001,5.5,F,F,F,F,F,F,Front,F,Main,1.5999590158463,Volt DC,10,T,2W,F,F,22.129863960
0.0001651851343922,Amp DC,.001,5.5,F,F,F,F,F,F,Front,F,Main,1.6497452259064,Volt DC,10,T,2W,F,F,22.213609220
0.0001701986184344,Amp DC,.001,5.5,F,F,F,F,F,F,Front,F,Main,1.6998238563538,Volt DC,10,T,2W,F,F,22.297341580
0.0001752142998157,Amp DC,.001,5.5,F,F,F,F,F,F,Front,F,Main,1.7499063014984,Volt DC,10,T,2W,F,F,22.381090980
0.0001801991747925,Amp DC,.001,5.5,F,F,F,F,F,F,Front,F,Main,1.7996927499771,Volt DC,10,T,2W,F,F,22.464833120
0.0001852122222772,Amp DC,.001,5.5,F,F,F,F,F,F,Front,F,Main,1.8497596979141,Volt DC,10,T,2W,F,F,22.548599380
0.0001902310614241,Amp DC,.001,5.5,F,F,F,F,F,F,Front,F,Main,1.8998886346817,Volt DC,10,T,2W,F,F,22.632324300
0.0001952474412974,Amp DC,.001,5.5,F,F,F,F,F,F,Front,F,Main,1.9499783515930,Volt DC,10,T,2W,F,F,22.716082560
0.0002002311957767,Amp DC,.001,5.5,F,F,F,F,F,F,Front,F,Main,1.9997581243515,Volt DC,10,T,2W,F,F,22.799813540
0.0002052466443274,Amp DC,.001,5.5,F,F,F,F,F,F,Front,F,Main,2.0498433113098,Volt DC,10,T,2W,F,F,22.883558160
0.0002102611615555,Amp DC,.001,5.5,F,F,F,F,F,F,Front,F,Main,2.0999302864075,Volt DC,10,T,2W,F,F,22.967322080
0.0002152453816961,Amp DC,.001,5.5,F,F,F,F,F,F,Front,F,Main,2.1497111320496,Volt DC,10,T,2W,F,F,23.051082460
0.0002202591713285,Amp DC,.001,5.5,F,F,F,F,F,F,Front,F,Main,2.1997869014740,Volt DC,10,T,2W,F,F,23.134814960
0.0002252793783555,Amp DC,.001,5.5,F,F,F,F,F,F,Front,F,Main,2.2499170303345,Volt DC,10,T,2W,F,F,23.218579480
0.0002302928915014,Amp DC,.001,5.5,F,F,F,F,F,F,Front,F,Main,2.2999885082245,Volt DC,10,T,2W,F,F,23.302349720
0.0002352723968215,Amp DC,.001,5.5,F,F,F,F,F,F,Front,F,Main,2.3497185707092,Volt DC,10,T,2W,F,F,23.386099420
0.0002402931422694,Amp DC,.001,5.5,F,F,F,F,F,F,Front,F,Main,2.3998606204987,Volt DC,10,T,2W,F,F,23.469867740
0.0002453067281749,Amp DC,.001,5.5,F,F,F,F,F,F,Front,F,Main,2.4499332904816,Volt DC,10,T,2W,F,F,23.553621960
0.0002502923889551,Amp DC,.001,5.5,F,F,F,F,F,F,Front,F,Main,2.4997260570526,Volt DC,10,T,2W,F,F,23.637401860
0.0002553068916313,Amp DC,.001,5.5,F,F,F,F,F,F,Front,F,Main,2.5498056411743,Volt DC,10,T,2W,F,F,23.721162260
0.0002603278844617,Amp DC,.001,5.5,F,F,F,F,F,F,Front,F,Main,2.5999479293823,Volt DC,10,T,2W,F,F,23.804928540
0.0002653076662682,Amp DC,.001,5.5,F,F,F,F,F,F,Front,F,Main,2.6496825218201,Volt DC,10,T,2W,F,F,23.888704820
0.0002703234204091,Amp DC,.001,5.5,F,F,F,F,F,F,Front,F,Main,2.6997723579407,Volt DC,10,T,2W,F,F,23.972450460
0.0002753416774794,Amp DC,.001,5.5,F,F,F,F,F,F,Front,F,Main,2.7498884201050,Volt DC,10,T,2W,F,F,24.056204020
0.0002803567913361,Amp DC,.001,5.5,F,F,F,F,F,F,Front,F,Main,2.7999837398529,Volt DC,10,T,2W,F,F,24.139986820
0.0002853418700397,Amp DC,.001,5.5,F,F,F,F,F,F,Front,F,Main,2.8497707843781,Volt DC,10,T,2W,F,F,24.223768340
0.0002903566055465,Amp DC,.001,5.5,F,F,F,F,F,F,Front,F,Main,2.8998532295227,Volt DC,10,T,2W,F,F,24.307520680
0.0002953705261461,Amp DC,.001,5.5,F,F,F,F,F,F,Front,F,Main,2.9499268531799,Volt DC,10,T,2W,F,F,24.391280320
0.0003003541496582,Amp DC,.001,5.5,F,F,F,F,F,F,Front,F,Main,2.9996945858002,Volt DC,10,T,2W,F,F,24.475034280
0.0003053688269574,Amp DC,.001,5.5,F,F,F,F,F,F,Front,F,Main,3.0497834682465,Volt DC,10,T,2W,F,F,24.558814880
0.0003103894123342,Amp DC,.001,5.5,F,F,F,F,F,F,Front,F,Main,3.0999209880829,Volt DC,10,T,2W,F,F,24.642589080
0.0003154034493491,Amp DC,.001,5.5,F,F,F,F,F,F,Front,F,Main,3.1499974727631,Volt DC,10,T,2W,F,F,24.726363780
0.0003203894884791,Amp DC,.001,5.5,F,F,F,F,F,F,Front,F,Main,3.1997885704041,Volt DC,10,T,2W,F,F,24.810121780
0.0003254022158217,Amp DC,.001,5.5,F,F,F,F,F,F,Front,F,Main,3.2498536109924,Volt DC,10,T,2W,F,F,24.893880580
0.0003304157580715,Amp DC,.001,5.5,F,F,F,F,F,F,Front,F,Main,3.2999269962311,Volt DC,10,T,2W,F,F,24.977650540
0.0003354004293215,Amp DC,.001,5.5,F,F,F,F,F,F,Front,F,Main,3.3497078418732,Volt DC,10,T,2W,F,F,25.061406740
0.0003404155722819,Amp DC,.001,5.5,F,F,F,F,F,F,Front,F,Main,3.3997962474823,Volt DC,10,T,2W,F,F,25.145188680
0.0003454342659097,Amp DC,.001,5.5,F,F,F,F,F,F,Front,F,Main,3.4499154090881,Volt DC,10,T,2W,F,F,25.228943140
0.000350450980477,Amp DC,.001,5.5,F,F,F,F,F,F,Front,F,Main,3.5000221729279,Volt DC,10,T,2W,F,F,25.312712860
0.0003554307040758,Amp DC,.001,5.5,F,F,F,F,F,F,Front,F,Main,3.5497524738312,Volt DC,10,T,2W,F,F,25.396492760
0.0003604473604355,Amp DC,.001,5.5,F,F,F,F,F,F,Front,F,Main,3.5998492240906,Volt DC,10,T,2W,F,F,25.480231440
0.0003654636093415,Amp DC,.001,5.5,F,F,F,F,F,F,Front,F,Main,3.6499481201172,Volt DC,10,T,2W,F,F,25.563995880
0.0003704462724272,Amp DC,.001,5.5,F,F,F,F,F,F,Front,F,Main,3.6997091770172,Volt DC,10,T,2W,F,F,25.647759800
0.0003754605422728,Amp DC,.001,5.5,F,F,F,F,F,F,Front,F,Main,3.7497961521149,Volt DC,10,T,2W,F,F,25.731528800
0.0003804815351032,Amp DC,.001,5.5,F,F,F,F,F,F,Front,F,Main,3.7999420166016,Volt DC,10,T,2W,F,F,25.815275740
0.0003854602691717,Amp DC,.001,5.5,F,F,F,F,F,F,Front,F,Main,3.8496639728546,Volt DC,10,T,2W,F,F,25.899048520
0.0003904747427441,Amp DC,.001,5.5,F,F,F,F,F,F,Front,F,Main,3.8997411727905,Volt DC,10,T,2W,F,F,25.982810100
0.0003954969288316,Amp DC,.001,5.5,F,F,F,F,F,F,Front,F,Main,3.9499049186707,Volt DC,10,T,2W,F,F,26.066577420
0.0004005118098576,Amp DC,.001,5.5,F,F,F,F,F,F,Front,F,Main,3.9999830722809,Volt DC,10,T,2W,F,F,26.150326360
0.0004054949095007,Amp DC,.001,5.5,F,F,F,F,F,F,Front,F,Main,4.0497503280640,Volt DC,10,T,2W,F,F,26.234082360
0.0004105134867132,Amp DC,.001,5.5,F,F,F,F,F,F,Front,F,Main,4.0998678207397,Volt DC,10,T,2W,F,F,26.317853060
0.0004155252536293,Amp DC,.001,5.5,F,F,F,F,F,F,Front,F,Main,4.1499228477478,Volt DC,10,T,2W,F,F,26.401623380
0.0004205094883218,Amp DC,.001,5.5,F,F,F,F,F,F,Front,F,Main,4.1996984481812,Volt DC,10,T,2W,F,F,26.485399200
0.0004255276871845,Amp DC,.001,5.5,F,F,F,F,F,F,Front,F,Main,4.2498154640198,Volt DC,10,T,2W,F,F,26.569144640
0.0004305438196752,Amp DC,.001,5.5,F,F,F,F,F,F,Front,F,Main,4.2999114990234,Volt DC,10,T,2W,F,F,26.652921420
0.000435558904428,Amp DC,.001,5.5,F,F,F,F,F,F,Front,F,Main,4.3499999046326,Volt DC,10,T,2W,F,F,26.736680220
0.000440538948169,Amp DC,.001,5.5,F,F,F,F,F,F,Front,F,Main,4.3997340202332,Volt DC,10,T,2W,F,F,26.820425860
0.0004455586604308,Amp DC,.001,5.5,F,F,F,F,F,F,Front,F,Main,4.4498624801636,Volt DC,10,T,2W,F,F,26.904188960
0.0004505713295657,Amp DC,.001,5.5,F,F,F,F,F,F,Front,F,Main,4.4999270439148,Volt DC,10,T,2W,F,F,26.987943420
0.0004555577470455,Amp DC,.001,5.5,F,F,F,F,F,F,Front,F,Main,4.5497236251831,Volt DC,10,T,2W,F,F,27.071718060
0.0004605727444869,Amp DC,.001,5.5,F,F,F,F,F,F,Front,F,Main,4.5998129844666,Volt DC,10,T,2W,F,F,27.155475540
0.0004655892553274,Amp DC,.001,5.5,F,F,F,F,F,F,Front,F,Main,4.6499137878418,Volt DC,10,T,2W,F,F,27.239237080
0.0004705695027951,Amp DC,.001,5.5,F,F,F,F,F,F,Front,F,Main,4.6996502876282,Volt DC,10,T,2W,F,F,27.322987060
0.0004755826375913,Amp DC,.001,5.5,F,F,F,F,F,F,Front,F,Main,4.7497177124023,Volt DC,10,T,2W,F,F,27.406739760
0.0004806032520719,Amp DC,.001,5.5,F,F,F,F,F,F,Front,F,Main,4.7998619079590,Volt DC,10,T,2W,F,F,27.490495120
0.0004856169689447,Amp DC,.001,5.5,F,F,F,F,F,F,Front,F,Main,4.8499345779419,Volt DC,10,T,2W,F,F,27.574255000
0.00049060175661,Amp DC,.001,5.5,F,F,F,F,F,F,Front,F,Main,4.8997182846069,Volt DC,10,T,2W,F,F,27.658018740
0.0004956191987731,Amp DC,.001,5.5,F,F,F,F,F,F,Front,F,Main,4.9498243331909,Volt DC,10,T,2W,F,F,27.741781100
0.0005006298888475,Amp DC,.001,5.5,F,F,F,F,F,F,Front,F,Main,4.9998717308044,Volt DC,10,T,2W,F,F,27.825550600
0.0005056129884906,Amp DC,.001,5.5,F,F,F,F,F,F,Front,F,Main,5.0496506690979,Volt DC,10,T,2W,F,F,27.909313920
0.0005106278695166,Amp DC,.001,5.5,F,F,F,F,F,F,Front,F,Main,5.0997176170349,Volt DC,10,T,2W,F,F,27.993047060
0.0005156481638551,Amp DC,.001,5.5,F,F,F,F,F,F,Front,F,Main,5.1498579978943,Volt DC,10,T,2W,F,F,28.076806700
0.0005206633359194,Amp DC,.001,5.5,F,F,F,F,F,F,Front,F,Main,5.1999392509460,Volt DC,10,T,2W,F,F,28.160544520
0.0005256468430161,Amp DC,.001,5.5,F,F,F,F,F,F,Front,F,Main,5.2497210502625,Volt DC,10,T,2W,F,F,28.244303980
0.0005306666134857,Amp DC,.001,5.5,F,F,F,F,F,F,Front,F,Main,5.2998476028442,Volt DC,10,T,2W,F,F,28.328038300
0.0005356789333746,Amp DC,.001,5.5,F,F,F,F,F,F,Front,F,Main,5.3499159812927,Volt DC,10,T,2W,F,F,28.411812580
0.0005406605778262,Amp DC,.001,5.5,F,F,F,F,F,F,Front,F,Main,5.3996629714966,Volt DC,10,T,2W,F,F,28.495583960
0.0005456769140437,Amp DC,.001,5.5,F,F,F,F,F,F,Front,F,Main,5.4497547149658,Volt DC,10,T,2W,F,F,28.579340060
0.0005506988381967,Amp DC,.001,5.5,F,F,F,F,F,F,Front,F,Main,5.4999127388000,Volt DC,10,T,2W,F,F,28.663090460
0.0005557108670473,Amp DC,.001,5.5,F,F,F,F,F,F,Front,F,Main,5.5499763488770,Volt DC,10,T,2W,F,F,28.746858680
0.0005606914055534,Amp DC,.001,5.5,F,F,F,F,F,F,Front,F,Main,5.5997076034546,Volt DC,10,T,2W,F,F,28.830616140
0.0005657125147991,Amp DC,.001,5.5,F,F,F,F,F,F,Front,F,Main,5.6498656272888,Volt DC,10,T,2W,F,F,28.914387440
0.0005707232048735,Amp DC,.001,5.5,F,F,F,F,F,F,Front,F,Main,5.6999030113220,Volt DC,10,T,2W,F,F,28.998146280
0.0005757070612162,Amp DC,.001,5.5,F,F,F,F,F,F,Front,F,Main,5.7496762275696,Volt DC,10,T,2W,F,F,29.081900980
0.0005807233974338,Amp DC,.001,5.5,F,F,F,F,F,F,Front,F,Main,5.7997698783875,Volt DC,10,T,2W,F,F,29.165679960
0.0005857426440343,Amp DC,.001,5.5,F,F,F,F,F,F,Front,F,Main,5.8499031066895,Volt DC,10,T,2W,F,F,29.249437180
0.000590723415371,Amp DC,.001,5.5,F,F,F,F,F,F,Front,F,Main,5.8996472358704,Volt DC,10,T,2W,F,F,29.333207860
0.0005957363173366,Amp DC,.001,5.5,F,F,F,F,F,F,Front,F,Main,5.9497232437134,Volt DC,10,T,2W,F,F,29.416972500
0.0006007570191287,Amp DC,.001,5.5,F,F,F,F,F,F,Front,F,Main,5.9998478889465,Volt DC,10,T,2W,F,F,29.500742140
0.0006057699210942,Amp DC,.001,5.5,F,F,F,F,F,F,Front,F,Main,6.0499167442322,Volt DC,10,T,2W,F,F,29.584505560
0.0006107523804531,Amp DC,.001,5.5,F,F,F,F,F,F,Front,F,Main,6.0996727943420,Volt DC,10,T,2W,F,F,29.668268420
0.0006157694151625,Amp DC,.001,5.5,F,F,F,F,F,F,Front,F,Main,6.1497807502747,Volt DC,10,T,2W,F,F,29.752061640
0.0006207828992046,Amp DC,.001,5.5,F,F,F,F,F,F,Front,F,Main,6.1998515129089,Volt DC,10,T,2W,F,F,29.835821800
0.0006257671047933,Amp DC,.001,5.5,F,F,F,F,F,F,Front,F,Main,6.2496461868286,Volt DC,10,T,2W,F,F,29.919597980
0.000630781694781,Amp DC,.001,5.5,F,F,F,F,F,F,Front,F,Main,6.2997150421143,Volt DC,10,T,2W,F,F,30.003348540
0.0006358024547808,Amp DC,.001,5.5,F,F,F,F,F,F,Front,F,Main,6.3498549461365,Volt DC,10,T,2W,F,F,30.087104780
0.000640814716462,Amp DC,.001,5.5,F,F,F,F,F,F,Front,F,Main,6.3999056816101,Volt DC,10,T,2W,F,F,30.170859760
0.0006457981071435,Amp DC,.001,5.5,F,F,F,F,F,F,Front,F,Main,6.4496879577637,Volt DC,10,T,2W,F,F,30.254620840
0.0006508138030767,Amp DC,.001,5.5,F,F,F,F,F,F,Front,F,Main,6.4997820854187,Volt DC,10,T,2W,F,F,30.338401700
0.0006558267632499,Amp DC,.001,5.5,F,F,F,F,F,F,Front,F,Main,6.5498480796814,Volt DC,10,T,2W,F,F,30.422143340
0.0006608140538447,Amp DC,.001,5.5,F,F,F,F,F,F,Front,F,Main,6.5996479988098,Volt DC,10,T,2W,F,F,30.505911860
0.0006658259080723,Amp DC,.001,5.5,F,F,F,F,F,F,Front,F,Main,6.6497163772583,Volt DC,10,T,2W,F,F,30.589694840
0.0006708476576023,Amp DC,.001,5.5,F,F,F,F,F,F,Front,F,Main,6.6998648643494,Volt DC,10,T,2W,F,F,30.673459240
0.0006758293602616,Amp DC,.001,5.5,F,F,F,F,F,F,Front,F,Main,6.7496237754822,Volt DC,10,T,2W,F,F,30.757220440
0.0006808405159973,Amp DC,.001,5.5,F,F,F,F,F,F,Front,F,Main,6.7996525764465,Volt DC,10,T,2W,F,F,30.840967760
0.0006858608685434,Amp DC,.001,5.5,F,F,F,F,F,F,Front,F,Main,6.8497972488403,Volt DC,10,T,2W,F,F,30.924738060
0.0006908773211762,Amp DC,.001,5.5,F,F,F,F,F,F,Front,F,Main,6.8998999595642,Volt DC,10,T,2W,F,F,31.008479800
0.0006958599551581,Amp DC,.001,5.5,F,F,F,F,F,F,Front,F,Main,6.9496588706970,Volt DC,10,T,2W,F,F,31.092250960
0.0007008747197688,Amp DC,.001,5.5,F,F,F,F,F,F,Front,F,Main,6.9997425079346,Volt DC,10,T,2W,F,F,31.175993120
0.0007058926275931,Amp DC,.001,5.5,F,F,F,F,F,F,Front,F,Main,7.0498595237732,Volt DC,10,T,2W,F,F,31.259774840
0.0007108706631698,Amp DC,.001,5.5,F,F,F,F,F,F,Front,F,Main,7.0995745658875,Volt DC,10,T,2W,F,F,31.343531040
0.0007158840307966,Amp DC,.001,5.5,F,F,F,F,F,F,Front,F,Main,7.1496543884277,Volt DC,10,T,2W,F,F,31.427289560
0.0007209075847641,Amp DC,.001,5.5,F,F,F,F,F,F,Front,F,Main,7.1998171806335,Volt DC,10,T,2W,F,F,31.511058220
0.0007259203121066,Amp DC,.001,5.5,F,F,F,F,F,F,Front,F,Main,7.2498722076416,Volt DC,10,T,2W,F,F,31.594798320
0.000730904750526,Amp DC,.001,5.5,F,F,F,F,F,F,Front,F,Main,7.2996573448181,Volt DC,10,T,2W,F,F,31.678571080
0.000735922018066,Amp DC,.001,5.5,F,F,F,F,F,F,Front,F,Main,7.3497633934021,Volt DC,10,T,2W,F,F,31.762328400
0.0007409348036163,Amp DC,.001,5.5,F,F,F,F,F,F,Front,F,Main,7.3998231887817,Volt DC,10,T,2W,F,F,31.846098600
0.0007459160988219,Amp DC,.001,5.5,F,F,F,F,F,F,Front,F,Main,7.4495668411255,Volt DC,10,T,2W,F,F,31.929858340
0.0007509310962632,Amp DC,.001,5.5,F,F,F,F,F,F,Front,F,Main,7.4996557235718,Volt DC,10,T,2W,F,F,32.013594080
0.0007559504592791,Amp DC,.001,5.5,F,F,F,F,F,F,Front,F,Main,7.5497913360596,Volt DC,10,T,2W,F,F,32.097350100
0.0007609666208737,Amp DC,.001,5.5,F,F,F,F,F,F,Front,F,Main,7.5998859405518,Volt DC,10,T,2W,F,F,32.181127380
0.000765947275795,Amp DC,.001,5.5,F,F,F,F,F,F,Front,F,Main,7.6496329307556,Volt DC,10,T,2W,F,F,32.264900800
0.0007709644851275,Amp DC,.001,5.5,F,F,F,F,F,F,Front,F,Main,7.6997427940369,Volt DC,10,T,2W,F,F,32.348652280
0.0007759803556837,Amp DC,.001,5.5,F,F,F,F,F,F,Front,F,Main,7.7498288154602,Volt DC,10,T,2W,F,F,32.432436760
0.0007809608941898,Amp DC,.001,5.5,F,F,F,F,F,F,Front,F,Main,7.7995705604553,Volt DC,10,T,2W,F,F,32.516191660
0.0007859760662541,Amp DC,.001,5.5,F,F,F,F,F,F,Front,F,Main,7.8496613502502,Volt DC,10,T,2W,F,F,32.599963080
0.000790995254647,Amp DC,.001,5.5,F,F,F,F,F,F,Front,F,Main,7.8997912406921,Volt DC,10,T,2W,F,F,32.683727540
0.0007959762588143,Amp DC,.001,5.5,F,F,F,F,F,F,Front,F,Main,7.9495425224304,Volt DC,10,T,2W,F,F,32.767482660
0.0008009907905944,Amp DC,.001,5.5,F,F,F,F,F,F,Front,F,Main,7.9996223449707,Volt DC,10,T,2W,F,F,32.851238920
0.000806009513326,Amp DC,.001,5.5,F,F,F,F,F,F,Front,F,Main,8.0497322082520,Volt DC,10,T,2W,F,F,32.934984840
0.0008110241033137,Amp DC,.001,5.5,F,F,F,F,F,F,Front,F,Main,8.0998220443726,Volt DC,10,T,2W,F,F,33.018770400
0.0008160060970113,Amp DC,.001,5.5,F,F,F,F,F,F,Front,F,Main,8.1495819091797,Volt DC,10,T,2W,F,F,33.102540060
0.0008210211526603,Amp DC,.001,5.5,F,F,F,F,F,F,Front,F,Main,8.1996631622314,Volt DC,10,T,2W,F,F,33.186318000
0.0008260347531177,Amp DC,.001,5.5,F,F,F,F,F,F,Front,F,Main,8.2497377395630,Volt DC,10,T,2W,F,F,33.270071760
0.0008310221019201,Amp DC,.001,5.5,F,F,F,F,F,F,Front,F,Main,8.2995414733887,Volt DC,10,T,2W,F,F,33.353813420
0.0008360364590771,Amp DC,.001,5.5,F,F,F,F,F,F,Front,F,Main,8.3496112823486,Volt DC,10,T,2W,F,F,33.437580660
0.0008410525042564,Amp DC,.001,5.5,F,F,F,F,F,F,Front,F,Main,8.3997259140015,Volt DC,10,T,2W,F,F,33.521321440
0.0008460702374578,Amp DC,.001,5.5,F,F,F,F,F,F,Front,F,Main,8.4498453140259,Volt DC,10,T,2W,F,F,33.605071980
0.0008510500774719,Amp DC,.001,5.5,F,F,F,F,F,F,Front,F,Main,8.4995727539063,Volt DC,10,T,2W,F,F,33.688841000
0.0008560677524656,Amp DC,.001,5.5,F,F,F,F,F,F,Front,F,Main,8.5496749877930,Volt DC,10,T,2W,F,F,33.772595960
0.0008610811783001,Amp DC,.001,5.5,F,F,F,F,F,F,Front,F,Main,8.5997457504272,Volt DC,10,T,2W,F,F,33.856355680
0.0008660650346428,Amp DC,.001,5.5,F,F,F,F,F,F,Front,F,Main,8.6495180130005,Volt DC,10,T,2W,F,F,33.940119920
0.0008710809634067,Amp DC,.001,5.5,F,F,F,F,F,F,Front,F,Main,8.6996231079102,Volt DC,10,T,2W,F,F,34.023859860
0.0008760977070779,Amp DC,.001,5.5,F,F,F,F,F,F,Front,F,Main,8.7497234344482,Volt DC,10,T,2W,F,F,34.107610280
0.0008811163133942,Amp DC,.001,5.5,F,F,F,F,F,F,Front,F,Main,8.7998409271240,Volt DC,10,T,2W,F,F,34.191358440
0.0008860902744345,Amp DC,.001,5.5,F,F,F,F,F,F,Front,F,Main,8.8495225906372,Volt DC,10,T,2W,F,F,34.275122420
0.000891110568773,Amp DC,.001,5.5,F,F,F,F,F,F,Front,F,Main,8.8996591567993,Volt DC,10,T,2W,F,F,34.358891320
0.0008961263811216,Amp DC,.001,5.5,F,F,F,F,F,F,Front,F,Main,8.9497404098511,Volt DC,10,T,2W,F,F,34.442647080
0.0009011093061417,Amp DC,.001,5.5,F,F,F,F,F,F,Front,F,Main,8.9995231628418,Volt DC,10,T,2W,F,F,34.526389920
0.0009061269811355,Amp DC,.001,5.5,F,F,F,F,F,F,Front,F,Main,9.0496311187744,Volt DC,10,T,2W,F,F,34.610142520
0.0009111438994296,Amp DC,.001,5.5,F,F,F,F,F,F,Front,F,Main,9.0997276306152,Volt DC,10,T,2W,F,F,34.693922540
0.0009161222260445,Amp DC,.001,5.5,F,F,F,F,F,F,Front,F,Main,9.1494550704956,Volt DC,10,T,2W,F,F,34.777681940
0.000921132217627,Amp DC,.001,5.5,F,F,F,F,F,F,Front,F,Main,9.1995067596436,Volt DC,10,T,2W,F,F,34.861441220
0.0009261557133868,Amp DC,.001,5.5,F,F,F,F,F,F,Front,F,Main,9.2496490478516,Volt DC,10,T,2W,F,F,34.945185180
0.0009311705944128,Amp DC,.001,5.5,F,F,F,F,F,F,Front,F,Main,9.2997398376465,Volt DC,10,T,2W,F,F,35.028937140
0.000936152995564,Amp DC,.001,5.5,F,F,F,F,F,F,Front,F,Main,9.3495111465454,Volt DC,10,T,2W,F,F,35.112700220
0.0009411762584932,Amp DC,.001,5.5,F,F,F,F,F,F,Front,F,Main,9.3996667861938,Volt DC,10,T,2W,F,F,35.196465700
0.0009461849695072,Amp DC,.001,5.5,F,F,F,F,F,F,Front,F,Main,9.4496936798096,Volt DC,10,T,2W,F,F,35.280209800
0.0009511663811281,Amp DC,.001,5.5,F,F,F,F,F,F,Front,F,Main,9.4994449615479,Volt DC,10,T,2W,F,F,35.363968560
0.0009561831247993,Amp DC,.001,5.5,F,F,F,F,F,F,Front,F,Main,9.5495386123657,Volt DC,10,T,2W,F,F,35.447744720
0.0009612016729079,Amp DC,.001,5.5,F,F,F,F,F,F,Front,F,Main,9.5996570587158,Volt DC,10,T,2W,F,F,35.531496840
0.0009662183583714,Amp DC,.001,5.5,F,F,F,F,F,F,Front,F,Main,9.6497478485107,Volt DC,10,T,2W,F,F,35.615249560
0.0009712042519823,Amp DC,.001,5.5,F,F,F,F,F,F,Front,F,Main,9.6995668411255,Volt DC,10,T,2W,F,F,35.699001320
0.0009762186091393,Amp DC,.001,5.5,F,F,F,F,F,F,Front,F,Main,9.7496290206909,Volt DC,10,T,2W,F,F,35.782756500
0.0009812305215746,Amp DC,.001,5.5,F,F,F,F,F,F,Front,F,Main,9.7996654510498,Volt DC,10,T,2W,F,F,35.866512520
0.0009862094884738,Amp DC,.001,5.5,F,F,F,F,F,F,Front,F,Main,9.8494768142700,Volt DC,10,T,2W,F,F,35.950277340
0.0009912283858284,Amp DC,.001,5.5,F,F,F,F,F,F,Front,F,Main,9.8995275497437,Volt DC,10,T,2W,F,F,36.034011820
0.0009962419280782,Amp DC,.001,5.5,F,F,F,F,F,F,Front,F,Main,9.9496488571167,Volt DC,10,T,2W,F,F,36.117792300
0.001001236378215,Amp DC,.001,5.5,F,F,F,F,F,F,Front,F,Main,9.9994773864746,Volt DC,10,T,2W,F,F,36.201542200
