Style,Standard
Append Mode,1
Fill Mode,1
Capacity,100000
Count,161
Base Time Seconds,1615322501
Base Time Fractional,.507280560
Base Time,03/09/2021 20:41:41.507280560
Reading,Unit,Range Digits,Disp Digits,Math,Start Group,Limit1 High,Limit1 Low,Limit2 High,Limit2 Low,Terminal,Questionable,Origin,Value,Unit,Digits,Output,Sense,Source Limit,Overtemp,Relative Time
-0.01886169053614,Amp DC,.1,5.5,F,F,F,F,F,F,Rear,F,Main,-3.9997470378876,Volt DC,10,T,2W,F,F,0.000000000
-0.01892195083201,Amp DC,.1,5.5,F,F,F,F,F,F,Rear,F,Main,-3.9499943256378,Volt DC,10,T,2W,F,F,0.083767400
-0.01803657412529,Amp DC,.1,5.5,F,F,F,F,F,F,Rear,F,Main,-3.8998434543610,Volt DC,10,T,2W,F,F,0.167511280
-0.01694479584694,Amp DC,.1,5.5,F,F,F,F,F,F,Rear,F,Main,-3.8497705459595,Volt DC,10,T,2W,F,F,0.251256220
-0.01576949283481,Amp DC,.1,5.5,F,F,F,F,F,F,Rear,F,Main,-3.7997100353241,Volt DC,10,T,2W,F,F,0.335024080
-0.01449899934232,Amp DC,.1,5.5,F,F,F,F,F,F,Rear,F,Main,-3.7498974800110,Volt DC,10,T,2W,F,F,0.418757080
-0.01328622084111,Amp DC,.1,5.5,F,F,F,F,F,F,Rear,F,Main,-3.6998267173767,Volt DC,10,T,2W,F,F,0.502517220
-0.01203966047615,Amp DC,.1,5.5,F,F,F,F,F,F,Rear,F,Main,-3.6497039794922,Volt DC,10,T,2W,F,F,0.586267300
-0.01085401792079,Amp DC,.1,5.5,F,F,F,F,F,F,Rear,F,Main,-3.5999457836151,Volt DC,10,T,2W,F,F,0.670056880
-0.009244641289115,Amp DC,.01,5.5,F,F,F,F,F,F,Rear,F,Main,-3.5497500896454,Volt DC,10,T,2W,F,F,0.908103200
-0.008321189321578,Amp DC,.01,5.5,F,F,F,F,F,F,Rear,F,Main,-3.4997227191925,Volt DC,10,T,2W,F,F,0.991900680
-0.007260494865477,Amp DC,.01,5.5,F,F,F,F,F,F,Rear,F,Main,-3.4499762058258,Volt DC,10,T,2W,F,F,1.075659960
-0.006205217447132,Amp DC,.01,5.5,F,F,F,F,F,F,Rear,F,Main,-3.3998479843140,Volt DC,10,T,2W,F,F,1.159413540
-0.00519635155797,Amp DC,.01,5.5,F,F,F,F,F,F,Rear,F,Main,-3.3497562408447,Volt DC,10,T,2W,F,F,1.243178320
-0.004275219514966,Amp DC,.01,5.5,F,F,F,F,F,F,Rear,F,Main,-3.2996420860291,Volt DC,10,T,2W,F,F,1.326907900
-0.003424471244216,Amp DC,.01,5.5,F,F,F,F,F,F,Rear,F,Main,-3.2499046325684,Volt DC,10,T,2W,F,F,1.410655440
-0.00267117540352,Amp DC,.01,5.5,F,F,F,F,F,F,Rear,F,Main,-3.1998412609100,Volt DC,10,T,2W,F,F,1.494397300
-0.002039598766714,Amp DC,.01,5.5,F,F,F,F,F,F,Rear,F,Main,-3.1497275829315,Volt DC,10,T,2W,F,F,1.578165080
-0.001590352738276,Amp DC,.01,5.5,F,F,F,F,F,F,Rear,F,Main,-3.0999865531921,Volt DC,10,T,2W,F,F,1.661921020
-0.001380822504871,Amp DC,.01,5.5,F,F,F,F,F,F,Rear,F,Main,-3.0498328208923,Volt DC,10,T,2W,F,F,1.745706220
-0.001292667817324,Amp DC,.01,5.5,F,F,F,F,F,F,Rear,F,Main,-2.9997594356537,Volt DC,10,T,2W,F,F,1.829492460
-0.001232782262377,Amp DC,.01,5.5,F,F,F,F,F,F,Rear,F,Main,-2.9499638080597,Volt DC,10,T,2W,F,F,1.913254880
-0.001183840911835,Amp DC,.01,5.5,F,F,F,F,F,F,Rear,F,Main,-2.8998758792877,Volt DC,10,T,2W,F,F,1.997021500
-0.001140868989751,Amp DC,.01,5.5,F,F,F,F,F,F,Rear,F,Main,-2.8498070240021,Volt DC,10,T,2W,F,F,2.080795360
-0.00110146147199,Amp DC,.01,5.5,F,F,F,F,F,F,Rear,F,Main,-2.7996847629547,Volt DC,10,T,2W,F,F,2.164579900
-0.001065116841346,Amp DC,.01,5.5,F,F,F,F,F,F,Rear,F,Main,-2.7499279975891,Volt DC,10,T,2W,F,F,2.248343280
-0.001029973500408,Amp DC,.01,5.5,F,F,F,F,F,F,Rear,F,Main,-2.6997914314270,Volt DC,10,T,2W,F,F,2.332125240
-0.000980164622888,Amp DC,.001,5.5,F,F,F,F,F,F,Rear,F,Main,-2.6496009826660,Volt DC,10,T,2W,F,F,2.570177040
-0.0009500654414296,Amp DC,.001,5.5,F,F,F,F,F,F,Rear,F,Main,-2.5998623371124,Volt DC,10,T,2W,F,F,2.653941600
-0.0009211560245603,Amp DC,.001,5.5,F,F,F,F,F,F,Rear,F,Main,-2.5496957302094,Volt DC,10,T,2W,F,F,2.737686700
-0.0008933019707911,Amp DC,.001,5.5,F,F,F,F,F,F,Rear,F,Main,-2.4996325969696,Volt DC,10,T,2W,F,F,2.821444740
-0.000866350135766,Amp DC,.001,5.5,F,F,F,F,F,F,Rear,F,Main,-2.4498531818390,Volt DC,10,T,2W,F,F,2.905201780
-0.0008402245584875,Amp DC,.001,5.5,F,F,F,F,F,F,Rear,F,Main,-2.3997802734375,Volt DC,10,T,2W,F,F,2.988933460
-0.0008148313499987,Amp DC,.001,5.5,F,F,F,F,F,F,Rear,F,Main,-2.3496396541595,Volt DC,10,T,2W,F,F,3.072683060
-0.0007898124749772,Amp DC,.001,5.5,F,F,F,F,F,F,Rear,F,Main,-2.2995781898499,Volt DC,10,T,2W,F,F,3.156429720
-0.0007655990775675,Amp DC,.001,5.5,F,F,F,F,F,F,Rear,F,Main,-2.2498295307159,Volt DC,10,T,2W,F,F,3.240186700
-0.000741830910556,Amp DC,.001,5.5,F,F,F,F,F,F,Rear,F,Main,-2.1996922492981,Volt DC,10,T,2W,F,F,3.323947240
-0.0007171821780503,Amp DC,.001,5.5,F,F,F,F,F,F,Rear,F,Main,-2.1496231555939,Volt DC,10,T,2W,F,F,3.407704880
-0.0006935214041732,Amp DC,.001,5.5,F,F,F,F,F,F,Rear,F,Main,-2.0998482704163,Volt DC,10,T,2W,F,F,3.491469740
-0.0006692629540339,Amp DC,.001,5.5,F,F,F,F,F,F,Rear,F,Main,-2.0497481822968,Volt DC,10,T,2W,F,F,3.575224200
-0.0006446004263125,Amp DC,.001,5.5,F,F,F,F,F,F,Rear,F,Main,-1.9996691942215,Volt DC,10,T,2W,F,F,3.658993620
-0.0006197185139172,Amp DC,.001,5.5,F,F,F,F,F,F,Rear,F,Main,-1.9498753547668,Volt DC,10,T,2W,F,F,3.742742700
-0.0005939019029029,Amp DC,.001,5.5,F,F,F,F,F,F,Rear,F,Main,-1.8997775316238,Volt DC,10,T,2W,F,F,3.826490740
-0.0005670139216818,Amp DC,.001,5.5,F,F,F,F,F,F,Rear,F,Main,-1.8496669530869,Volt DC,10,T,2W,F,F,3.910245900
-0.0005388651625253,Amp DC,.001,5.5,F,F,F,F,F,F,Rear,F,Main,-1.7995952367783,Volt DC,10,T,2W,F,F,3.994013080
-0.0005097590037622,Amp DC,.001,5.5,F,F,F,F,F,F,Rear,F,Main,-1.7498065233231,Volt DC,10,T,2W,F,F,4.077771060
-0.0004800223978236,Amp DC,.001,5.5,F,F,F,F,F,F,Rear,F,Main,-1.6997257471085,Volt DC,10,T,2W,F,F,4.161542380
-0.0004497514455579,Amp DC,.001,5.5,F,F,F,F,F,F,Rear,F,Main,-1.6496548652649,Volt DC,10,T,2W,F,F,4.245311740
-0.0004187485610601,Amp DC,.001,5.5,F,F,F,F,F,F,Rear,F,Main,-1.5998501777649,Volt DC,10,T,2W,F,F,4.329049920
-0.0003875209658872,Amp DC,.001,5.5,F,F,F,F,F,F,Rear,F,Main,-1.5497665405273,Volt DC,10,T,2W,F,F,4.412794040
-0.0003563565551303,Amp DC,.001,5.5,F,F,F,F,F,F,Rear,F,Main,-1.4996451139450,Volt DC,10,T,2W,F,F,4.496546060
-0.0003261894453317,Amp DC,.001,5.5,F,F,F,F,F,F,Rear,F,Main,-1.4499177932739,Volt DC,10,T,2W,F,F,4.580311540
-0.0002966196916532,Amp DC,.001,5.5,F,F,F,F,F,F,Rear,F,Main,-1.3998423814774,Volt DC,10,T,2W,F,F,4.664050700
-0.0002677264274098,Amp DC,.001,5.5,F,F,F,F,F,F,Rear,F,Main,-1.3496999740601,Volt DC,10,T,2W,F,F,4.747795660
-0.0002406761341263,Amp DC,.001,5.5,F,F,F,F,F,F,Rear,F,Main,-1.2996109724045,Volt DC,10,T,2W,F,F,4.831550280
-0.0002149269130314,Amp DC,.001,5.5,F,F,F,F,F,F,Rear,F,Main,-1.2497993707657,Volt DC,10,T,2W,F,F,4.915311180
-0.0001906194520416,Amp DC,.001,5.5,F,F,F,F,F,F,Rear,F,Main,-1.1997123956680,Volt DC,10,T,2W,F,F,4.999076880
-0.0001681515277596,Amp DC,.001,5.5,F,F,F,F,F,F,Rear,F,Main,-1.1496217250824,Volt DC,10,T,2W,F,F,5.082847200
-0.0001475271274103,Amp DC,.001,5.5,F,F,F,F,F,F,Rear,F,Main,-1.0998507738113,Volt DC,10,T,2W,F,F,5.166638940
-0.0001283530582441,Amp DC,.001,5.5,F,F,F,F,F,F,Rear,F,Main,-1.0497754812241,Volt DC,10,T,2W,F,F,5.250397160
-0.000110716369818,Amp DC,.001,5.5,F,F,F,F,F,F,Rear,F,Main,-0.9996380805969,Volt DC,10,T,2W,F,F,5.334163020
-9.418211993761e-05,Amp DC,.0001,5.5,F,F,F,F,F,F,Rear,F,Main,-0.9497795701027,Volt DC,10,T,2W,F,F,5.576204800
-8.01055575721e-05,Amp DC,.0001,5.5,F,F,F,F,F,F,Rear,F,Main,-0.8996664881706,Volt DC,10,T,2W,F,F,5.659978280
-6.7197928729e-05,Amp DC,.0001,5.5,F,F,F,F,F,F,Rear,F,Main,-0.8496031761169,Volt DC,10,T,2W,F,F,5.743725440
-5.56788945687e-05,Amp DC,.0001,5.5,F,F,F,F,F,F,Rear,F,Main,-0.7995482683182,Volt DC,10,T,2W,F,F,5.827467680
-4.547309799818e-05,Amp DC,.0001,5.5,F,F,F,F,F,F,Rear,F,Main,-0.7497982978821,Volt DC,10,T,2W,F,F,5.911221580
-3.650429061963e-05,Amp DC,.0001,5.5,F,F,F,F,F,F,Rear,F,Main,-0.6997089982033,Volt DC,10,T,2W,F,F,5.994951720
-2.866952127079e-05,Amp DC,.0001,5.5,F,F,F,F,F,F,Rear,F,Main,-0.6495689153671,Volt DC,10,T,2W,F,F,6.078703500
-2.209023841715e-05,Amp DC,.0001,5.5,F,F,F,F,F,F,Rear,F,Main,-0.5998216271400,Volt DC,10,T,2W,F,F,6.162471320
-1.664247793087e-05,Amp DC,.0001,5.5,F,F,F,F,F,F,Rear,F,Main,-0.5497394204140,Volt DC,10,T,2W,F,F,6.246234900
-1.210506161442e-05,Amp DC,.0001,5.5,F,F,F,F,F,F,Rear,F,Main,-0.4996076822281,Volt DC,10,T,2W,F,F,6.330010020
-8.534506378055e-06,Amp DC,.00001,5.5,F,F,F,F,F,F,Rear,F,Main,-0.4498291909695,Volt DC,10,T,2W,F,F,6.576018420
-5.912346750847e-06,Amp DC,.00001,5.5,F,F,F,F,F,F,Rear,F,Main,-0.3997417986393,Volt DC,10,T,2W,F,F,6.660786360
-3.996073246526e-06,Amp DC,.00001,5.5,F,F,F,F,F,F,Rear,F,Main,-0.3496512472630,Volt DC,10,T,2W,F,F,6.745527780
-2.607919668662e-06,Amp DC,.00001,5.5,F,F,F,F,F,F,Rear,F,Main,-0.2995367944241,Volt DC,10,T,2W,F,F,6.830295100
-1.673876113273e-06,Amp DC,.00001,5.5,F,F,F,F,F,F,Rear,F,Main,-0.2498173117638,Volt DC,10,T,2W,F,F,6.915067680
-1.045521912602e-06,Amp DC,.00001,5.5,F,F,F,F,F,F,Rear,F,Main,-0.1997088193893,Volt DC,10,T,2W,F,F,6.999864640
-6.25018685696e-07,Amp DC,.000001,5.5,F,F,F,F,F,F,Rear,F,Main,-0.1495303958654,Volt DC,10,T,2W,F,F,7.250896220
-3.500226739561e-07,Amp DC,.000001,5.5,F,F,F,F,F,F,Rear,F,Main,-0.0998235270381,Volt DC,10,T,2W,F,F,7.351406220
-1.558844360261e-07,Amp DC,.000001,5.5,F,F,F,F,F,F,Rear,F,Main,-0.0497357510030,Volt DC,10,T,2W,F,F,7.451883700
2.724762082629e-10,Amp DC,.00000001,5.5,F,F,F,F,F,F,Rear,F,Main,0.0003819084959,Volt DC,10,T,2W,F,F,7.756216200
1.767544262066e-07,Amp DC,.000001,5.5,F,F,F,F,F,F,Rear,F,Main,0.0498774237931,Volt DC,10,T,2W,F,F,8.907592260
4.665539279358e-07,Amp DC,.000001,5.5,F,F,F,F,F,F,Rear,F,Main,0.0996163934469,Volt DC,10,T,2W,F,F,9.008107580
9.920041748046e-07,Amp DC,.000001,5.5,F,F,F,F,F,F,Rear,F,Main,0.1496136635542,Volt DC,10,T,2W,F,F,9.108619160
1.963174327102e-06,Amp DC,.00001,5.5,F,F,F,F,F,F,Rear,F,Main,0.1998754292727,Volt DC,10,T,2W,F,F,9.526798740
3.927728812414e-06,Amp DC,.00001,5.5,F,F,F,F,F,F,Rear,F,Main,0.2499307543039,Volt DC,10,T,2W,F,F,9.611599220
7.726510375505e-06,Amp DC,.00001,5.5,F,F,F,F,F,F,Rear,F,Main,0.2995998561382,Volt DC,10,T,2W,F,F,9.696350760
1.466522553528e-05,Amp DC,.0001,5.5,F,F,F,F,F,F,Rear,F,Main,0.3498331606388,Volt DC,10,T,2W,F,F,10.093792040
2.603304528748e-05,Amp DC,.0001,5.5,F,F,F,F,F,F,Rear,F,Main,0.3999011516571,Volt DC,10,T,2W,F,F,10.177573500
4.250671918271e-05,Amp DC,.0001,5.5,F,F,F,F,F,F,Rear,F,Main,0.4496592879295,Volt DC,10,T,2W,F,F,10.261346240
6.511718675029e-05,Amp DC,.0001,5.5,F,F,F,F,F,F,Rear,F,Main,0.4996828436852,Volt DC,10,T,2W,F,F,10.345114560
9.632451838115e-05,Amp DC,.0001,5.5,F,F,F,F,F,F,Rear,F,Main,0.5497356653214,Volt DC,10,T,2W,F,F,10.428861740
0.0001391363039147,Amp DC,.001,5.5,F,F,F,F,F,F,Rear,F,Main,0.5996513962746,Volt DC,10,T,2W,F,F,10.820301280
0.0002023420674959,Amp DC,.001,5.5,F,F,F,F,F,F,Rear,F,Main,0.6497125625610,Volt DC,10,T,2W,F,F,10.904071400
0.0002911504998337,Amp DC,.001,5.5,F,F,F,F,F,F,Rear,F,Main,0.6998497247696,Volt DC,10,T,2W,F,F,10.987834640
0.000409572472563,Amp DC,.001,5.5,F,F,F,F,F,F,Rear,F,Main,0.7499146461487,Volt DC,10,T,2W,F,F,11.071620320
0.0005605111946352,Amp DC,.001,5.5,F,F,F,F,F,F,Rear,F,Main,0.7996515631676,Volt DC,10,T,2W,F,F,11.155403220
0.0007477297913283,Amp DC,.001,5.5,F,F,F,F,F,F,Rear,F,Main,0.8497002124786,Volt DC,10,T,2W,F,F,11.239147540
0.0009727334836498,Amp DC,.001,5.5,F,F,F,F,F,F,Rear,F,Main,0.8997221589088,Volt DC,10,T,2W,F,F,11.322904100
0.001231639645994,Amp DC,.01,5.5,F,F,F,F,F,F,Rear,F,Main,0.9496650695801,Volt DC,10,T,2W,F,F,11.641061060
0.001533577800728,Amp DC,.01,5.5,F,F,F,F,F,F,Rear,F,Main,0.9997549653053,Volt DC,10,T,2W,F,F,11.724864500
0.001870370004326,Amp DC,.01,5.5,F,F,F,F,F,F,Rear,F,Main,1.0498796701431,Volt DC,10,T,2W,F,F,11.808650880
0.00224330695346,Amp DC,.01,5.5,F,F,F,F,F,F,Rear,F,Main,1.0999497175217,Volt DC,10,T,2W,F,F,11.892412620
0.002647992689162,Amp DC,.01,5.5,F,F,F,F,F,F,Rear,F,Main,1.1497303247452,Volt DC,10,T,2W,F,F,11.976170380
0.003088180907071,Amp DC,.01,5.5,F,F,F,F,F,F,Rear,F,Main,1.1998083591461,Volt DC,10,T,2W,F,F,12.059949060
0.003561120480299,Amp DC,.01,5.5,F,F,F,F,F,F,Rear,F,Main,1.2498769760132,Volt DC,10,T,2W,F,F,12.143706180
0.004062566906214,Amp DC,.01,5.5,F,F,F,F,F,F,Rear,F,Main,1.2996746301651,Volt DC,10,T,2W,F,F,12.227475920
0.004596337210387,Amp DC,.01,5.5,F,F,F,F,F,F,Rear,F,Main,1.3497402667999,Volt DC,10,T,2W,F,F,12.311248300
0.005156459286809,Amp DC,.01,5.5,F,F,F,F,F,F,Rear,F,Main,1.3998671770096,Volt DC,10,T,2W,F,F,12.395001060
0.005741411354393,Amp DC,.01,5.5,F,F,F,F,F,F,Rear,F,Main,1.4495965242386,Volt DC,10,T,2W,F,F,12.478775400
0.006356000434607,Amp DC,.01,5.5,F,F,F,F,F,F,Rear,F,Main,1.4996634721756,Volt DC,10,T,2W,F,F,12.562548140
0.006991109345108,Amp DC,.01,5.5,F,F,F,F,F,F,Rear,F,Main,1.5497646331787,Volt DC,10,T,2W,F,F,12.646297380
0.007649171631783,Amp DC,.01,5.5,F,F,F,F,F,F,Rear,F,Main,1.5998446941376,Volt DC,10,T,2W,F,F,12.730064040
0.008320624940097,Amp DC,.01,5.5,F,F,F,F,F,F,Rear,F,Main,1.6496078968048,Volt DC,10,T,2W,F,F,12.813831220
0.009018952958286,Amp DC,.01,5.5,F,F,F,F,F,F,Rear,F,Main,1.6996728181839,Volt DC,10,T,2W,F,F,12.897596760
0.009728499688208,Amp DC,.01,5.5,F,F,F,F,F,F,Rear,F,Main,1.7497493028641,Volt DC,10,T,2W,F,F,12.981371300
0.01045022811741,Amp DC,.01,5.5,F,F,F,F,F,F,Rear,F,Main,1.7995176315308,Volt DC,10,T,2W,F,F,13.065125520
0.0111775053665,Amp DC,.1,5.5,F,F,F,F,F,F,Rear,F,Main,1.8498005867004,Volt DC,10,T,2W,F,F,13.383267000
0.01193881034851,Amp DC,.1,5.5,F,F,F,F,F,F,Rear,F,Main,1.8999229669571,Volt DC,10,T,2W,F,F,13.467050900
0.01270845532417,Amp DC,.1,5.5,F,F,F,F,F,F,Rear,F,Main,1.9500133991241,Volt DC,10,T,2W,F,F,13.550831260
0.01348128169775,Amp DC,.1,5.5,F,F,F,F,F,F,Rear,F,Main,1.9997943639755,Volt DC,10,T,2W,F,F,13.634619560
0.01427247282118,Amp DC,.1,5.5,F,F,F,F,F,F,Rear,F,Main,2.0498924255371,Volt DC,10,T,2W,F,F,13.718385620
0.01507358625531,Amp DC,.1,5.5,F,F,F,F,F,F,Rear,F,Main,2.0999643802643,Volt DC,10,T,2W,F,F,13.802140620
0.015874421224,Amp DC,.1,5.5,F,F,F,F,F,F,Rear,F,Main,2.1497445106506,Volt DC,10,T,2W,F,F,13.885914340
0.01668549701571,Amp DC,.1,5.5,F,F,F,F,F,F,Rear,F,Main,2.1998167037964,Volt DC,10,T,2W,F,F,13.969673000
0.01750198192894,Amp DC,.1,5.5,F,F,F,F,F,F,Rear,F,Main,2.2499451637268,Volt DC,10,T,2W,F,F,14.053430500
0.01833143271506,Amp DC,.1,5.5,F,F,F,F,F,F,Rear,F,Main,2.3000197410583,Volt DC,10,T,2W,F,F,14.137190160
0.01915754005313,Amp DC,.1,5.5,F,F,F,F,F,F,Rear,F,Main,2.3497555255890,Volt DC,10,T,2W,F,F,14.220936020
0.01998983882368,Amp DC,.1,5.5,F,F,F,F,F,F,Rear,F,Main,2.3998858928680,Volt DC,10,T,2W,F,F,14.304713860
0.02083363011479,Amp DC,.1,5.5,F,F,F,F,F,F,Rear,F,Main,2.4499578475952,Volt DC,10,T,2W,F,F,14.388451220
0.02168253995478,Amp DC,.1,5.5,F,F,F,F,F,F,Rear,F,Main,2.4997460842133,Volt DC,10,T,2W,F,F,14.472216560
0.02253586985171,Amp DC,.1,5.5,F,F,F,F,F,F,Rear,F,Main,2.5498309135437,Volt DC,10,T,2W,F,F,14.555973960
0.02339676953852,Amp DC,.1,5.5,F,F,F,F,F,F,Rear,F,Main,2.5997920036316,Volt DC,10,T,2W,F,F,14.639728220
0.02939547225833,Amp DC,.1,5.5,F,F,F,F,F,F,Rear,F,Main,2.6496937274933,Volt DC,10,T,2W,F,F,14.723499660
0.03072805702686,Amp DC,.1,5.5,F,F,F,F,F,F,Rear,F,Main,2.6997783184052,Volt DC,10,T,2W,F,F,14.807274360
0.03201108798385,Amp DC,.1,5.5,F,F,F,F,F,F,Rear,F,Main,2.7499058246613,Volt DC,10,T,2W,F,F,14.891033140
0.03334571421146,Amp DC,.1,5.5,F,F,F,F,F,F,Rear,F,Main,2.7999875545502,Volt DC,10,T,2W,F,F,14.974802020
0.0347948372364,Amp DC,.1,5.5,F,F,F,F,F,F,Rear,F,Main,2.8497676849365,Volt DC,10,T,2W,F,F,15.058572800
0.03612664341927,Amp DC,.1,5.5,F,F,F,F,F,F,Rear,F,Main,2.8998546600342,Volt DC,10,T,2W,F,F,15.142368280
0.0376322902739,Amp DC,.1,5.5,F,F,F,F,F,F,Rear,F,Main,2.9499349594116,Volt DC,10,T,2W,F,F,15.226128980
0.03909366950393,Amp DC,.1,5.5,F,F,F,F,F,F,Rear,F,Main,2.9996926784515,Volt DC,10,T,2W,F,F,15.309891960
0.04054372385144,Amp DC,.1,5.5,F,F,F,F,F,F,Rear,F,Main,3.0497729778290,Volt DC,10,T,2W,F,F,15.393664880
0.04210270568728,Amp DC,.1,5.5,F,F,F,F,F,F,Rear,F,Main,3.0999071598053,Volt DC,10,T,2W,F,F,15.477409100
0.04369877651334,Amp DC,.1,5.5,F,F,F,F,F,F,Rear,F,Main,3.1499853134155,Volt DC,10,T,2W,F,F,15.561182980
0.04530797153711,Amp DC,.1,5.5,F,F,F,F,F,F,Rear,F,Main,3.1997783184052,Volt DC,10,T,2W,F,F,15.644947800
0.04710004106164,Amp DC,.1,5.5,F,F,F,F,F,F,Rear,F,Main,3.2498450279236,Volt DC,10,T,2W,F,F,15.728700060
0.04873926192522,Amp DC,.1,5.5,F,F,F,F,F,F,Rear,F,Main,3.2999117374420,Volt DC,10,T,2W,F,F,15.812463960
0.05024199187756,Amp DC,.1,5.5,F,F,F,F,F,F,Rear,F,Main,3.3496861457825,Volt DC,10,T,2W,F,F,15.896214680
0.05183258652687,Amp DC,.1,5.5,F,F,F,F,F,F,Rear,F,Main,3.3997762203217,Volt DC,10,T,2W,F,F,15.980000080
0.05356995761395,Amp DC,.1,5.5,F,F,F,F,F,F,Rear,F,Main,3.4498918056488,Volt DC,10,T,2W,F,F,16.063753560
0.05543592199683,Amp DC,.1,5.5,F,F,F,F,F,F,Rear,F,Main,3.4999933242798,Volt DC,10,T,2W,F,F,16.147523020
0.05713342130184,Amp DC,.1,5.5,F,F,F,F,F,F,Rear,F,Main,3.5497317314148,Volt DC,10,T,2W,F,F,16.231288420
0.05884135141969,Amp DC,.1,5.5,F,F,F,F,F,F,Rear,F,Main,3.5998260974884,Volt DC,10,T,2W,F,F,16.315053700
0.06060359999537,Amp DC,.1,5.5,F,F,F,F,F,F,Rear,F,Main,3.6499083042145,Volt DC,10,T,2W,F,F,16.398818120
0.06235947087407,Amp DC,.1,5.5,F,F,F,F,F,F,Rear,F,Main,3.6996791362762,Volt DC,10,T,2W,F,F,16.482553660
0.06412297487259,Amp DC,.1,5.5,F,F,F,F,F,F,Rear,F,Main,3.7497503757477,Volt DC,10,T,2W,F,F,16.566317460
0.06588540226221,Amp DC,.1,5.5,F,F,F,F,F,F,Rear,F,Main,3.7998979091644,Volt DC,10,T,2W,F,F,16.650072560
0.0677257552743,Amp DC,.1,5.5,F,F,F,F,F,F,Rear,F,Main,3.8496263027191,Volt DC,10,T,2W,F,F,16.733823000
0.06954375654459,Amp DC,.1,5.5,F,F,F,F,F,F,Rear,F,Main,3.8996946811676,Volt DC,10,T,2W,F,F,16.817591300
0.07130195945501,Amp DC,.1,5.5,F,F,F,F,F,F,Rear,F,Main,3.9498443603516,Volt DC,10,T,2W,F,F,16.901352640
0.07323171943426,Amp DC,.1,5.5,F,F,F,F,F,F,Rear,F,Main,3.9999191761017,Volt DC,10,T,2W,F,F,16.985100980
