Style,Standard
Append Mode,1
Fill Mode,1
Capacity,100000
Count,401
Base Time Seconds,1615377145
Base Time Fractional,.773405120
Base Time,03/10/2021 11:52:25.773405120
Reading,Unit,Range Digits,Disp Digits,Math,Start Group,Limit1 High,Limit1 Low,Limit2 High,Limit2 Low,Terminal,Questionable,Origin,Value,Unit,Digits,Output,Sense,Source Limit,Overtemp,Relative Time
-0.1999800801277,Amp DC,1,5.5,F,F,F,F,F,F,Rear,F,Main,-3.9203979969025,Volt DC,10,T,2W,T,F,0.000000000
-0.1999667137861,Amp DC,1,5.5,F,F,F,F,F,F,Rear,F,Main,-3.9137611389160,Volt DC,10,T,2W,T,F,0.083799120
-0.1999673396349,Amp DC,1,5.5,F,F,F,F,F,F,Rear,F,Main,-3.8996567726135,Volt DC,10,T,2W,T,F,0.167559180
-0.1999655067921,Amp DC,1,5.5,F,F,F,F,F,F,Rear,F,Main,-3.8951456546783,Volt DC,10,T,2W,T,F,0.251313620
-0.1999696195126,Amp DC,1,5.5,F,F,F,F,F,F,Rear,F,Main,-3.8917825222015,Volt DC,10,T,2W,T,F,0.335088620
-0.1999684721231,Amp DC,1,5.5,F,F,F,F,F,F,Rear,F,Main,-3.8890907764435,Volt DC,10,T,2W,T,F,0.418845500
-0.1999655663967,Amp DC,1,5.5,F,F,F,F,F,F,Rear,F,Main,-3.8876907825470,Volt DC,10,T,2W,T,F,0.502614040
-0.199973076582,Amp DC,1,5.5,F,F,F,F,F,F,Rear,F,Main,-3.8864996433258,Volt DC,10,T,2W,T,F,0.586386620
-0.1999636441469,Amp DC,1,5.5,F,F,F,F,F,F,Rear,F,Main,-3.8852961063385,Volt DC,10,T,2W,T,F,0.670158800
-0.199968367815,Amp DC,1,5.5,F,F,F,F,F,F,Rear,F,Main,-3.8842833042145,Volt DC,10,T,2W,T,F,0.753908600
-0.199963092804,Amp DC,1,5.5,F,F,F,F,F,F,Rear,F,Main,-3.8827629089355,Volt DC,10,T,2W,T,F,0.837660960
-0.1999648213387,Amp DC,1,5.5,F,F,F,F,F,F,Rear,F,Main,-3.8821656703949,Volt DC,10,T,2W,T,F,0.921425120
-0.1999585479498,Amp DC,1,5.5,F,F,F,F,F,F,Rear,F,Main,-3.8813343048096,Volt DC,10,T,2W,T,F,1.005189200
-0.1999661177397,Amp DC,1,5.5,F,F,F,F,F,F,Rear,F,Main,-3.8806438446045,Volt DC,10,T,2W,T,F,1.088959260
-0.1999660432339,Amp DC,1,5.5,F,F,F,F,F,F,Rear,F,Main,-3.8797197341919,Volt DC,10,T,2W,T,F,1.172728600
-0.1999626010656,Amp DC,1,5.5,F,F,F,F,F,F,Rear,F,Main,-3.8788118362427,Volt DC,10,T,2W,T,F,1.256505140
-0.199964299798,Amp DC,1,5.5,F,F,F,F,F,F,Rear,F,Main,-3.8786101341248,Volt DC,10,T,2W,T,F,1.340274440
-0.1999649256468,Amp DC,1,5.5,F,F,F,F,F,F,Rear,F,Main,-3.8782658576965,Volt DC,10,T,2W,T,F,1.424038280
-0.1999638229609,Amp DC,1,5.5,F,F,F,F,F,F,Rear,F,Main,-3.8780128955841,Volt DC,10,T,2W,T,F,1.507788720
-0.1999620199203,Amp DC,1,5.5,F,F,F,F,F,F,Rear,F,Main,-3.8776009082794,Volt DC,10,T,2W,T,F,1.591558320
-0.1999655365944,Amp DC,1,5.5,F,F,F,F,F,F,Rear,F,Main,-3.8778343200684,Volt DC,10,T,2W,T,F,1.675321000
-0.1999649554491,Amp DC,1,5.5,F,F,F,F,F,F,Rear,F,Main,-3.8778622150421,Volt DC,10,T,2W,T,F,1.759075320
-0.1999613642693,Amp DC,1,5.5,F,F,F,F,F,F,Rear,F,Main,-3.8779697418213,Volt DC,10,T,2W,T,F,1.842853400
-0.1999625861645,Amp DC,1,5.5,F,F,F,F,F,F,Rear,F,Main,-3.8768982887268,Volt DC,10,T,2W,T,F,1.926604900
-0.1999631822109,Amp DC,1,5.5,F,F,F,F,F,F,Rear,F,Main,-3.8750541210175,Volt DC,10,T,2W,T,F,2.010350280
-0.1999655663967,Amp DC,1,5.5,F,F,F,F,F,F,Rear,F,Main,-3.8738772869110,Volt DC,10,T,2W,T,F,2.094107060
-0.1999626159668,Amp DC,1,5.5,F,F,F,F,F,F,Rear,F,Main,-3.8733146190643,Volt DC,10,T,2W,T,F,2.177858260
-0.1999649703503,Amp DC,1,5.5,F,F,F,F,F,F,Rear,F,Main,-3.8725759983063,Volt DC,10,T,2W,T,F,2.261614880
-0.199964299798,Amp DC,1,5.5,F,F,F,F,F,F,Rear,F,Main,-3.8717746734619,Volt DC,10,T,2W,T,F,2.345394040
-0.1999548971653,Amp DC,1,5.5,F,F,F,F,F,F,Rear,F,Main,-3.8710789680481,Volt DC,10,T,2W,T,F,2.429165220
-0.1999649554491,Amp DC,1,5.5,F,F,F,F,F,F,Rear,F,Main,-3.8698937892914,Volt DC,10,T,2W,T,F,2.512927280
-0.1999626606703,Amp DC,1,5.5,F,F,F,F,F,F,Rear,F,Main,-3.8693695068359,Volt DC,10,T,2W,T,F,2.596701660
-0.1999620646238,Amp DC,1,5.5,F,F,F,F,F,F,Rear,F,Main,-3.8695909976959,Volt DC,10,T,2W,T,F,2.680487800
-0.1999602913857,Amp DC,1,5.5,F,F,F,F,F,F,Rear,F,Main,-3.8695964813232,Volt DC,10,T,2W,T,F,2.764248120
-0.1999643445015,Amp DC,1,5.5,F,F,F,F,F,F,Rear,F,Main,-3.8695101737976,Volt DC,10,T,2W,T,F,2.848007840
-0.1999584287405,Amp DC,1,5.5,F,F,F,F,F,F,Rear,F,Main,-3.8695271015167,Volt DC,10,T,2W,T,F,2.931777420
-0.1999584138393,Amp DC,1,5.5,F,F,F,F,F,F,Rear,F,Main,-3.8689332008362,Volt DC,10,T,2W,T,F,3.015528320
-0.1999608427286,Amp DC,1,5.5,F,F,F,F,F,F,Rear,F,Main,-3.8683195114136,Volt DC,10,T,2W,T,F,3.099292060
-0.1999591290951,Amp DC,1,5.5,F,F,F,F,F,F,Rear,F,Main,-3.8677258491516,Volt DC,10,T,2W,T,F,3.183047760
-0.199955612421,Amp DC,1,5.5,F,F,F,F,F,F,Rear,F,Main,-3.8672659397125,Volt DC,10,T,2W,T,F,3.266828240
-0.1999608278275,Amp DC,1,5.5,F,F,F,F,F,F,Rear,F,Main,-3.8666818141937,Volt DC,10,T,2W,T,F,3.350593340
-0.1999537795782,Amp DC,1,5.5,F,F,F,F,F,F,Rear,F,Main,-3.8661558628082,Volt DC,10,T,2W,T,F,3.434370940
-0.1999608278275,Amp DC,1,5.5,F,F,F,F,F,F,Rear,F,Main,-3.8653318881989,Volt DC,10,T,2W,T,F,3.518117140
-0.1999549567699,Amp DC,1,5.5,F,F,F,F,F,F,Rear,F,Main,-3.8645210266113,Volt DC,10,T,2W,T,F,3.601889240
-0.1999578624964,Amp DC,1,5.5,F,F,F,F,F,F,Rear,F,Main,-3.8640329837799,Volt DC,10,T,2W,T,F,3.685653000
-0.1999636888504,Amp DC,1,5.5,F,F,F,F,F,F,Rear,F,Main,-3.8636255264282,Volt DC,10,T,2W,T,F,3.769411560
-0.1999562084675,Amp DC,1,5.5,F,F,F,F,F,F,Rear,F,Main,-3.8630568981171,Volt DC,10,T,2W,T,F,3.853177720
-0.199955612421,Amp DC,1,5.5,F,F,F,F,F,F,Rear,F,Main,-3.8624389171600,Volt DC,10,T,2W,T,F,3.936947420
-0.199956163764,Amp DC,1,5.5,F,F,F,F,F,F,Rear,F,Main,-3.8621609210968,Volt DC,10,T,2W,T,F,4.020710020
-0.1999613195658,Amp DC,1,5.5,F,F,F,F,F,F,Rear,F,Main,-3.8617250919342,Volt DC,10,T,2W,T,F,4.104475980
-0.1999497115612,Amp DC,1,5.5,F,F,F,F,F,F,Rear,F,Main,-3.8614919185638,Volt DC,10,T,2W,T,F,4.188246580
-0.199960142374,Amp DC,1,5.5,F,F,F,F,F,F,Rear,F,Main,-3.8606176376343,Volt DC,10,T,2W,T,F,4.272005660
-0.199960783124,Amp DC,1,5.5,F,F,F,F,F,F,Rear,F,Main,-3.8602216243744,Volt DC,10,T,2W,T,F,4.355789220
-0.1999521106482,Amp DC,1,5.5,F,F,F,F,F,F,Rear,F,Main,-3.8600437641144,Volt DC,10,T,2W,T,F,4.439540060
-0.1999562382698,Amp DC,1,5.5,F,F,F,F,F,F,Rear,F,Main,-3.8600900173187,Volt DC,10,T,2W,T,F,4.523312080
-0.1999556422234,Amp DC,1,5.5,F,F,F,F,F,F,Rear,F,Main,-3.8601703643799,Volt DC,10,T,2W,T,F,4.607089500
-0.1999561190605,Amp DC,1,5.5,F,F,F,F,F,F,Rear,F,Main,-3.8603754043579,Volt DC,10,T,2W,T,F,4.690851420
-0.1999579370022,Amp DC,1,5.5,F,F,F,F,F,F,Rear,F,Main,-3.8601882457733,Volt DC,10,T,2W,T,F,4.774609220
-0.1999584883451,Amp DC,1,5.5,F,F,F,F,F,F,Rear,F,Main,-3.8599221706390,Volt DC,10,T,2W,T,F,4.858389380
-0.1999526619911,Amp DC,1,5.5,F,F,F,F,F,F,Rear,F,Main,-3.8598005771637,Volt DC,10,T,2W,T,F,4.942153900
-0.1999538838863,Amp DC,1,5.5,F,F,F,F,F,F,Rear,F,Main,-3.8597764968872,Volt DC,10,T,2W,T,F,5.025920880
-0.1999567896128,Amp DC,1,5.5,F,F,F,F,F,F,Rear,F,Main,-3.8599886894226,Volt DC,10,T,2W,T,F,5.109678580
-0.1999562233686,Amp DC,1,5.5,F,F,F,F,F,F,Rear,F,Main,-3.8599357604980,Volt DC,10,T,2W,T,F,5.193463840
-0.1999550014734,Amp DC,1,5.5,F,F,F,F,F,F,Rear,F,Main,-3.8598587512970,Volt DC,10,T,2W,T,F,5.277235840
-0.1999498009682,Amp DC,1,5.5,F,F,F,F,F,F,Rear,F,Main,-3.8599426746368,Volt DC,10,T,2W,T,F,5.361005480
-0.1999538242817,Amp DC,1,5.5,F,F,F,F,F,F,Rear,F,Main,-3.8603804111481,Volt DC,10,T,2W,T,F,5.444765060
-0.1999526321888,Amp DC,1,5.5,F,F,F,F,F,F,Rear,F,Main,-3.8605713844299,Volt DC,10,T,2W,T,F,5.528534540
-0.1999531984329,Amp DC,1,5.5,F,F,F,F,F,F,Rear,F,Main,-3.8609073162079,Volt DC,10,T,2W,T,F,5.612305300
-0.1999556273222,Amp DC,1,5.5,F,F,F,F,F,F,Rear,F,Main,-3.8611664772034,Volt DC,10,T,2W,T,F,5.696059880
-0.1999533176422,Amp DC,1,5.5,F,F,F,F,F,F,Rear,F,Main,-3.8620157241821,Volt DC,10,T,2W,T,F,5.779836320
-0.1999509781599,Amp DC,1,5.5,F,F,F,F,F,F,Rear,F,Main,-3.8622999191284,Volt DC,10,T,2W,T,F,5.863601560
-0.1999568343163,Amp DC,1,5.5,F,F,F,F,F,F,Rear,F,Main,-3.8619408607483,Volt DC,10,T,2W,T,F,5.947372720
-0.1999550461769,Amp DC,1,5.5,F,F,F,F,F,F,Rear,F,Main,-3.8623008728027,Volt DC,10,T,2W,T,F,6.031149460
-0.1999543905258,Amp DC,1,5.5,F,F,F,F,F,F,Rear,F,Main,-3.8614921569824,Volt DC,10,T,2W,T,F,6.114910240
-0.1999556273222,Amp DC,1,5.5,F,F,F,F,F,F,Rear,F,Main,-3.8616480827332,Volt DC,10,T,2W,T,F,6.198678620
-0.1999521404505,Amp DC,1,5.5,F,F,F,F,F,F,Rear,F,Main,-3.8596794605255,Volt DC,10,T,2W,T,F,6.282442700
-0.1999538689852,Amp DC,1,5.5,F,F,F,F,F,F,Rear,F,Main,-3.8592140674591,Volt DC,10,T,2W,T,F,6.366202380
-0.1999496668577,Amp DC,1,5.5,F,F,F,F,F,F,Rear,F,Main,-3.8583488464355,Volt DC,10,T,2W,T,F,6.449974440
-0.1999508589506,Amp DC,1,5.5,F,F,F,F,F,F,Rear,F,Main,-3.8589189052582,Volt DC,10,T,2W,T,F,6.533730920
-0.199955612421,Amp DC,1,5.5,F,F,F,F,F,F,Rear,F,Main,-3.8592758178711,Volt DC,10,T,2W,T,F,6.617513260
-0.1999508440495,Amp DC,1,5.5,F,F,F,F,F,F,Rear,F,Main,-3.8597986698151,Volt DC,10,T,2W,T,F,6.701288220
-0.1999491751194,Amp DC,1,5.5,F,F,F,F,F,F,Rear,F,Main,-3.8612780570984,Volt DC,10,T,2W,T,F,6.785049780
-0.1999514997005,Amp DC,1,5.5,F,F,F,F,F,F,Rear,F,Main,-3.8639755249023,Volt DC,10,T,2W,T,F,6.868813920
-0.1999515891075,Amp DC,1,5.5,F,F,F,F,F,F,Rear,F,Main,-3.8627531528473,Volt DC,10,T,2W,T,F,6.952580140
-0.1999532729387,Amp DC,1,5.5,F,F,F,F,F,F,Rear,F,Main,-3.8608026504517,Volt DC,10,T,2W,T,F,7.036364180
-0.1999514997005,Amp DC,1,5.5,F,F,F,F,F,F,Rear,F,Main,-3.8619911670685,Volt DC,10,T,2W,T,F,7.120134840
-0.1999550461769,Amp DC,1,5.5,F,F,F,F,F,F,Rear,F,Main,-3.8571412563324,Volt DC,10,T,2W,T,F,7.203901340
-0.1999509781599,Amp DC,1,5.5,F,F,F,F,F,F,Rear,F,Main,-3.8542041778564,Volt DC,10,T,2W,T,F,7.287672620
-0.1999498307705,Amp DC,1,5.5,F,F,F,F,F,F,Rear,F,Main,-3.8523130416870,Volt DC,10,T,2W,T,F,7.371443780
-0.1999492049217,Amp DC,1,5.5,F,F,F,F,F,F,Rear,F,Main,-3.8507366180420,Volt DC,10,T,2W,T,F,7.455222540
-0.1999462991953,Amp DC,1,5.5,F,F,F,F,F,F,Rear,F,Main,-3.8499565124512,Volt DC,10,T,2W,T,F,7.538979520
-0.1999497413635,Amp DC,1,5.5,F,F,F,F,F,F,Rear,F,Main,-3.8493399620056,Volt DC,10,T,2W,T,F,7.622731320
-0.1999463140965,Amp DC,1,5.5,F,F,F,F,F,F,Rear,F,Main,-3.8487384319305,Volt DC,10,T,2W,T,F,7.706502760
-0.1999521255493,Amp DC,1,5.5,F,F,F,F,F,F,Rear,F,Main,-3.8482599258423,Volt DC,10,T,2W,T,F,7.790277220
-0.19994571805,Amp DC,1,5.5,F,F,F,F,F,F,Rear,F,Main,-3.8477544784546,Volt DC,10,T,2W,T,F,7.874039420
-0.1999427974224,Amp DC,1,5.5,F,F,F,F,F,F,Rear,F,Main,-3.8474450111389,Volt DC,10,T,2W,T,F,7.957813600
-0.1999497115612,Amp DC,1,5.5,F,F,F,F,F,F,Rear,F,Main,-3.8473136425018,Volt DC,10,T,2W,T,F,8.041587060
-0.1999445408583,Amp DC,1,5.5,F,F,F,F,F,F,Rear,F,Main,-3.8471629619598,Volt DC,10,T,2W,T,F,8.125370500
-0.1999468654394,Amp DC,1,5.5,F,F,F,F,F,F,Rear,F,Main,-3.8469929695129,Volt DC,10,T,2W,T,F,8.209121180
-0.1999509632587,Amp DC,1,5.5,F,F,F,F,F,F,Rear,F,Main,-3.8465001583099,Volt DC,10,T,2W,T,F,8.292879240
-0.1999490857124,Amp DC,1,5.5,F,F,F,F,F,F,Rear,F,Main,-3.8460845947266,Volt DC,10,T,2W,T,F,8.376644860
-0.1999439448118,Amp DC,1,5.5,F,F,F,F,F,F,Rear,F,Main,-3.8456017971039,Volt DC,10,T,2W,T,F,8.460409140
-0.1999468654394,Amp DC,1,5.5,F,F,F,F,F,F,Rear,F,Main,-3.8454031944275,Volt DC,10,T,2W,T,F,8.544174120
-0.1999473869801,Amp DC,1,5.5,F,F,F,F,F,F,Rear,F,Main,-3.8451638221741,Volt DC,10,T,2W,T,F,8.627930760
-0.1999461948872,Amp DC,1,5.5,F,F,F,F,F,F,Rear,F,Main,-3.8449566364288,Volt DC,10,T,2W,T,F,8.711691580
-0.1999485492706,Amp DC,1,5.5,F,F,F,F,F,F,Rear,F,Main,-3.8448207378387,Volt DC,10,T,2W,T,F,8.795454140
-0.1999433338642,Amp DC,1,5.5,F,F,F,F,F,F,Rear,F,Main,-3.8446598052979,Volt DC,10,T,2W,T,F,8.879206120
-0.1999462246895,Amp DC,1,5.5,F,F,F,F,F,F,Rear,F,Main,-3.8447158336639,Volt DC,10,T,2W,T,F,8.962976680
-0.1999480575323,Amp DC,1,5.5,F,F,F,F,F,F,Rear,F,Main,-3.8446424007416,Volt DC,10,T,2W,T,F,9.046726440
-0.1999374330044,Amp DC,1,5.5,F,F,F,F,F,F,Rear,F,Main,-3.8445894718170,Volt DC,10,T,2W,T,F,9.130492920
-0.1999485343695,Amp DC,1,5.5,F,F,F,F,F,F,Rear,F,Main,-3.8445560932159,Volt DC,10,T,2W,T,F,9.214264280
-0.1999421715736,Amp DC,1,5.5,F,F,F,F,F,F,Rear,F,Main,-3.8443734645844,Volt DC,10,T,2W,T,F,9.298030180
-0.1999454796314,Amp DC,1,5.5,F,F,F,F,F,F,Rear,F,Main,-3.8440728187561,Volt DC,10,T,2W,T,F,9.381788760
-0.1999468654394,Amp DC,1,5.5,F,F,F,F,F,F,Rear,F,Main,-3.8440876007080,Volt DC,10,T,2W,T,F,9.465548840
-0.1999445855618,Amp DC,1,5.5,F,F,F,F,F,F,Rear,F,Main,-3.8439452648163,Volt DC,10,T,2W,T,F,9.549319060
-0.1999398767948,Amp DC,1,5.5,F,F,F,F,F,F,Rear,F,Main,-3.8438212871552,Volt DC,10,T,2W,T,F,9.633081520
-0.1999427676201,Amp DC,1,5.5,F,F,F,F,F,F,Rear,F,Main,-3.8437459468842,Volt DC,10,T,2W,T,F,9.716838760
-0.1999445408583,Amp DC,1,5.5,F,F,F,F,F,F,Rear,F,Main,-3.8436686992645,Volt DC,10,T,2W,T,F,9.800609300
-0.1999375373125,Amp DC,1,5.5,F,F,F,F,F,F,Rear,F,Main,-3.8433859348297,Volt DC,10,T,2W,T,F,9.884367520
-0.1999427080154,Amp DC,1,5.5,F,F,F,F,F,F,Rear,F,Main,-3.8434317111969,Volt DC,10,T,2W,T,F,9.968118900
-0.199937492609,Amp DC,1,5.5,F,F,F,F,F,F,Rear,F,Main,-3.8433248996735,Volt DC,10,T,2W,T,F,10.051895940
-0.1999380588531,Amp DC,1,5.5,F,F,F,F,F,F,Rear,F,Main,-3.8430762290955,Volt DC,10,T,2W,T,F,10.135667720
-0.199937492609,Amp DC,1,5.5,F,F,F,F,F,F,Rear,F,Main,-3.8430013656616,Volt DC,10,T,2W,T,F,10.219432680
-0.1999346613884,Amp DC,1,5.5,F,F,F,F,F,F,Rear,F,Main,-3.8428077697754,Volt DC,10,T,2W,T,F,10.303179440
-0.196573972702,Amp DC,1,5.5,F,F,F,F,F,F,Rear,F,Main,-3.7996764183044,Volt DC,10,T,2W,F,F,10.386920140
-0.1926975846291,Amp DC,1,5.5,F,F,F,F,F,F,Rear,F,Main,-3.7498631477356,Volt DC,10,T,2W,F,F,10.470699520
-0.1888071745634,Amp DC,1,5.5,F,F,F,F,F,F,Rear,F,Main,-3.6997907161713,Volt DC,10,T,2W,F,F,10.554448700
-0.1849079728127,Amp DC,1,5.5,F,F,F,F,F,F,Rear,F,Main,-3.6496663093567,Volt DC,10,T,2W,F,F,10.638214260
-0.1810508221388,Amp DC,1,5.5,F,F,F,F,F,F,Rear,F,Main,-3.5999054908752,Volt DC,10,T,2W,F,F,10.721969700
-0.1771656423807,Amp DC,1,5.5,F,F,F,F,F,F,Rear,F,Main,-3.5497941970825,Volt DC,10,T,2W,F,F,10.805737220
-0.1733004003763,Amp DC,1,5.5,F,F,F,F,F,F,Rear,F,Main,-3.4997327327728,Volt DC,10,T,2W,F,F,10.889507180
-0.1694653630257,Amp DC,1,5.5,F,F,F,F,F,F,Rear,F,Main,-3.4499776363373,Volt DC,10,T,2W,F,F,10.973268880
-0.1656071096659,Amp DC,1,5.5,F,F,F,F,F,F,Rear,F,Main,-3.3998336791992,Volt DC,10,T,2W,F,F,11.057037700
-0.1617452949286,Amp DC,1,5.5,F,F,F,F,F,F,Rear,F,Main,-3.3497495651245,Volt DC,10,T,2W,F,F,11.140812220
-0.157933562994,Amp DC,1,5.5,F,F,F,F,F,F,Rear,F,Main,-3.2996172904968,Volt DC,10,T,2W,F,F,11.224588740
-0.1541587263346,Amp DC,1,5.5,F,F,F,F,F,F,Rear,F,Main,-3.2498610019684,Volt DC,10,T,2W,F,F,11.308348860
-0.15037509799,Amp DC,1,5.5,F,F,F,F,F,F,Rear,F,Main,-3.1998038291931,Volt DC,10,T,2W,F,F,11.392132480
-0.1466019749641,Amp DC,1,5.5,F,F,F,F,F,F,Rear,F,Main,-3.1496827602386,Volt DC,10,T,2W,F,F,11.475893860
-0.1433253586292,Amp DC,1,5.5,F,F,F,F,F,F,Rear,F,Main,-3.0999453067780,Volt DC,10,T,2W,F,F,11.559649940
-0.1394781321287,Amp DC,1,5.5,F,F,F,F,F,F,Rear,F,Main,-3.0497965812683,Volt DC,10,T,2W,F,F,11.643434060
-0.1357376426458,Amp DC,1,5.5,F,F,F,F,F,F,Rear,F,Main,-2.9997174739838,Volt DC,10,T,2W,F,F,11.727198560
-0.1320444643497,Amp DC,1,5.5,F,F,F,F,F,F,Rear,F,Main,-2.9499218463898,Volt DC,10,T,2W,F,F,11.810961120
-0.1284008175135,Amp DC,1,5.5,F,F,F,F,F,F,Rear,F,Main,-2.8998389244080,Volt DC,10,T,2W,F,F,11.894726060
-0.1247350797057,Amp DC,1,5.5,F,F,F,F,F,F,Rear,F,Main,-2.8497729301453,Volt DC,10,T,2W,F,F,11.978492120
-0.1210838481784,Amp DC,1,5.5,F,F,F,F,F,F,Rear,F,Main,-2.7996468544006,Volt DC,10,T,2W,F,F,12.062258620
-0.1174839511514,Amp DC,1,5.5,F,F,F,F,F,F,Rear,F,Main,-2.7498939037323,Volt DC,10,T,2W,F,F,12.146035560
-0.1138625741005,Amp DC,1,5.5,F,F,F,F,F,F,Rear,F,Main,-2.6997547149658,Volt DC,10,T,2W,F,F,12.229796640
-0.1102825775743,Amp DC,1,5.5,F,F,F,F,F,F,Rear,F,Main,-2.6496524810791,Volt DC,10,T,2W,F,F,12.313576200
-0.1067444905639,Amp DC,1,5.5,F,F,F,F,F,F,Rear,F,Main,-2.5999035835266,Volt DC,10,T,2W,F,F,12.397348740
-0.1033523976803,Amp DC,1,5.5,F,F,F,F,F,F,Rear,F,Main,-2.5497572422028,Volt DC,10,T,2W,F,F,12.481117400
-0.09982269257307,Amp DC,.1,5.5,F,F,F,F,F,F,Rear,F,Main,-2.4996116161346,Volt DC,10,T,2W,F,F,12.685135160
-0.09637811779976,Amp DC,.1,5.5,F,F,F,F,F,F,Rear,F,Main,-2.4498412609100,Volt DC,10,T,2W,F,F,12.768911860
-0.09292532503605,Amp DC,.1,5.5,F,F,F,F,F,F,Rear,F,Main,-2.3997721672058,Volt DC,10,T,2W,F,F,12.852684480
-0.08949294686317,Amp DC,.1,5.5,F,F,F,F,F,F,Rear,F,Main,-2.3496294021606,Volt DC,10,T,2W,F,F,12.936451020
-0.08608983457088,Amp DC,.1,5.5,F,F,F,F,F,F,Rear,F,Main,-2.2995684146881,Volt DC,10,T,2W,F,F,13.020238040
-0.08274061977863,Amp DC,.1,5.5,F,F,F,F,F,F,Rear,F,Main,-2.2498226165771,Volt DC,10,T,2W,F,F,13.103995360
-0.07939247786999,Amp DC,.1,5.5,F,F,F,F,F,F,Rear,F,Main,-2.1996839046478,Volt DC,10,T,2W,F,F,13.187767160
-0.07608181983232,Amp DC,.1,5.5,F,F,F,F,F,F,Rear,F,Main,-2.1496207714081,Volt DC,10,T,2W,F,F,13.271549320
-0.07282447814941,Amp DC,.1,5.5,F,F,F,F,F,F,Rear,F,Main,-2.0998456478119,Volt DC,10,T,2W,F,F,13.355303280
-0.0695761218667,Amp DC,.1,5.5,F,F,F,F,F,F,Rear,F,Main,-2.0497484207153,Volt DC,10,T,2W,F,F,13.439050580
-0.0663620904088,Amp DC,.1,5.5,F,F,F,F,F,F,Rear,F,Main,-1.9996687173843,Volt DC,10,T,2W,F,F,13.522801500
-0.06320411711931,Amp DC,.1,5.5,F,F,F,F,F,F,Rear,F,Main,-1.9498796463013,Volt DC,10,T,2W,F,F,13.606577840
-0.06006538495421,Amp DC,.1,5.5,F,F,F,F,F,F,Rear,F,Main,-1.8997786045074,Volt DC,10,T,2W,F,F,13.690351900
-0.0569612570107,Amp DC,.1,5.5,F,F,F,F,F,F,Rear,F,Main,-1.8496658802032,Volt DC,10,T,2W,F,F,13.774117960
-0.05389466136694,Amp DC,.1,5.5,F,F,F,F,F,F,Rear,F,Main,-1.7996000051498,Volt DC,10,T,2W,F,F,13.857890760
-0.05088699236512,Amp DC,.1,5.5,F,F,F,F,F,F,Rear,F,Main,-1.7498131990433,Volt DC,10,T,2W,F,F,13.941654780
-0.04789966717362,Amp DC,.1,5.5,F,F,F,F,F,F,Rear,F,Main,-1.6997318267822,Volt DC,10,T,2W,F,F,14.025425380
-0.04495252296329,Amp DC,.1,5.5,F,F,F,F,F,F,Rear,F,Main,-1.6496633291245,Volt DC,10,T,2W,F,F,14.109188580
-0.04206070676446,Amp DC,.1,5.5,F,F,F,F,F,F,Rear,F,Main,-1.5998519659042,Volt DC,10,T,2W,F,F,14.192955740
-0.03919554874301,Amp DC,.1,5.5,F,F,F,F,F,F,Rear,F,Main,-1.5497750043869,Volt DC,10,T,2W,F,F,14.276710980
-0.03637136518955,Amp DC,.1,5.5,F,F,F,F,F,F,Rear,F,Main,-1.4996560811996,Volt DC,10,T,2W,F,F,14.360475080
-0.0336143001914,Amp DC,.1,5.5,F,F,F,F,F,F,Rear,F,Main,-1.4499272108078,Volt DC,10,T,2W,F,F,14.444239140
-0.03088598325849,Amp DC,.1,5.5,F,F,F,F,F,F,Rear,F,Main,-1.3998498916626,Volt DC,10,T,2W,F,F,14.528000260
-0.02820388413966,Amp DC,.1,5.5,F,F,F,F,F,F,Rear,F,Main,-1.3497049808502,Volt DC,10,T,2W,F,F,14.611771480
-0.02557954378426,Amp DC,.1,5.5,F,F,F,F,F,F,Rear,F,Main,-1.2996110916138,Volt DC,10,T,2W,F,F,14.695538460
-0.02302866615355,Amp DC,.1,5.5,F,F,F,F,F,F,Rear,F,Main,-1.2498073577881,Volt DC,10,T,2W,F,F,14.779306820
-0.02052717097104,Amp DC,.1,5.5,F,F,F,F,F,F,Rear,F,Main,-1.1997162103653,Volt DC,10,T,2W,F,F,14.863057060
-0.01809798181057,Amp DC,.1,5.5,F,F,F,F,F,F,Rear,F,Main,-1.1496262550354,Volt DC,10,T,2W,F,F,14.946821040
-0.01576541364193,Amp DC,.1,5.5,F,F,F,F,F,F,Rear,F,Main,-1.0998616218567,Volt DC,10,T,2W,F,F,15.030601140
-0.013513000682,Amp DC,.1,5.5,F,F,F,F,F,F,Rear,F,Main,-1.0497864484787,Volt DC,10,T,2W,F,F,15.114377980
-0.01136916130781,Amp DC,.1,5.5,F,F,F,F,F,F,Rear,F,Main,-0.9996397495270,Volt DC,10,T,2W,F,F,15.198122520
-0.00934533867985,Amp DC,.01,5.5,F,F,F,F,F,F,Rear,F,Main,-0.9497894644737,Volt DC,10,T,2W,F,F,15.436170680
-0.007495653349906,Amp DC,.01,5.5,F,F,F,F,F,F,Rear,F,Main,-0.8996841311455,Volt DC,10,T,2W,F,F,15.519945640
-0.005827075336128,Amp DC,.01,5.5,F,F,F,F,F,F,Rear,F,Main,-0.8496221303940,Volt DC,10,T,2W,F,F,15.603726760
-0.004368593916297,Amp DC,.01,5.5,F,F,F,F,F,F,Rear,F,Main,-0.7995653152466,Volt DC,10,T,2W,F,F,15.687486540
-0.003149554831907,Amp DC,.01,5.5,F,F,F,F,F,F,Rear,F,Main,-0.7498187422752,Volt DC,10,T,2W,F,F,15.771229400
-0.002165677258745,Amp DC,.01,5.5,F,F,F,F,F,F,Rear,F,Main,-0.6997362375259,Volt DC,10,T,2W,F,F,15.854999380
-0.001418047235347,Amp DC,.01,5.5,F,F,F,F,F,F,Rear,F,Main,-0.6495940685272,Volt DC,10,T,2W,F,F,15.938758900
-0.0008723277132958,Amp DC,.001,5.5,F,F,F,F,F,F,Rear,F,Main,-0.5997403264046,Volt DC,10,T,2W,F,F,16.176791520
-0.0005135504179634,Amp DC,.001,5.5,F,F,F,F,F,F,Rear,F,Main,-0.5496995449066,Volt DC,10,T,2W,F,F,16.260586000
-0.0002771717554424,Amp DC,.001,5.5,F,F,F,F,F,F,Rear,F,Main,-0.4995961487293,Volt DC,10,T,2W,F,F,16.344352480
-0.0001344422926195,Amp DC,.001,5.5,F,F,F,F,F,F,Rear,F,Main,-0.4498994946480,Volt DC,10,T,2W,F,F,16.428113860
-5.680231333827e-05,Amp DC,.0001,5.5,F,F,F,F,F,F,Rear,F,Main,-0.3997275233269,Volt DC,10,T,2W,F,F,16.670144640
-2.054672404483e-05,Amp DC,.0001,5.5,F,F,F,F,F,F,Rear,F,Main,-0.3496631383896,Volt DC,10,T,2W,F,F,16.753924480
-5.99875647822e-06,Amp DC,.00001,5.5,F,F,F,F,F,F,Rear,F,Main,-0.2995103597641,Volt DC,10,T,2W,F,F,16.999960380
-5.134913294569e-07,Amp DC,.000001,5.5,F,F,F,F,F,F,Rear,F,Main,-0.2497735470533,Volt DC,10,T,2W,F,F,17.251046120
1.676077545198e-06,Amp DC,.00001,5.5,F,F,F,F,F,F,Rear,F,Main,-0.1997358202934,Volt DC,10,T,2W,F,F,17.669179280
2.721432110775e-06,Amp DC,.00001,5.5,F,F,F,F,F,F,Rear,F,Main,-0.1496435999870,Volt DC,10,T,2W,F,F,17.753972780
3.32088916366e-06,Amp DC,.00001,5.5,F,F,F,F,F,F,Rear,F,Main,-0.0999129861593,Volt DC,10,T,2W,F,F,17.838743460
3.734259962584e-06,Amp DC,.00001,5.5,F,F,F,F,F,F,Rear,F,Main,-0.0498001798987,Volt DC,10,T,2W,F,F,17.923490120
4.047797574458e-06,Amp DC,.00001,5.5,F,F,F,F,F,F,Rear,F,Main,0.0003010762157,Volt DC,10,T,2W,F,F,18.008232600
4.294769496482e-06,Amp DC,.00001,5.5,F,F,F,F,F,F,Rear,F,Main,0.0498380139470,Volt DC,10,T,2W,F,F,18.093302180
4.509965947364e-06,Amp DC,.00001,5.5,F,F,F,F,F,F,Rear,F,Main,0.0996185690165,Volt DC,10,T,2W,F,F,18.178067440
4.692751190305e-06,Amp DC,.00001,5.5,F,F,F,F,F,F,Rear,F,Main,0.1497074365616,Volt DC,10,T,2W,F,F,18.262800620
4.842518137593e-06,Amp DC,.00001,5.5,F,F,F,F,F,F,Rear,F,Main,0.1998158991337,Volt DC,10,T,2W,F,F,18.347561740
4.977696335118e-06,Amp DC,.00001,5.5,F,F,F,F,F,F,Rear,F,Main,0.2499104887247,Volt DC,10,T,2W,F,F,18.432295860
5.096973836771e-06,Amp DC,.00001,5.5,F,F,F,F,F,F,Rear,F,Main,0.2996473014355,Volt DC,10,T,2W,F,F,18.517039020
5.202917691349e-06,Amp DC,.00001,5.5,F,F,F,F,F,F,Rear,F,Main,0.3497810363770,Volt DC,10,T,2W,F,F,18.601786980
5.298838914314e-06,Amp DC,.00001,5.5,F,F,F,F,F,F,Rear,F,Main,0.3998653888702,Volt DC,10,T,2W,F,F,18.686546080
5.385681561165e-06,Amp DC,.00001,5.5,F,F,F,F,F,F,Rear,F,Main,0.4496400654316,Volt DC,10,T,2W,F,F,18.771290440
5.462035005621e-06,Amp DC,.00001,5.5,F,F,F,F,F,F,Rear,F,Main,0.4997117519379,Volt DC,10,T,2W,F,F,18.856032020
5.533742296393e-06,Amp DC,.00001,5.5,F,F,F,F,F,F,Rear,F,Main,0.5498374700546,Volt DC,10,T,2W,F,F,18.940796520
5.599061751127e-06,Amp DC,.00001,5.5,F,F,F,F,F,F,Rear,F,Main,0.5995787382126,Volt DC,10,T,2W,F,F,19.025556440
5.655191216647e-06,Amp DC,.00001,5.5,F,F,F,F,F,F,Rear,F,Main,0.6496549248695,Volt DC,10,T,2W,F,F,19.110322300
5.72159751755e-06,Amp DC,.00001,5.5,F,F,F,F,F,F,Rear,F,Main,0.6998071074486,Volt DC,10,T,2W,F,F,19.195059160
5.775939371233e-06,Amp DC,.00001,5.5,F,F,F,F,F,F,Rear,F,Main,0.7498923540115,Volt DC,10,T,2W,F,F,19.279812100
5.812924882775e-06,Amp DC,.00001,5.5,F,F,F,F,F,F,Rear,F,Main,0.7996625304222,Volt DC,10,T,2W,F,F,19.364582200
5.855515155417e-06,Amp DC,.00001,5.5,F,F,F,F,F,F,Rear,F,Main,0.8497490286827,Volt DC,10,T,2W,F,F,19.449331800
5.895272352063e-06,Amp DC,.00001,5.5,F,F,F,F,F,F,Rear,F,Main,0.8998170495033,Volt DC,10,T,2W,F,F,19.534083680
5.932449766988e-06,Amp DC,.00001,5.5,F,F,F,F,F,F,Rear,F,Main,0.9495927691460,Volt DC,10,T,2W,F,F,19.618828120
5.967105153104e-06,Amp DC,.00001,5.5,F,F,F,F,F,F,Rear,F,Main,0.9996859431267,Volt DC,10,T,2W,F,F,19.703596200
6.000580469845e-06,Amp DC,.00001,5.5,F,F,F,F,F,F,Rear,F,Main,1.0498216152191,Volt DC,10,T,2W,F,F,19.788343760
6.030907570675e-06,Amp DC,.00001,5.5,F,F,F,F,F,F,Rear,F,Main,1.0999045372009,Volt DC,10,T,2W,F,F,19.873095200
6.058411599952e-06,Amp DC,.00001,5.5,F,F,F,F,F,F,Rear,F,Main,1.1496788263321,Volt DC,10,T,2W,F,F,19.957854720
6.084310825827e-06,Amp DC,.00001,5.5,F,F,F,F,F,F,Rear,F,Main,1.1997712850571,Volt DC,10,T,2W,F,F,20.042628020
6.111743914516e-06,Amp DC,.00001,5.5,F,F,F,F,F,F,Rear,F,Main,1.2498567104340,Volt DC,10,T,2W,F,F,20.127384600
6.141394806036e-06,Amp DC,.00001,5.5,F,F,F,F,F,F,Rear,F,Main,1.2996559143066,Volt DC,10,T,2W,F,F,20.212145220
6.157386906125e-06,Amp DC,.00001,5.5,F,F,F,F,F,F,Rear,F,Main,1.3497364521027,Volt DC,10,T,2W,F,F,20.296891060
6.175898761285e-06,Amp DC,.00001,5.5,F,F,F,F,F,F,Rear,F,Main,1.3998875617981,Volt DC,10,T,2W,F,F,20.381663080
6.194764409884e-06,Amp DC,.00001,5.5,F,F,F,F,F,F,Rear,F,Main,1.4496191740036,Volt DC,10,T,2W,F,F,20.466400060
6.213385404408e-06,Amp DC,.00001,5.5,F,F,F,F,F,F,Rear,F,Main,1.4996930360794,Volt DC,10,T,2W,F,F,20.551154880
6.227457561181e-06,Amp DC,.00001,5.5,F,F,F,F,F,F,Rear,F,Main,1.5498096942902,Volt DC,10,T,2W,F,F,20.635914560
6.241811661312e-06,Amp DC,.00001,5.5,F,F,F,F,F,F,Rear,F,Main,1.5998997688293,Volt DC,10,T,2W,F,F,20.720675540
6.260542704695e-06,Amp DC,.00001,5.5,F,F,F,F,F,F,Rear,F,Main,1.6496852636337,Volt DC,10,T,2W,F,F,20.805449640
6.275545729295e-06,Amp DC,.00001,5.5,F,F,F,F,F,F,Rear,F,Main,1.6997636556625,Volt DC,10,T,2W,F,F,20.890189160
6.288773420238e-06,Amp DC,.00001,5.5,F,F,F,F,F,F,Rear,F,Main,1.7498543262482,Volt DC,10,T,2W,F,F,20.974935100
6.300611403276e-06,Amp DC,.00001,5.5,F,F,F,F,F,F,Rear,F,Main,1.7996428012848,Volt DC,10,T,2W,F,F,21.059699740
6.317151473922e-06,Amp DC,.00001,5.5,F,F,F,F,F,F,Rear,F,Main,1.8497062921524,Volt DC,10,T,2W,F,F,21.144443980
6.334346835501e-06,Amp DC,.00001,5.5,F,F,F,F,F,F,Rear,F,Main,1.8998354673386,Volt DC,10,T,2W,F,F,21.229199020
6.336905244098e-06,Amp DC,.00001,5.5,F,F,F,F,F,F,Rear,F,Main,1.9499254226685,Volt DC,10,T,2W,F,F,21.313948320
6.345660040097e-06,Amp DC,.00001,5.5,F,F,F,F,F,F,Rear,F,Main,1.9997043609619,Volt DC,10,T,2W,F,F,21.398689700
6.355096502375e-06,Amp DC,.00001,5.5,F,F,F,F,F,F,Rear,F,Main,2.0497925281525,Volt DC,10,T,2W,F,F,21.483436040
6.36458162262e-06,Amp DC,.00001,5.5,F,F,F,F,F,F,Rear,F,Main,2.0998842716217,Volt DC,10,T,2W,F,F,21.568197920
6.373920768965e-06,Amp DC,.00001,5.5,F,F,F,F,F,F,Rear,F,Main,2.1496565341949,Volt DC,10,T,2W,F,F,21.652937720
6.381273578882e-06,Amp DC,.00001,5.5,F,F,F,F,F,F,Rear,F,Main,2.1997432708740,Volt DC,10,T,2W,F,F,21.737708720
6.39101563138e-06,Amp DC,.00001,5.5,F,F,F,F,F,F,Rear,F,Main,2.2498707771301,Volt DC,10,T,2W,F,F,21.822457700
6.398788173101e-06,Amp DC,.00001,5.5,F,F,F,F,F,F,Rear,F,Main,2.2999436855316,Volt DC,10,T,2W,F,F,21.907201880
6.405465683201e-06,Amp DC,.00001,5.5,F,F,F,F,F,F,Rear,F,Main,2.3496797084808,Volt DC,10,T,2W,F,F,21.991953260
6.414079507522e-06,Amp DC,.00001,5.5,F,F,F,F,F,F,Rear,F,Main,2.3998174667358,Volt DC,10,T,2W,F,F,22.076689420
6.424917046388e-06,Amp DC,.00001,5.5,F,F,F,F,F,F,Rear,F,Main,2.4498872756958,Volt DC,10,T,2W,F,F,22.161438840
6.433544513129e-06,Amp DC,.00001,5.5,F,F,F,F,F,F,Rear,F,Main,2.4996795654297,Volt DC,10,T,2W,F,F,22.246182060
6.431207111746e-06,Amp DC,.00001,5.5,F,F,F,F,F,F,Rear,F,Main,2.5497634410858,Volt DC,10,T,2W,F,F,22.330944660
6.43538805889e-06,Amp DC,.00001,5.5,F,F,F,F,F,F,Rear,F,Main,2.5999050140381,Volt DC,10,T,2W,F,F,22.415696800
6.440728157031e-06,Amp DC,.00001,5.5,F,F,F,F,F,F,Rear,F,Main,2.6496393680573,Volt DC,10,T,2W,F,F,22.500431580
6.444950486184e-06,Amp DC,.00001,5.5,F,F,F,F,F,F,Rear,F,Main,2.6997382640839,Volt DC,10,T,2W,F,F,22.585184280
6.449249212892e-06,Amp DC,.00001,5.5,F,F,F,F,F,F,Rear,F,Main,2.7498598098755,Volt DC,10,T,2W,F,F,22.669943520
6.453177775256e-06,Amp DC,.00001,5.5,F,F,F,F,F,F,Rear,F,Main,2.7999479770660,Volt DC,10,T,2W,F,F,22.754692320
6.45787031317e-06,Amp DC,.00001,5.5,F,F,F,F,F,F,Rear,F,Main,2.8497362136841,Volt DC,10,T,2W,F,F,22.839442520
6.461854354711e-06,Amp DC,.00001,5.5,F,F,F,F,F,F,Rear,F,Main,2.8998200893402,Volt DC,10,T,2W,F,F,22.924198260
6.464387752203e-06,Amp DC,.00001,5.5,F,F,F,F,F,F,Rear,F,Main,2.9498934745789,Volt DC,10,T,2W,F,F,23.008963880
6.467618277384e-06,Amp DC,.00001,5.5,F,F,F,F,F,F,Rear,F,Main,2.9996640682220,Volt DC,10,T,2W,F,F,23.093715960
6.47318074698e-06,Amp DC,.00001,5.5,F,F,F,F,F,F,Rear,F,Main,3.0497460365295,Volt DC,10,T,2W,F,F,23.178477120
6.475143891294e-06,Amp DC,.00001,5.5,F,F,F,F,F,F,Rear,F,Main,3.0998923778534,Volt DC,10,T,2W,F,F,23.263238520
6.471313554357e-06,Amp DC,.00001,5.5,F,F,F,F,F,F,Rear,F,Main,3.1499662399292,Volt DC,10,T,2W,F,F,23.347981860
6.474849669758e-06,Amp DC,.00001,5.5,F,F,F,F,F,F,Rear,F,Main,3.1997640132904,Volt DC,10,T,2W,F,F,23.432728460
6.476070211647e-06,Amp DC,.00001,5.5,F,F,F,F,F,F,Rear,F,Main,3.2498254776001,Volt DC,10,T,2W,F,F,23.517472980
6.479285275418e-06,Amp DC,.00001,5.5,F,F,F,F,F,F,Rear,F,Main,3.2999024391174,Volt DC,10,T,2W,F,F,23.602223380
6.481418949988e-06,Amp DC,.00001,5.5,F,F,F,F,F,F,Rear,F,Main,3.3496768474579,Volt DC,10,T,2W,F,F,23.686982120
6.483121069323e-06,Amp DC,.00001,5.5,F,F,F,F,F,F,Rear,F,Main,3.3997721672058,Volt DC,10,T,2W,F,F,23.771711940
6.485389803856e-06,Amp DC,.00001,5.5,F,F,F,F,F,F,Rear,F,Main,3.4498996734619,Volt DC,10,T,2W,F,F,23.856463880
6.486644906545e-06,Amp DC,.00001,5.5,F,F,F,F,F,F,Rear,F,Main,3.4999966621399,Volt DC,10,T,2W,F,F,23.941197040
6.488353392342e-06,Amp DC,.00001,5.5,F,F,F,F,F,F,Rear,F,Main,3.5497326850891,Volt DC,10,T,2W,F,F,24.025943600
6.484426648967e-06,Amp DC,.00001,5.5,F,F,F,F,F,F,Rear,F,Main,3.5998332500458,Volt DC,10,T,2W,F,F,24.110693140
6.498486527562e-06,Amp DC,.00001,5.5,F,F,F,F,F,F,Rear,F,Main,3.6499300003052,Volt DC,10,T,2W,F,F,24.195445820
6.497429694718e-06,Amp DC,.00001,5.5,F,F,F,F,F,F,Rear,F,Main,3.6997017860413,Volt DC,10,T,2W,F,F,24.280185340
6.495886736957e-06,Amp DC,.00001,5.5,F,F,F,F,F,F,Rear,F,Main,3.7497835159302,Volt DC,10,T,2W,F,F,24.364937440
6.497112735815e-06,Amp DC,.00001,5.5,F,F,F,F,F,F,Rear,F,Main,3.7999300956726,Volt DC,10,T,2W,F,F,24.449691100
6.497348294943e-06,Amp DC,.00001,5.5,F,F,F,F,F,F,Rear,F,Main,3.8496520519257,Volt DC,10,T,2W,F,F,24.534438500
6.498065886262e-06,Amp DC,.00001,5.5,F,F,F,F,F,F,Rear,F,Main,3.8997306823730,Volt DC,10,T,2W,F,F,24.619175740
6.499777100544e-06,Amp DC,.00001,5.5,F,F,F,F,F,F,Rear,F,Main,3.9498879909515,Volt DC,10,T,2W,F,F,24.703926300
6.50103265798e-06,Amp DC,.00001,5.5,F,F,F,F,F,F,Rear,F,Main,3.9999701976776,Volt DC,10,T,2W,F,F,24.788663140
6.502010819531e-06,Amp DC,.00001,5.5,F,F,F,F,F,F,Rear,F,Main,4.0497431755066,Volt DC,10,T,2W,F,F,24.873405260
6.50218953524e-06,Amp DC,.00001,5.5,F,F,F,F,F,F,Rear,F,Main,4.0998606681824,Volt DC,10,T,2W,F,F,24.958138380
6.505535111501e-06,Amp DC,.00001,5.5,F,F,F,F,F,F,Rear,F,Main,4.1499166488647,Volt DC,10,T,2W,F,F,25.042901580
6.506881618407e-06,Amp DC,.00001,5.5,F,F,F,F,F,F,Rear,F,Main,4.1996912956238,Volt DC,10,T,2W,F,F,25.127642180
6.513508651551e-06,Amp DC,.00001,5.5,F,F,F,F,F,F,Rear,F,Main,4.2498116493225,Volt DC,10,T,2W,F,F,25.212406580
6.507507350761e-06,Amp DC,.00001,5.5,F,F,F,F,F,F,Rear,F,Main,4.2999043464661,Volt DC,10,T,2W,F,F,25.297150140
6.504081738967e-06,Amp DC,.00001,5.5,F,F,F,F,F,F,Rear,F,Main,4.3500065803528,Volt DC,10,T,2W,F,F,25.381901100
6.50449328532e-06,Amp DC,.00001,5.5,F,F,F,F,F,F,Rear,F,Main,4.3997330665588,Volt DC,10,T,2W,F,F,25.466652140
6.504642897198e-06,Amp DC,.00001,5.5,F,F,F,F,F,F,Rear,F,Main,4.4498600959778,Volt DC,10,T,2W,F,F,25.551415360
6.503581971629e-06,Amp DC,.00001,5.5,F,F,F,F,F,F,Rear,F,Main,4.4999294281006,Volt DC,10,T,2W,F,F,25.636172700
6.50285392112e-06,Amp DC,.00001,5.5,F,F,F,F,F,F,Rear,F,Main,4.5497241020203,Volt DC,10,T,2W,F,F,25.720921560
6.500563358713e-06,Amp DC,.00001,5.5,F,F,F,F,F,F,Rear,F,Main,4.5998177528381,Volt DC,10,T,2W,F,F,25.805698400
6.501571988338e-06,Amp DC,.00001,5.5,F,F,F,F,F,F,Rear,F,Main,4.6499223709106,Volt DC,10,T,2W,F,F,25.890454100
6.504353223136e-06,Amp DC,.00001,5.5,F,F,F,F,F,F,Rear,F,Main,4.6996560096741,Volt DC,10,T,2W,F,F,25.975186260
6.503765234811e-06,Amp DC,.00001,5.5,F,F,F,F,F,F,Rear,F,Main,4.7497296333313,Volt DC,10,T,2W,F,F,26.059934160
6.5107278715e-06,Amp DC,.00001,5.5,F,F,F,F,F,F,Rear,F,Main,4.7998704910278,Volt DC,10,T,2W,F,F,26.144703540
6.51390200801e-06,Amp DC,.00001,5.5,F,F,F,F,F,F,Rear,F,Main,4.8499503135681,Volt DC,10,T,2W,F,F,26.229445140
6.506645604532e-06,Amp DC,.00001,5.5,F,F,F,F,F,F,Rear,F,Main,4.8997311592102,Volt DC,10,T,2W,F,F,26.314185460
6.504243174277e-06,Amp DC,.00001,5.5,F,F,F,F,F,F,Rear,F,Main,4.9498486518860,Volt DC,10,T,2W,F,F,26.398938640
6.504295470222e-06,Amp DC,.00001,5.5,F,F,F,F,F,F,Rear,F,Main,4.9998869895935,Volt DC,10,T,2W,F,F,26.483685480
6.504748853331e-06,Amp DC,.00001,5.5,F,F,F,F,F,F,Rear,F,Main,5.0496611595154,Volt DC,10,T,2W,F,F,26.568451860
6.503564236482e-06,Amp DC,.00001,5.5,F,F,F,F,F,F,Rear,F,Main,5.0997390747070,Volt DC,10,T,2W,F,F,26.653222680
6.502760243166e-06,Amp DC,.00001,5.5,F,F,F,F,F,F,Rear,F,Main,5.1498794555664,Volt DC,10,T,2W,F,F,26.737998820
6.503572876682e-06,Amp DC,.00001,5.5,F,F,F,F,F,F,Rear,F,Main,5.1999630928040,Volt DC,10,T,2W,F,F,26.822738140
6.503637450805e-06,Amp DC,.00001,5.5,F,F,F,F,F,F,Rear,F,Main,5.2497415542603,Volt DC,10,T,2W,F,F,26.907456080
6.503022632387e-06,Amp DC,.00001,5.5,F,F,F,F,F,F,Rear,F,Main,5.2998671531677,Volt DC,10,T,2W,F,F,26.992226500
6.501639745693e-06,Amp DC,.00001,5.5,F,F,F,F,F,F,Rear,F,Main,5.3499302864075,Volt DC,10,T,2W,F,F,27.076961500
6.509001650556e-06,Amp DC,.00001,5.5,F,F,F,F,F,F,Rear,F,Main,5.3996920585632,Volt DC,10,T,2W,F,F,27.161719600
6.514130745927e-06,Amp DC,.00001,5.5,F,F,F,F,F,F,Rear,F,Main,5.4497861862183,Volt DC,10,T,2W,F,F,27.246462760
6.503378244815e-06,Amp DC,.00001,5.5,F,F,F,F,F,F,Rear,F,Main,5.4999470710754,Volt DC,10,T,2W,F,F,27.331230480
6.501943971671e-06,Amp DC,.00001,5.5,F,F,F,F,F,F,Rear,F,Main,5.5500106811523,Volt DC,10,T,2W,F,F,27.415986180
6.500286417577e-06,Amp DC,.00001,5.5,F,F,F,F,F,F,Rear,F,Main,5.5997395515442,Volt DC,10,T,2W,F,F,27.500727820
6.498227776319e-06,Amp DC,.00001,5.5,F,F,F,F,F,F,Rear,F,Main,5.6498847007751,Volt DC,10,T,2W,F,F,27.585476700
6.498807124444e-06,Amp DC,.00001,5.5,F,F,F,F,F,F,Rear,F,Main,5.6999311447144,Volt DC,10,T,2W,F,F,27.670231860
6.498587481474e-06,Amp DC,.00001,5.5,F,F,F,F,F,F,Rear,F,Main,5.7497072219849,Volt DC,10,T,2W,F,F,27.754970020
6.497564754682e-06,Amp DC,.00001,5.5,F,F,F,F,F,F,Rear,F,Main,5.7998085021973,Volt DC,10,T,2W,F,F,27.839716680
6.496850346593e-06,Amp DC,.00001,5.5,F,F,F,F,F,F,Rear,F,Main,5.8499393463135,Volt DC,10,T,2W,F,F,27.924474860
6.49567164146e-06,Amp DC,.00001,5.5,F,F,F,F,F,F,Rear,F,Main,5.8996868133545,Volt DC,10,T,2W,F,F,28.009234920
6.495518391603e-06,Amp DC,.00001,5.5,F,F,F,F,F,F,Rear,F,Main,5.9497489929199,Volt DC,10,T,2W,F,F,28.093986600
6.506496902148e-06,Amp DC,.00001,5.5,F,F,F,F,F,F,Rear,F,Main,5.9998874664307,Volt DC,10,T,2W,F,F,28.178735440
6.504860266432e-06,Amp DC,.00001,5.5,F,F,F,F,F,F,Rear,F,Main,6.0499582290649,Volt DC,10,T,2W,F,F,28.263476380
6.497387403215e-06,Amp DC,.00001,5.5,F,F,F,F,F,F,Rear,F,Main,6.0997090339661,Volt DC,10,T,2W,F,F,28.348239080
6.495726665889e-06,Amp DC,.00001,5.5,F,F,F,F,F,F,Rear,F,Main,6.1498231887817,Volt DC,10,T,2W,F,F,28.433001160
6.498448328784e-06,Amp DC,.00001,5.5,F,F,F,F,F,F,Rear,F,Main,6.1999092102051,Volt DC,10,T,2W,F,F,28.517770320
6.495907200588e-06,Amp DC,.00001,5.5,F,F,F,F,F,F,Rear,F,Main,6.2496800422668,Volt DC,10,T,2W,F,F,28.602534720
6.495635716419e-06,Amp DC,.00001,5.5,F,F,F,F,F,F,Rear,F,Main,6.2997651100159,Volt DC,10,T,2W,F,F,28.687286800
6.495036359411e-06,Amp DC,.00001,5.5,F,F,F,F,F,F,Rear,F,Main,6.3499078750610,Volt DC,10,T,2W,F,F,28.772034760
6.494174613181e-06,Amp DC,.00001,5.5,F,F,F,F,F,F,Rear,F,Main,6.3999605178833,Volt DC,10,T,2W,F,F,28.856785300
6.493496584881e-06,Amp DC,.00001,5.5,F,F,F,F,F,F,Rear,F,Main,6.4497442245483,Volt DC,10,T,2W,F,F,28.941534060
6.492260581581e-06,Amp DC,.00001,5.5,F,F,F,F,F,F,Rear,F,Main,6.4998369216919,Volt DC,10,T,2W,F,F,29.026285700
6.487041900982e-06,Amp DC,.00001,5.5,F,F,F,F,F,F,Rear,F,Main,6.5498952865601,Volt DC,10,T,2W,F,F,29.111053140
6.495373781945e-06,Amp DC,.00001,5.5,F,F,F,F,F,F,Rear,F,Main,6.5997033119202,Volt DC,10,T,2W,F,F,29.195794220
6.490644864243e-06,Amp DC,.00001,5.5,F,F,F,F,F,F,Rear,F,Main,6.6497755050659,Volt DC,10,T,2W,F,F,29.280576760
6.486948223028e-06,Amp DC,.00001,5.5,F,F,F,F,F,F,Rear,F,Main,6.6999225616455,Volt DC,10,T,2W,F,F,29.365316220
6.485284302471e-06,Amp DC,.00001,5.5,F,F,F,F,F,F,Rear,F,Main,6.7496824264526,Volt DC,10,T,2W,F,F,29.450074340
6.484602181445e-06,Amp DC,.00001,5.5,F,F,F,F,F,F,Rear,F,Main,6.7997102737427,Volt DC,10,T,2W,F,F,29.534825260
6.483764991572e-06,Amp DC,.00001,5.5,F,F,F,F,F,F,Rear,F,Main,6.8498501777649,Volt DC,10,T,2W,F,F,29.619569680
6.482318894996e-06,Amp DC,.00001,5.5,F,F,F,F,F,F,Rear,F,Main,6.8999619483948,Volt DC,10,T,2W,F,F,29.704324620
6.483389825007e-06,Amp DC,.00001,5.5,F,F,F,F,F,F,Rear,F,Main,6.9497337341309,Volt DC,10,T,2W,F,F,29.789055060
6.483276138169e-06,Amp DC,.00001,5.5,F,F,F,F,F,F,Rear,F,Main,6.9998221397400,Volt DC,10,T,2W,F,F,29.873804220
6.481145192083e-06,Amp DC,.00001,5.5,F,F,F,F,F,F,Rear,F,Main,7.0499310493469,Volt DC,10,T,2W,F,F,29.958539880
6.478845079982e-06,Amp DC,.00001,5.5,F,F,F,F,F,F,Rear,F,Main,7.0996494293213,Volt DC,10,T,2W,F,F,30.043274560
6.483880952146e-06,Amp DC,.00001,5.5,F,F,F,F,F,F,Rear,F,Main,7.1497230529785,Volt DC,10,T,2W,F,F,30.128030780
6.483520792244e-06,Amp DC,.00001,5.5,F,F,F,F,F,F,Rear,F,Main,7.1998934745789,Volt DC,10,T,2W,F,F,30.212781780
6.474850124505e-06,Amp DC,.00001,5.5,F,F,F,F,F,F,Rear,F,Main,7.2499537467957,Volt DC,10,T,2W,F,F,30.297546600
6.473421763076e-06,Amp DC,.00001,5.5,F,F,F,F,F,F,Rear,F,Main,7.2997531890869,Volt DC,10,T,2W,F,F,30.382287580
6.471904725913e-06,Amp DC,.00001,5.5,F,F,F,F,F,F,Rear,F,Main,7.3498473167419,Volt DC,10,T,2W,F,F,30.467036720
6.470937478298e-06,Amp DC,.00001,5.5,F,F,F,F,F,F,Rear,F,Main,7.3999114036560,Volt DC,10,T,2W,F,F,30.551782800
6.469485924754e-06,Amp DC,.00001,5.5,F,F,F,F,F,F,Rear,F,Main,7.4496521949768,Volt DC,10,T,2W,F,F,30.636531400
6.466417744377e-06,Amp DC,.00001,5.5,F,F,F,F,F,F,Rear,F,Main,7.4997496604919,Volt DC,10,T,2W,F,F,30.721289800
6.469931577158e-06,Amp DC,.00001,5.5,F,F,F,F,F,F,Rear,F,Main,7.5498781204224,Volt DC,10,T,2W,F,F,30.806037380
6.463701538451e-06,Amp DC,.00001,5.5,F,F,F,F,F,F,Rear,F,Main,7.5999755859375,Volt DC,10,T,2W,F,F,30.890775420
6.462246346928e-06,Amp DC,.00001,5.5,F,F,F,F,F,F,Rear,F,Main,7.6497235298157,Volt DC,10,T,2W,F,F,30.975511280
6.464689249697e-06,Amp DC,.00001,5.5,F,F,F,F,F,F,Rear,F,Main,7.6998300552368,Volt DC,10,T,2W,F,F,31.060249520
6.471180313383e-06,Amp DC,.00001,5.5,F,F,F,F,F,F,Rear,F,Main,7.7499184608459,Volt DC,10,T,2W,F,F,31.144982340
6.472333097918e-06,Amp DC,.00001,5.5,F,F,F,F,F,F,Rear,F,Main,7.7996678352356,Volt DC,10,T,2W,F,F,31.229745660
6.464557827712e-06,Amp DC,.00001,5.5,F,F,F,F,F,F,Rear,F,Main,7.8497657775879,Volt DC,10,T,2W,F,F,31.314505660
6.462305464083e-06,Amp DC,.00001,5.5,F,F,F,F,F,F,Rear,F,Main,7.8998961448669,Volt DC,10,T,2W,F,F,31.399257320
6.460027634603e-06,Amp DC,.00001,5.5,F,F,F,F,F,F,Rear,F,Main,7.9496483802795,Volt DC,10,T,2W,F,F,31.484044060
6.459186352004e-06,Amp DC,.00001,5.5,F,F,F,F,F,F,Rear,F,Main,7.9997272491455,Volt DC,10,T,2W,F,F,31.568792680
6.457070867327e-06,Amp DC,.00001,5.5,F,F,F,F,F,F,Rear,F,Main,8.0498352050781,Volt DC,10,T,2W,F,F,31.653550880
6.455836683017e-06,Amp DC,.00001,5.5,F,F,F,F,F,F,Rear,F,Main,8.0999269485474,Volt DC,10,T,2W,F,F,31.738284960
6.455077254941e-06,Amp DC,.00001,5.5,F,F,F,F,F,F,Rear,F,Main,8.1496801376343,Volt DC,10,T,2W,F,F,31.823033980
6.455775746872e-06,Amp DC,.00001,5.5,F,F,F,F,F,F,Rear,F,Main,8.1997776031494,Volt DC,10,T,2W,F,F,31.907785920
6.453559763031e-06,Amp DC,.00001,5.5,F,F,F,F,F,F,Rear,F,Main,8.2498540878296,Volt DC,10,T,2W,F,F,31.992510240
6.449922693719e-06,Amp DC,.00001,5.5,F,F,F,F,F,F,Rear,F,Main,8.2996549606323,Volt DC,10,T,2W,F,F,32.077259140
6.456820301537e-06,Amp DC,.00001,5.5,F,F,F,F,F,F,Rear,F,Main,8.3497285842896,Volt DC,10,T,2W,F,F,32.162003840
6.4577880039e-06,Amp DC,.00001,5.5,F,F,F,F,F,F,Rear,F,Main,8.3998403549194,Volt DC,10,T,2W,F,F,32.246755480
6.448733074649e-06,Amp DC,.00001,5.5,F,F,F,F,F,F,Rear,F,Main,8.4499616622925,Volt DC,10,T,2W,F,F,32.331505140
6.447131454479e-06,Amp DC,.00001,5.5,F,F,F,F,F,F,Rear,F,Main,8.4996938705444,Volt DC,10,T,2W,F,F,32.416285060
6.445706276281e-06,Amp DC,.00001,5.5,F,F,F,F,F,F,Rear,F,Main,8.5497932434082,Volt DC,10,T,2W,F,F,32.501024680
6.446110546676e-06,Amp DC,.00001,5.5,F,F,F,F,F,F,Rear,F,Main,8.5998640060425,Volt DC,10,T,2W,F,F,32.585781980
6.444325208577e-06,Amp DC,.00001,5.5,F,F,F,F,F,F,Rear,F,Main,8.6496419906616,Volt DC,10,T,2W,F,F,32.670534640
6.445362487284e-06,Amp DC,.00001,5.5,F,F,F,F,F,F,Rear,F,Main,8.6997489929199,Volt DC,10,T,2W,F,F,32.755280040
6.44336842015e-06,Amp DC,.00001,5.5,F,F,F,F,F,F,Rear,F,Main,8.7498540878296,Volt DC,10,T,2W,F,F,32.840034160
6.442494395742e-06,Amp DC,.00001,5.5,F,F,F,F,F,F,Rear,F,Main,8.7999687194824,Volt DC,10,T,2W,F,F,32.924765120
6.440906417993e-06,Amp DC,.00001,5.5,F,F,F,F,F,F,Rear,F,Main,8.8496503829956,Volt DC,10,T,2W,F,F,33.009539160
6.438669061026e-06,Amp DC,.00001,5.5,F,F,F,F,F,F,Rear,F,Main,8.8997879028320,Volt DC,10,T,2W,F,F,33.094283200
6.446359293477e-06,Amp DC,.00001,5.5,F,F,F,F,F,F,Rear,F,Main,8.9498701095581,Volt DC,10,T,2W,F,F,33.179044200
6.439825028792e-06,Amp DC,.00001,5.5,F,F,F,F,F,F,Rear,F,Main,8.9996585845947,Volt DC,10,T,2W,F,F,33.263788240
6.437172032747e-06,Amp DC,.00001,5.5,F,F,F,F,F,F,Rear,F,Main,9.0497608184814,Volt DC,10,T,2W,F,F,33.348558840
6.432283043978e-06,Amp DC,.00001,5.5,F,F,F,F,F,F,Rear,F,Main,9.0998735427856,Volt DC,10,T,2W,F,F,33.433303760
6.429335371649e-06,Amp DC,.00001,5.5,F,F,F,F,F,F,Rear,F,Main,9.1495971679688,Volt DC,10,T,2W,F,F,33.518048680
6.430112989619e-06,Amp DC,.00001,5.5,F,F,F,F,F,F,Rear,F,Main,9.1996383666992,Volt DC,10,T,2W,F,F,33.602816100
6.429671884689e-06,Amp DC,.00001,5.5,F,F,F,F,F,F,Rear,F,Main,9.2497997283936,Volt DC,10,T,2W,F,F,33.687567940
6.428226697608e-06,Amp DC,.00001,5.5,F,F,F,F,F,F,Rear,F,Main,9.2998781204224,Volt DC,10,T,2W,F,F,33.772353080
6.428703727579e-06,Amp DC,.00001,5.5,F,F,F,F,F,F,Rear,F,Main,9.3496627807617,Volt DC,10,T,2W,F,F,33.857103660
6.427898370021e-06,Amp DC,.00001,5.5,F,F,F,F,F,F,Rear,F,Main,9.3998136520386,Volt DC,10,T,2W,F,F,33.941859980
6.427971584344e-06,Amp DC,.00001,5.5,F,F,F,F,F,F,Rear,F,Main,9.4498386383057,Volt DC,10,T,2W,F,F,34.026604840
6.423095783248e-06,Amp DC,.00001,5.5,F,F,F,F,F,F,Rear,F,Main,9.4996004104614,Volt DC,10,T,2W,F,F,34.111344740
6.433453563659e-06,Amp DC,.00001,5.5,F,F,F,F,F,F,Rear,F,Main,9.5496940612793,Volt DC,10,T,2W,F,F,34.196103340
6.42349186819e-06,Amp DC,.00001,5.5,F,F,F,F,F,F,Rear,F,Main,9.5998182296753,Volt DC,10,T,2W,F,F,34.280841160
6.424068033084e-06,Amp DC,.00001,5.5,F,F,F,F,F,F,Rear,F,Main,9.6498994827271,Volt DC,10,T,2W,F,F,34.365591780
6.42414079266e-06,Amp DC,.00001,5.5,F,F,F,F,F,F,Rear,F,Main,9.6997213363647,Volt DC,10,T,2W,F,F,34.450329980
6.422247224691e-06,Amp DC,.00001,5.5,F,F,F,F,F,F,Rear,F,Main,9.7497920989990,Volt DC,10,T,2W,F,F,34.535075640
6.419944838854e-06,Amp DC,.00001,5.5,F,F,F,F,F,F,Rear,F,Main,9.7998237609863,Volt DC,10,T,2W,F,F,34.619827640
6.419178589567e-06,Amp DC,.00001,5.5,F,F,F,F,F,F,Rear,F,Main,9.8496351242065,Volt DC,10,T,2W,F,F,34.704567720
6.418310022127e-06,Amp DC,.00001,5.5,F,F,F,F,F,F,Rear,F,Main,9.8996915817261,Volt DC,10,T,2W,F,F,34.789319200
6.418634256988e-06,Amp DC,.00001,5.5,F,F,F,F,F,F,Rear,F,Main,9.9498233795166,Volt DC,10,T,2W,F,F,34.874055660
6.415970801754e-06,Amp DC,.00001,5.5,F,F,F,F,F,F,Rear,F,Main,9.9996423721313,Volt DC,10,T,2W,F,F,34.958810340
