Style,Standard
Append Mode,1
Fill Mode,1
Capacity,100000
Count,201
Base Time Seconds,1615378326
Base Time Fractional,.981134920
Base Time,03/10/2021 12:12:06.981134920
Reading,Unit,Range Digits,Disp Digits,Math,Start Group,Limit1 High,Limit1 Low,Limit2 High,Limit2 Low,Terminal,Questionable,Origin,Value,Unit,Digits,Output,Sense,Source Limit,Overtemp,Relative Time
-1.049967067956e-06,Amp DC,.000001,5.5,F,F,F,F,F,F,Rear,F,Main,-0.0337782837451,Volt DC,10,T,2W,F,F,0.000000000
-0.1999749839306,Amp DC,1,5.5,F,F,F,F,F,F,Rear,F,Main,-5.4052577018738,Volt DC,10,T,2W,T,F,0.371805580
-0.1999709457159,Amp DC,1,5.5,F,F,F,F,F,F,Rear,F,Main,-5.4089555740356,Volt DC,10,T,2W,T,F,0.455640400
-0.1999627500772,Amp DC,1,5.5,F,F,F,F,F,F,Rear,F,Main,-5.4050602912903,Volt DC,10,T,2W,T,F,0.539415580
-0.1999609917402,Amp DC,1,5.5,F,F,F,F,F,F,Rear,F,Main,-5.4079523086548,Volt DC,10,T,2W,T,F,0.623175180
-0.1999569237232,Amp DC,1,5.5,F,F,F,F,F,F,Rear,F,Main,-5.4117102622986,Volt DC,10,T,2W,T,F,0.706942460
-0.1999545842409,Amp DC,1,5.5,F,F,F,F,F,F,Rear,F,Main,-5.4161148071289,Volt DC,10,T,2W,T,F,0.790726980
-0.199965685606,Amp DC,1,5.5,F,F,F,F,F,F,Rear,F,Main,-5.4131646156311,Volt DC,10,T,2W,T,F,0.874499520
-0.1999627351761,Amp DC,1,5.5,F,F,F,F,F,F,Rear,F,Main,-5.4134235382080,Volt DC,10,T,2W,T,F,0.958288340
-0.1999592334032,Amp DC,1,5.5,F,F,F,F,F,F,Rear,F,Main,-5.4184908866882,Volt DC,10,T,2W,T,F,1.042075440
-0.1999621540308,Amp DC,1,5.5,F,F,F,F,F,F,Rear,F,Main,-5.4243144989014,Volt DC,10,T,2W,T,F,1.125853580
-0.1999545097351,Amp DC,1,5.5,F,F,F,F,F,F,Rear,F,Main,-5.4312539100647,Volt DC,10,T,2W,T,F,1.209616020
-0.1999574750662,Amp DC,1,5.5,F,F,F,F,F,F,Rear,F,Main,-5.4384675025940,Volt DC,10,T,2W,T,F,1.293394700
-0.1999568641186,Amp DC,1,5.5,F,F,F,F,F,F,Rear,F,Main,-5.4452123641968,Volt DC,10,T,2W,T,F,1.377155520
-0.1999644935131,Amp DC,1,5.5,F,F,F,F,F,F,Rear,F,Main,-5.4403090476990,Volt DC,10,T,2W,T,F,1.460939500
-0.1999621242285,Amp DC,1,5.5,F,F,F,F,F,F,Rear,F,Main,-5.4315409660339,Volt DC,10,T,2W,T,F,1.544715340
-0.1999603956938,Amp DC,1,5.5,F,F,F,F,F,F,Rear,F,Main,-5.4304828643799,Volt DC,10,T,2W,T,F,1.628485220
-0.1999580860138,Amp DC,1,5.5,F,F,F,F,F,F,Rear,F,Main,-5.4296426773071,Volt DC,10,T,2W,T,F,1.712245040
-0.1999551653862,Amp DC,1,5.5,F,F,F,F,F,F,Rear,F,Main,-5.4278135299683,Volt DC,10,T,2W,T,F,1.796012080
-0.1999569088221,Amp DC,1,5.5,F,F,F,F,F,F,Rear,F,Main,-5.4273858070374,Volt DC,10,T,2W,T,F,1.879779620
-0.1999557167292,Amp DC,1,5.5,F,F,F,F,F,F,Rear,F,Main,-5.4273090362549,Volt DC,10,T,2W,T,F,1.963554140
-0.1999544650316,Amp DC,1,5.5,F,F,F,F,F,F,Rear,F,Main,-5.4263148307800,Volt DC,10,T,2W,T,F,2.047321060
-0.1999545544386,Amp DC,1,5.5,F,F,F,F,F,F,Rear,F,Main,-5.4235887527466,Volt DC,10,T,2W,T,F,2.131081120
-0.1999534070492,Amp DC,1,5.5,F,F,F,F,F,F,Rear,F,Main,-5.4218201637268,Volt DC,10,T,2W,T,F,2.214855180
-0.1999540776014,Amp DC,1,5.5,F,F,F,F,F,F,Rear,F,Main,-5.4202122688293,Volt DC,10,T,2W,T,F,2.298627820
-0.1999481320381,Amp DC,1,5.5,F,F,F,F,F,F,Rear,F,Main,-5.4197568893433,Volt DC,10,T,2W,T,F,2.382379340
-0.1999568492174,Amp DC,1,5.5,F,F,F,F,F,F,Rear,F,Main,-5.4203228950500,Volt DC,10,T,2W,T,F,2.466149400
-0.199957460165,Amp DC,1,5.5,F,F,F,F,F,F,Rear,F,Main,-5.4189400672913,Volt DC,10,T,2W,T,F,2.549929780
-0.1999522000551,Amp DC,1,5.5,F,F,F,F,F,F,Rear,F,Main,-5.4161343574524,Volt DC,10,T,2W,T,F,2.633683200
-0.1999533623457,Amp DC,1,5.5,F,F,F,F,F,F,Rear,F,Main,-5.4133362770081,Volt DC,10,T,2W,T,F,2.717441040
-0.199951633811,Amp DC,1,5.5,F,F,F,F,F,F,Rear,F,Main,-5.4129729270935,Volt DC,10,T,2W,T,F,2.801211260
-0.199951723218,Amp DC,1,5.5,F,F,F,F,F,F,Rear,F,Main,-5.4113726615906,Volt DC,10,T,2W,T,F,2.884976880
-0.1999487578869,Amp DC,1,5.5,F,F,F,F,F,F,Rear,F,Main,-5.4100513458252,Volt DC,10,T,2W,T,F,2.968746900
-0.1999487578869,Amp DC,1,5.5,F,F,F,F,F,F,Rear,F,Main,-5.4088273048401,Volt DC,10,T,2W,T,F,3.052515880
-0.1999487578869,Amp DC,1,5.5,F,F,F,F,F,F,Rear,F,Main,-5.4090638160706,Volt DC,10,T,2W,T,F,3.136280420
-0.1999475508928,Amp DC,1,5.5,F,F,F,F,F,F,Rear,F,Main,-5.4071426391602,Volt DC,10,T,2W,T,F,3.220041240
-0.1999475955963,Amp DC,1,5.5,F,F,F,F,F,F,Rear,F,Main,-5.4080686569214,Volt DC,10,T,2W,T,F,3.303819360
-0.1999540477991,Amp DC,1,5.5,F,F,F,F,F,F,Rear,F,Main,-5.4087014198303,Volt DC,10,T,2W,T,F,3.387597460
-0.1999481916428,Amp DC,1,5.5,F,F,F,F,F,F,Rear,F,Main,-5.4066820144653,Volt DC,10,T,2W,T,F,3.471352500
-0.1999464333057,Amp DC,1,5.5,F,F,F,F,F,F,Rear,F,Main,-5.4065251350403,Volt DC,10,T,2W,T,F,3.555119800
-0.1999453008175,Amp DC,1,5.5,F,F,F,F,F,F,Rear,F,Main,-5.4081978797913,Volt DC,10,T,2W,T,F,3.638891120
-0.199945807457,Amp DC,1,5.5,F,F,F,F,F,F,Rear,F,Main,-5.4112520217896,Volt DC,10,T,2W,T,F,3.722671760
-0.1999446153641,Amp DC,1,5.5,F,F,F,F,F,F,Rear,F,Main,-5.4127912521362,Volt DC,10,T,2W,T,F,3.806440460
-0.1999475359917,Amp DC,1,5.5,F,F,F,F,F,F,Rear,F,Main,-5.4146585464478,Volt DC,10,T,2W,T,F,3.890183980
-0.1999422460794,Amp DC,1,5.5,F,F,F,F,F,F,Rear,F,Main,-5.4172081947327,Volt DC,10,T,2W,T,F,3.973969200
-0.199945628643,Amp DC,1,5.5,F,F,F,F,F,F,Rear,F,Main,-5.4195351600647,Volt DC,10,T,2W,T,F,4.057746100
-0.1977672129869,Amp DC,1,5.5,F,F,F,F,F,F,Rear,F,Main,-5.3998889923096,Volt DC,10,T,2W,F,F,4.141510280
-0.187849804759,Amp DC,1,5.5,F,F,F,F,F,F,Rear,F,Main,-5.2996783256531,Volt DC,10,T,2W,F,F,4.225283920
-0.1773723363876,Amp DC,1,5.5,F,F,F,F,F,F,Rear,F,Main,-5.1998114585876,Volt DC,10,T,2W,F,F,4.309046560
-0.1668154895306,Amp DC,1,5.5,F,F,F,F,F,F,Rear,F,Main,-5.0999193191528,Volt DC,10,T,2W,F,F,4.392811980
-0.1562726348639,Amp DC,1,5.5,F,F,F,F,F,F,Rear,F,Main,-4.9997196197510,Volt DC,10,T,2W,F,F,4.476569460
-0.1459754705429,Amp DC,1,5.5,F,F,F,F,F,F,Rear,F,Main,-4.8999037742615,Volt DC,10,T,2W,F,F,4.560338380
-0.1356583982706,Amp DC,1,5.5,F,F,F,F,F,F,Rear,F,Main,-4.7996935844421,Volt DC,10,T,2W,F,F,4.644103100
-0.1255519837141,Amp DC,1,5.5,F,F,F,F,F,F,Rear,F,Main,-4.6998028755188,Volt DC,10,T,2W,F,F,4.727875000
-0.1157022118568,Amp DC,1,5.5,F,F,F,F,F,F,Rear,F,Main,-4.5999450683594,Volt DC,10,T,2W,F,F,4.811628960
-0.1060322597623,Amp DC,1,5.5,F,F,F,F,F,F,Rear,F,Main,-4.4997444152832,Volt DC,10,T,2W,F,F,4.895394820
-0.09414388239384,Amp DC,.1,5.5,F,F,F,F,F,F,Rear,F,Main,-4.3998713493347,Volt DC,10,T,2W,F,F,5.099406680
-0.08637733757496,Amp DC,.1,5.5,F,F,F,F,F,F,Rear,F,Main,-4.2996616363525,Volt DC,10,T,2W,F,F,5.183206900
-0.07808219641447,Amp DC,.1,5.5,F,F,F,F,F,F,Rear,F,Main,-4.1997990608215,Volt DC,10,T,2W,F,F,5.266990740
-0.07012674957514,Amp DC,.1,5.5,F,F,F,F,F,F,Rear,F,Main,-4.0999341011047,Volt DC,10,T,2W,F,F,5.350764620
-0.06267168372869,Amp DC,.1,5.5,F,F,F,F,F,F,Rear,F,Main,-3.9997329711914,Volt DC,10,T,2W,F,F,5.434539040
-0.05575401335955,Amp DC,.1,5.5,F,F,F,F,F,F,Rear,F,Main,-3.8998227119446,Volt DC,10,T,2W,F,F,5.518308460
-0.04941483587027,Amp DC,.1,5.5,F,F,F,F,F,F,Rear,F,Main,-3.7996916770935,Volt DC,10,T,2W,F,F,5.602048500
-0.04382092505693,Amp DC,.1,5.5,F,F,F,F,F,F,Rear,F,Main,-3.6998047828674,Volt DC,10,T,2W,F,F,5.685815160
-0.03894586488605,Amp DC,.1,5.5,F,F,F,F,F,F,Rear,F,Main,-3.5999295711517,Volt DC,10,T,2W,F,F,5.769580920
-0.0349136441946,Amp DC,.1,5.5,F,F,F,F,F,F,Rear,F,Main,-3.4997591972351,Volt DC,10,T,2W,F,F,5.853337180
-0.03173635900021,Amp DC,.1,5.5,F,F,F,F,F,F,Rear,F,Main,-3.3998682498932,Volt DC,10,T,2W,F,F,5.937101840
-0.02927455306053,Amp DC,.1,5.5,F,F,F,F,F,F,Rear,F,Main,-3.2996444702148,Volt DC,10,T,2W,F,F,6.020861020
-0.02729050442576,Amp DC,.1,5.5,F,F,F,F,F,F,Rear,F,Main,-3.1998310089111,Volt DC,10,T,2W,F,F,6.104644760
-0.02558604814112,Amp DC,.1,5.5,F,F,F,F,F,F,Rear,F,Main,-3.0999639034271,Volt DC,10,T,2W,F,F,6.188397780
-0.02405152283609,Amp DC,.1,5.5,F,F,F,F,F,F,Rear,F,Main,-2.9997532367706,Volt DC,10,T,2W,F,F,6.272174760
-0.02264530025423,Amp DC,.1,5.5,F,F,F,F,F,F,Rear,F,Main,-2.8998756408691,Volt DC,10,T,2W,F,F,6.355948760
-0.02131347358227,Amp DC,.1,5.5,F,F,F,F,F,F,Rear,F,Main,-2.7996840476990,Volt DC,10,T,2W,F,F,6.439715180
-0.02003797702491,Amp DC,.1,5.5,F,F,F,F,F,F,Rear,F,Main,-2.6997904777527,Volt DC,10,T,2W,F,F,6.523469560
-0.01878955587745,Amp DC,.1,5.5,F,F,F,F,F,F,Rear,F,Main,-2.5999479293823,Volt DC,10,T,2W,F,F,6.607215580
-0.01754420436919,Amp DC,.1,5.5,F,F,F,F,F,F,Rear,F,Main,-2.4997069835663,Volt DC,10,T,2W,F,F,6.691008040
-0.01629430800676,Amp DC,.1,5.5,F,F,F,F,F,F,Rear,F,Main,-2.3998620510101,Volt DC,10,T,2W,F,F,6.774788740
-0.01501563750207,Amp DC,.1,5.5,F,F,F,F,F,F,Rear,F,Main,-2.2996580600739,Volt DC,10,T,2W,F,F,6.858544940
-0.01371132116765,Amp DC,.1,5.5,F,F,F,F,F,F,Rear,F,Main,-2.1997697353363,Volt DC,10,T,2W,F,F,6.942323200
-0.01238424610347,Amp DC,.1,5.5,F,F,F,F,F,F,Rear,F,Main,-2.0999259948730,Volt DC,10,T,2W,F,F,7.026088760
-0.01103710010648,Amp DC,.1,5.5,F,F,F,F,F,F,Rear,F,Main,-1.9997417926788,Volt DC,10,T,2W,F,F,7.109829560
-0.009585823863745,Amp DC,.01,5.5,F,F,F,F,F,F,Rear,F,Main,-1.8997474908829,Volt DC,10,T,2W,F,F,7.347882660
-0.008351105265319,Amp DC,.01,5.5,F,F,F,F,F,F,Rear,F,Main,-1.7995722293854,Volt DC,10,T,2W,F,F,7.431672800
-0.007159227970988,Amp DC,.01,5.5,F,F,F,F,F,F,Rear,F,Main,-1.6997089385986,Volt DC,10,T,2W,F,F,7.515431740
-0.006054839584976,Amp DC,.01,5.5,F,F,F,F,F,F,Rear,F,Main,-1.5998344421387,Volt DC,10,T,2W,F,F,7.599209660
-0.005052467342466,Amp DC,.01,5.5,F,F,F,F,F,F,Rear,F,Main,-1.4996361732483,Volt DC,10,T,2W,F,F,7.682984140
-0.004164476878941,Amp DC,.01,5.5,F,F,F,F,F,F,Rear,F,Main,-1.3998417854309,Volt DC,10,T,2W,F,F,7.766752120
-0.003384265117347,Amp DC,.01,5.5,F,F,F,F,F,F,Rear,F,Main,-1.2996082305908,Volt DC,10,T,2W,F,F,7.850515440
-0.002709816675633,Amp DC,.01,5.5,F,F,F,F,F,F,Rear,F,Main,-1.1997163295746,Volt DC,10,T,2W,F,F,7.934304620
-0.002132588298991,Amp DC,.01,5.5,F,F,F,F,F,F,Rear,F,Main,-1.0998628139496,Volt DC,10,T,2W,F,F,8.018046700
-0.00164097303059,Amp DC,.01,5.5,F,F,F,F,F,F,Rear,F,Main,-0.9996432662010,Volt DC,10,T,2W,F,F,8.101798860
-0.001227465225384,Amp DC,.01,5.5,F,F,F,F,F,F,Rear,F,Main,-0.8997584581375,Volt DC,10,T,2W,F,F,8.185565320
-0.0008660340099595,Amp DC,.001,5.5,F,F,F,F,F,F,Rear,F,Main,-0.7995145916939,Volt DC,10,T,2W,F,F,8.423619160
-0.000594699929934,Amp DC,.001,5.5,F,F,F,F,F,F,Rear,F,Main,-0.6996930837631,Volt DC,10,T,2W,F,F,8.507416400
-0.0003737057268154,Amp DC,.001,5.5,F,F,F,F,F,F,Rear,F,Main,-0.5998156666756,Volt DC,10,T,2W,F,F,8.591187560
-0.0002087984466925,Amp DC,.001,5.5,F,F,F,F,F,F,Rear,F,Main,-0.4996097385883,Volt DC,10,T,2W,F,F,8.674957320
-0.0001012619977701,Amp DC,.001,5.5,F,F,F,F,F,F,Rear,F,Main,-0.3997921049595,Volt DC,10,T,2W,F,F,8.758746440
-4.002279456472e-05,Amp DC,.0001,5.5,F,F,F,F,F,F,Rear,F,Main,-0.2995218634605,Volt DC,10,T,2W,F,F,9.000834880
-1.446552596462e-05,Amp DC,.0001,5.5,F,F,F,F,F,F,Rear,F,Main,-0.1996971070766,Volt DC,10,T,2W,F,F,9.084617400
-4.06009667131e-06,Amp DC,.00001,5.5,F,F,F,F,F,F,Rear,F,Main,-0.0998233854771,Volt DC,10,T,2W,F,F,9.330676260
9.698466918451e-09,Amp DC,.00000001,5.5,F,F,F,F,F,F,Rear,F,Main,0.0003553489223,Volt DC,10,T,2W,F,F,9.754956060
6.619278792641e-06,Amp DC,.00001,5.5,F,F,F,F,F,F,Rear,F,Main,0.0995930880308,Volt DC,10,T,2W,F,F,10.603030340
3.596369424486e-05,Amp DC,.0001,5.5,F,F,F,F,F,F,Rear,F,Main,0.1998265534639,Volt DC,10,T,2W,F,F,11.000472840
0.0001413266872987,Amp DC,.001,5.5,F,F,F,F,F,F,Rear,F,Main,0.2997020483017,Volt DC,10,T,2W,F,F,11.391984420
0.0004395246214699,Amp DC,.001,5.5,F,F,F,F,F,F,Rear,F,Main,0.3998862206936,Volt DC,10,T,2W,F,F,11.475785600
0.0009523307089694,Amp DC,.001,5.5,F,F,F,F,F,F,Rear,F,Main,0.4996513426304,Volt DC,10,T,2W,F,F,11.559554980
0.00159176136367,Amp DC,.01,5.5,F,F,F,F,F,F,Rear,F,Main,0.5996333360672,Volt DC,10,T,2W,F,F,11.877751720
0.002537075430155,Amp DC,.01,5.5,F,F,F,F,F,F,Rear,F,Main,0.6998358368874,Volt DC,10,T,2W,F,F,11.961542520
0.003651974722743,Amp DC,.01,5.5,F,F,F,F,F,F,Rear,F,Main,0.7996764183044,Volt DC,10,T,2W,F,F,12.045305360
0.004942308645695,Amp DC,.01,5.5,F,F,F,F,F,F,Rear,F,Main,0.8998070955276,Volt DC,10,T,2W,F,F,12.129075680
0.006396288517863,Amp DC,.01,5.5,F,F,F,F,F,F,Rear,F,Main,0.9996443390846,Volt DC,10,T,2W,F,F,12.212842660
0.008014080114663,Amp DC,.01,5.5,F,F,F,F,F,F,Rear,F,Main,1.0998229980469,Volt DC,10,T,2W,F,F,12.296603480
0.009768947027624,Amp DC,.01,5.5,F,F,F,F,F,F,Rear,F,Main,1.1996606588364,Volt DC,10,T,2W,F,F,12.380394760
0.01153623405844,Amp DC,.1,5.5,F,F,F,F,F,F,Rear,F,Main,1.2997288703918,Volt DC,10,T,2W,F,F,12.698580180
0.01358765456825,Amp DC,.1,5.5,F,F,F,F,F,F,Rear,F,Main,1.3999458551407,Volt DC,10,T,2W,F,F,12.782364080
0.01573515124619,Amp DC,.1,5.5,F,F,F,F,F,F,Rear,F,Main,1.4997684955597,Volt DC,10,T,2W,F,F,12.866132380
0.01800412498415,Amp DC,.1,5.5,F,F,F,F,F,F,Rear,F,Main,1.5999708175659,Volt DC,10,T,2W,F,F,12.949904060
0.02038291469216,Amp DC,.1,5.5,F,F,F,F,F,F,Rear,F,Main,1.6998276710510,Volt DC,10,T,2W,F,F,13.033647520
0.0228869933635,Amp DC,.1,5.5,F,F,F,F,F,F,Rear,F,Main,1.7996971607208,Volt DC,10,T,2W,F,F,13.117402680
0.02551652863622,Amp DC,.1,5.5,F,F,F,F,F,F,Rear,F,Main,1.8998883962631,Volt DC,10,T,2W,F,F,13.201162020
0.02824525162578,Amp DC,.1,5.5,F,F,F,F,F,F,Rear,F,Main,1.9997500181198,Volt DC,10,T,2W,F,F,13.284928420
0.03107643686235,Amp DC,.1,5.5,F,F,F,F,F,F,Rear,F,Main,2.0999255180359,Volt DC,10,T,2W,F,F,13.368689340
0.03397594019771,Amp DC,.1,5.5,F,F,F,F,F,F,Rear,F,Main,2.1997761726379,Volt DC,10,T,2W,F,F,13.452451720
0.03694779798388,Amp DC,.1,5.5,F,F,F,F,F,F,Rear,F,Main,2.2999739646912,Volt DC,10,T,2W,F,F,13.536231360
0.0399603061378,Amp DC,.1,5.5,F,F,F,F,F,F,Rear,F,Main,2.3998386859894,Volt DC,10,T,2W,F,F,13.620000200
0.0429904460907,Amp DC,.1,5.5,F,F,F,F,F,F,Rear,F,Main,2.4996879100800,Volt DC,10,T,2W,F,F,13.703755680
0.0460369437933,Amp DC,.1,5.5,F,F,F,F,F,F,Rear,F,Main,2.5999195575714,Volt DC,10,T,2W,F,F,13.787511000
0.04905289784074,Amp DC,.1,5.5,F,F,F,F,F,F,Rear,F,Main,2.6997363567352,Volt DC,10,T,2W,F,F,13.871274640
0.05204944685102,Amp DC,.1,5.5,F,F,F,F,F,F,Rear,F,Main,2.7999448776245,Volt DC,10,T,2W,F,F,13.955043420
0.05498380213976,Amp DC,.1,5.5,F,F,F,F,F,F,Rear,F,Main,2.8998050689697,Volt DC,10,T,2W,F,F,14.038802280
0.05786684155464,Amp DC,.1,5.5,F,F,F,F,F,F,Rear,F,Main,2.9996428489685,Volt DC,10,T,2W,F,F,14.122579940
0.06070128455758,Amp DC,.1,5.5,F,F,F,F,F,F,Rear,F,Main,3.0998642444611,Volt DC,10,T,2W,F,F,14.206358940
0.06345784664154,Amp DC,.1,5.5,F,F,F,F,F,F,Rear,F,Main,3.1997311115265,Volt DC,10,T,2W,F,F,14.290134840
0.06618235260248,Amp DC,.1,5.5,F,F,F,F,F,F,Rear,F,Main,3.2998664379120,Volt DC,10,T,2W,F,F,14.373904100
0.06885732710361,Amp DC,.1,5.5,F,F,F,F,F,F,Rear,F,Main,3.3997330665588,Volt DC,10,T,2W,F,F,14.457665460
0.07152841240168,Amp DC,.1,5.5,F,F,F,F,F,F,Rear,F,Main,3.4999520778656,Volt DC,10,T,2W,F,F,14.541428520
0.07419084012508,Amp DC,.1,5.5,F,F,F,F,F,F,Rear,F,Main,3.5997803211212,Volt DC,10,T,2W,F,F,14.625194240
0.07685711979866,Amp DC,.1,5.5,F,F,F,F,F,F,Rear,F,Main,3.6996362209320,Volt DC,10,T,2W,F,F,14.708966180
0.07954838871956,Amp DC,.1,5.5,F,F,F,F,F,F,Rear,F,Main,3.7998602390289,Volt DC,10,T,2W,F,F,14.792742540
0.08223965764046,Amp DC,.1,5.5,F,F,F,F,F,F,Rear,F,Main,3.8996598720551,Volt DC,10,T,2W,F,F,14.876476980
0.08498891443014,Amp DC,.1,5.5,F,F,F,F,F,F,Rear,F,Main,3.9998977184296,Volt DC,10,T,2W,F,F,14.960235240
0.08774446696043,Amp DC,.1,5.5,F,F,F,F,F,F,Rear,F,Main,4.0997700691223,Volt DC,10,T,2W,F,F,15.043996240
0.09052804857492,Amp DC,.1,5.5,F,F,F,F,F,F,Rear,F,Main,4.1995968818665,Volt DC,10,T,2W,F,F,15.127749000
0.09336785972118,Amp DC,.1,5.5,F,F,F,F,F,F,Rear,F,Main,4.2998018264771,Volt DC,10,T,2W,F,F,15.211515040
0.09622719883919,Amp DC,.1,5.5,F,F,F,F,F,F,Rear,F,Main,4.3996224403381,Volt DC,10,T,2W,F,F,15.295309340
0.09909630566835,Amp DC,.1,5.5,F,F,F,F,F,F,Rear,F,Main,4.4998121261597,Volt DC,10,T,2W,F,F,15.379108760
0.1020174175501,Amp DC,.1,5.5,F,F,F,F,F,F,Rear,F,Main,4.5996956825256,Volt DC,10,T,2W,F,F,15.462886940
0.1052825450897,Amp DC,1,5.5,F,F,F,F,F,F,Rear,F,Main,4.6998867988586,Volt DC,10,T,2W,F,F,15.660846080
0.108301833272,Amp DC,1,5.5,F,F,F,F,F,F,Rear,F,Main,4.8001008033752,Volt DC,10,T,2W,F,F,15.744631920
0.11132581532,Amp DC,1,5.5,F,F,F,F,F,F,Rear,F,Main,4.8999600410461,Volt DC,10,T,2W,F,F,15.828398860
0.1144618242979,Amp DC,1,5.5,F,F,F,F,F,F,Rear,F,Main,5.0001206398010,Volt DC,10,T,2W,F,F,15.912157120
0.1176748201251,Amp DC,1,5.5,F,F,F,F,F,F,Rear,F,Main,5.0999660491943,Volt DC,10,T,2W,F,F,15.995949420
0.1210232973099,Amp DC,1,5.5,F,F,F,F,F,F,Rear,F,Main,5.2002058029175,Volt DC,10,T,2W,F,F,16.079717040
0.1250361949205,Amp DC,1,5.5,F,F,F,F,F,F,Rear,F,Main,5.3001046180725,Volt DC,10,T,2W,F,F,16.163488940
0.1294883936644,Amp DC,1,5.5,F,F,F,F,F,F,Rear,F,Main,5.3999180793762,Volt DC,10,T,2W,F,F,16.247254680
0.1370936334133,Amp DC,1,5.5,F,F,F,F,F,F,Rear,F,Main,5.5001831054688,Volt DC,10,T,2W,F,F,16.331038000
0.1488716155291,Amp DC,1,5.5,F,F,F,F,F,F,Rear,F,Main,5.5999751091003,Volt DC,10,T,2W,F,F,16.414799320
0.1529930084944,Amp DC,1,5.5,F,F,F,F,F,F,Rear,F,Main,5.7001700401306,Volt DC,10,T,2W,F,F,16.498559040
0.1606933474541,Amp DC,1,5.5,F,F,F,F,F,F,Rear,F,Main,5.8000421524048,Volt DC,10,T,2W,F,F,16.582339240
0.1685803085566,Amp DC,1,5.5,F,F,F,F,F,F,Rear,F,Main,5.8999195098877,Volt DC,10,T,2W,F,F,16.666095380
0.179424777627,Amp DC,1,5.5,F,F,F,F,F,F,Rear,F,Main,6.0001206398010,Volt DC,10,T,2W,F,F,16.749873500
0.192091345787,Amp DC,1,5.5,F,F,F,F,F,F,Rear,F,Main,6.0999569892883,Volt DC,10,T,2W,F,F,16.833622600
0.1999332457781,Amp DC,1,5.5,F,F,F,F,F,F,Rear,F,Main,6.1569252014160,Volt DC,10,T,2W,T,F,16.917393000
0.1999134868383,Amp DC,1,5.5,F,F,F,F,F,F,Rear,F,Main,6.1650724411011,Volt DC,10,T,2W,T,F,17.001177000
0.1999164223671,Amp DC,1,5.5,F,F,F,F,F,F,Rear,F,Main,6.1752996444702,Volt DC,10,T,2W,T,F,17.084927820
0.1999135166407,Amp DC,1,5.5,F,F,F,F,F,F,Rear,F,Main,6.1752548217773,Volt DC,10,T,2W,T,F,17.168693400
0.1999176293612,Amp DC,1,5.5,F,F,F,F,F,F,Rear,F,Main,6.1666483879089,Volt DC,10,T,2W,T,F,17.252458700
0.1999239623547,Amp DC,1,5.5,F,F,F,F,F,F,Rear,F,Main,6.1577959060669,Volt DC,10,T,2W,T,F,17.336207380
0.1999093741179,Amp DC,1,5.5,F,F,F,F,F,F,Rear,F,Main,6.1349949836731,Volt DC,10,T,2W,T,F,17.419962380
0.19991761446,Amp DC,1,5.5,F,F,F,F,F,F,Rear,F,Main,6.1280007362366,Volt DC,10,T,2W,T,F,17.503719800
0.1999129801989,Amp DC,1,5.5,F,F,F,F,F,F,Rear,F,Main,6.1213021278381,Volt DC,10,T,2W,T,F,17.587481920
0.1999095231295,Amp DC,1,5.5,F,F,F,F,F,F,Rear,F,Main,6.1069808006287,Volt DC,10,T,2W,T,F,17.671253720
0.1999129951,Amp DC,1,5.5,F,F,F,F,F,F,Rear,F,Main,6.1001553535461,Volt DC,10,T,2W,T,F,17.755019560
0.1999117583036,Amp DC,1,5.5,F,F,F,F,F,F,Rear,F,Main,6.0901446342468,Volt DC,10,T,2W,T,F,17.838773300
0.1999153345823,Amp DC,1,5.5,F,F,F,F,F,F,Rear,F,Main,6.0829377174377,Volt DC,10,T,2W,T,F,17.922534080
0.1999088674784,Amp DC,1,5.5,F,F,F,F,F,F,Rear,F,Main,6.0751991271973,Volt DC,10,T,2W,T,F,18.006313340
0.1999117583036,Amp DC,1,5.5,F,F,F,F,F,F,Rear,F,Main,6.0676856040955,Volt DC,10,T,2W,T,F,18.090078460
0.1999111324549,Amp DC,1,5.5,F,F,F,F,F,F,Rear,F,Main,6.0617847442627,Volt DC,10,T,2W,T,F,18.173831440
0.1999059170485,Amp DC,1,5.5,F,F,F,F,F,F,Rear,F,Main,6.0557246208191,Volt DC,10,T,2W,T,F,18.257602040
0.1999077498913,Amp DC,1,5.5,F,F,F,F,F,F,Rear,F,Main,6.0502328872681,Volt DC,10,T,2W,T,F,18.341358120
0.1999077498913,Amp DC,1,5.5,F,F,F,F,F,F,Rear,F,Main,6.0449323654175,Volt DC,10,T,2W,T,F,18.425112820
0.1999123841524,Amp DC,1,5.5,F,F,F,F,F,F,Rear,F,Main,6.0404253005981,Volt DC,10,T,2W,T,F,18.508876540
0.1999094933271,Amp DC,1,5.5,F,F,F,F,F,F,Rear,F,Main,6.0355229377747,Volt DC,10,T,2W,T,F,18.592647300
0.1999076902866,Amp DC,1,5.5,F,F,F,F,F,F,Rear,F,Main,6.0302376747131,Volt DC,10,T,2W,T,F,18.676422220
0.1999071389437,Amp DC,1,5.5,F,F,F,F,F,F,Rear,F,Main,6.0263457298279,Volt DC,10,T,2W,T,F,18.760187180
0.1999012827873,Amp DC,1,5.5,F,F,F,F,F,F,Rear,F,Main,6.0227046012878,Volt DC,10,T,2W,T,F,18.843940900
0.199905321002,Amp DC,1,5.5,F,F,F,F,F,F,Rear,F,Main,6.0197978019714,Volt DC,10,T,2W,T,F,18.927701540
0.1999059319496,Amp DC,1,5.5,F,F,F,F,F,F,Rear,F,Main,6.0162949562073,Volt DC,10,T,2W,T,F,19.011457620
0.1999094933271,Amp DC,1,5.5,F,F,F,F,F,F,Rear,F,Main,6.0127449035645,Volt DC,10,T,2W,T,F,19.095201380
0.1999047398567,Amp DC,1,5.5,F,F,F,F,F,F,Rear,F,Main,6.0108776092529,Volt DC,10,T,2W,T,F,19.178966080
0.1999024897814,Amp DC,1,5.5,F,F,F,F,F,F,Rear,F,Main,6.0071725845337,Volt DC,10,T,2W,T,F,19.262737180
0.1999024599791,Amp DC,1,5.5,F,F,F,F,F,F,Rear,F,Main,6.0051417350769,Volt DC,10,T,2W,T,F,19.346509720
0.1999019235373,Amp DC,1,5.5,F,F,F,F,F,F,Rear,F,Main,6.0024652481079,Volt DC,10,T,2W,T,F,19.430284660
0.1999019235373,Amp DC,1,5.5,F,F,F,F,F,F,Rear,F,Main,6.0005183219910,Volt DC,10,T,2W,T,F,19.514055060
0.1999082863331,Amp DC,1,5.5,F,F,F,F,F,F,Rear,F,Main,5.9976401329041,Volt DC,10,T,2W,T,F,19.597829640
0.1998978406191,Amp DC,1,5.5,F,F,F,F,F,F,Rear,F,Main,5.9959888458252,Volt DC,10,T,2W,T,F,19.681594640
0.1998942047358,Amp DC,1,5.5,F,F,F,F,F,F,Rear,F,Main,5.9941635131836,Volt DC,10,T,2W,T,F,19.765369840
0.1999047845602,Amp DC,1,5.5,F,F,F,F,F,F,Rear,F,Main,5.9918565750122,Volt DC,10,T,2W,T,F,19.849135860
0.1998954564333,Amp DC,1,5.5,F,F,F,F,F,F,Rear,F,Main,5.9901628494263,Volt DC,10,T,2W,T,F,19.932910140
0.1998960673809,Amp DC,1,5.5,F,F,F,F,F,F,Rear,F,Main,5.9879255294800,Volt DC,10,T,2W,T,F,20.016662320
0.1999070644379,Amp DC,1,5.5,F,F,F,F,F,F,Rear,F,Main,5.9857625961304,Volt DC,10,T,2W,T,F,20.100416160
