Style,Standard
Append Mode,1
Fill Mode,1
Capacity,100000
Count,101
Base Time Seconds,1615379299
Base Time Fractional,.893723540
Base Time,03/10/2021 12:28:19.893723540
Reading,Unit,Range Digits,Disp Digits,Math,Start Group,Limit1 High,Limit1 Low,Limit2 High,Limit2 Low,Terminal,Questionable,Origin,Value,Unit,Digits,Output,Sense,Source Limit,Overtemp,Relative Time
-4.124915409243e-10,Amp DC,.0000001,5.5,F,F,F,F,F,F,Front,F,Main,-4.9997501373291,Volt DC,10,T,2W,F,F,0.000000000
-3.029509976216e-10,Amp DC,.0000001,5.5,F,F,F,F,F,F,Front,F,Main,-4.8999562263489,Volt DC,10,T,2W,F,F,1.187244120
-1.189163906234e-10,Amp DC,.00000001,5.5,F,F,F,F,F,F,Front,F,Main,-4.7918872833252,Volt DC,10,T,2W,F,F,1.867783380
-2.401540633024e-10,Amp DC,.00000001,5.5,F,F,F,F,F,F,Front,F,Main,-4.7005710601807,Volt DC,10,T,2W,F,F,2.412622120
-7.267811907852e-10,Amp DC,.00000001,5.5,F,F,F,F,F,F,Front,F,Main,-4.5985350608826,Volt DC,10,T,2W,F,F,2.957470860
-5.751036313839e-10,Amp DC,.0000001,5.5,F,F,F,F,F,F,Front,F,Main,-4.4997291564941,Volt DC,10,T,2W,F,F,4.109022320
-2.28580751549e-10,Amp DC,.0000001,5.5,F,F,F,F,F,F,Front,F,Main,-4.3999366760254,Volt DC,10,T,2W,F,F,5.296214980
-1.564182533498e-10,Amp DC,.00000001,5.5,F,F,F,F,F,F,Front,F,Main,-4.2983031272888,Volt DC,10,T,2W,F,F,5.976708700
2.586426073314e-10,Amp DC,.0000001,5.5,F,F,F,F,F,F,Front,F,Main,-4.1998620033264,Volt DC,10,T,2W,F,F,7.128271780
-1.018769513195e-10,Amp DC,.00000001,5.5,F,F,F,F,F,F,Front,F,Main,-4.0960550308228,Volt DC,10,T,2W,F,F,7.808789960
-1.934689075611e-10,Amp DC,.0000001,5.5,F,F,F,F,F,F,Front,F,Main,-3.9998311996460,Volt DC,10,T,2W,F,F,8.960346060
1.25969498721e-10,Amp DC,.00000001,5.5,F,F,F,F,F,F,Front,F,Main,-3.8902971744537,Volt DC,10,T,2W,F,F,9.640877860
-1.719207554096e-10,Amp DC,.00000001,5.5,F,F,F,F,F,F,Front,F,Main,-3.8005812168121,Volt DC,10,T,2W,F,F,10.185740400
-6.14095496676e-10,Amp DC,.00000001,5.5,F,F,F,F,F,F,Front,F,Main,-3.7005624771118,Volt DC,10,T,2W,F,F,10.730579280
-3.009126559039e-10,Amp DC,.00000001,5.5,F,F,F,F,F,F,Front,F,Main,-3.5946359634399,Volt DC,10,T,2W,F,F,11.275427080
6.042247258087e-11,Amp DC,.00000001,5.5,F,F,F,F,F,F,Front,F,Main,-3.4923050403595,Volt DC,10,T,2W,F,F,11.820280160
-1.620242273681e-10,Amp DC,.00000001,5.5,F,F,F,F,F,F,Front,F,Main,-3.4002547264099,Volt DC,10,T,2W,F,F,12.365115380
-5.246251766344e-10,Amp DC,.00000001,5.5,F,F,F,F,F,F,Front,F,Main,-3.3035414218903,Volt DC,10,T,2W,F,F,12.909935640
-4.539369991008e-10,Amp DC,.0000001,5.5,F,F,F,F,F,F,Front,F,Main,-3.1997742652893,Volt DC,10,T,2W,F,F,14.061452760
-3.484387500752e-10,Amp DC,.00000001,5.5,F,F,F,F,F,F,Front,F,Main,-3.1000058650970,Volt DC,10,T,2W,F,F,14.742007720
-4.600668734867e-10,Amp DC,.0000001,5.5,F,F,F,F,F,F,Front,F,Main,-2.9997539520264,Volt DC,10,T,2W,F,F,15.893576680
-5.176580830657e-10,Amp DC,.0000001,5.5,F,F,F,F,F,F,Front,F,Main,-2.8998599052429,Volt DC,10,T,2W,F,F,17.080837960
-2.524315201313e-10,Amp DC,.00000001,5.5,F,F,F,F,F,F,Front,F,Main,-2.7956030368805,Volt DC,10,T,2W,F,F,17.761360500
-3.988293029167e-10,Amp DC,.0000001,5.5,F,F,F,F,F,F,Front,F,Main,-2.6998362541199,Volt DC,10,T,2W,F,F,18.912888960
4.167562128732e-11,Amp DC,.00000001,5.5,F,F,F,F,F,F,Front,F,Main,-2.5927062034607,Volt DC,10,T,2W,F,F,19.593420880
-3.595404807211e-10,Amp DC,.00000001,5.5,F,F,F,F,F,F,Front,F,Main,-2.5023186206818,Volt DC,10,T,2W,F,F,20.138291620
-4.176735624029e-10,Amp DC,.00000001,5.5,F,F,F,F,F,F,Front,F,Main,-2.3998792171478,Volt DC,10,T,2W,F,F,20.683119100
-2.192516029842e-10,Amp DC,.0000001,5.5,F,F,F,F,F,F,Front,F,Main,-2.2995665073395,Volt DC,10,T,2W,F,F,21.834637700
-1.159927293104e-10,Amp DC,.0000001,5.5,F,F,F,F,F,F,Front,F,Main,-2.1996808052063,Volt DC,10,T,2W,F,F,23.021852140
-4.30119745376e-10,Amp DC,.00000001,5.5,F,F,F,F,F,F,Front,F,Main,-2.1010284423828,Volt DC,10,T,2W,F,F,23.702386760
-3.747797627796e-10,Amp DC,.0000001,5.5,F,F,F,F,F,F,Front,F,Main,-1.9996408224106,Volt DC,10,T,2W,F,F,24.853931880
-3.326975084317e-10,Amp DC,.00000001,5.5,F,F,F,F,F,F,Front,F,Main,-1.9006953239441,Volt DC,10,T,2W,F,F,25.534464120
-3.574679163787e-10,Amp DC,.00000001,5.5,F,F,F,F,F,F,Front,F,Main,-1.7964365482330,Volt DC,10,T,2W,F,F,26.079308000
6.186003792541e-11,Amp DC,.00000001,5.5,F,F,F,F,F,F,Front,F,Main,-1.6938090324402,Volt DC,10,T,2W,F,F,26.624143920
2.328955917008e-10,Amp DC,.0000001,5.5,F,F,F,F,F,F,Front,F,Main,-1.5998735427856,Volt DC,10,T,2W,F,F,27.775656760
-3.091918734932e-11,Amp DC,.00000001,5.5,F,F,F,F,F,F,Front,F,Main,-1.4966329336166,Volt DC,10,T,2W,F,F,28.456187740
1.702960272798e-10,Amp DC,.00000001,5.5,F,F,F,F,F,F,Front,F,Main,-1.3895993232727,Volt DC,10,T,2W,F,F,29.001053960
-5.910669176323e-11,Amp DC,.00000001,5.5,F,F,F,F,F,F,Front,F,Main,-1.2929121255875,Volt DC,10,T,2W,F,F,29.545922860
-3.096278788917e-10,Amp DC,.0000001,5.5,F,F,F,F,F,F,Front,F,Main,-1.1997824907303,Volt DC,10,T,2W,F,F,30.697473320
-4.04098587925e-10,Amp DC,.0000001,5.5,F,F,F,F,F,F,Front,F,Main,-1.0999132394791,Volt DC,10,T,2W,F,F,31.884727320
8.876095691779e-11,Amp DC,.00000001,5.5,F,F,F,F,F,F,Front,F,Main,-0.9935362339020,Volt DC,10,T,2W,F,F,32.565225520
-9.777660625598e-11,Amp DC,.0000001,5.5,F,F,F,F,F,F,Front,F,Main,-0.8998439311981,Volt DC,10,T,2W,F,F,33.716776340
1.640800273428e-10,Amp DC,.00000001,5.5,F,F,F,F,F,F,Front,F,Main,-0.7924496531487,Volt DC,10,T,2W,F,F,34.397328740
8.510805254991e-11,Amp DC,.0000001,5.5,F,F,F,F,F,F,Front,F,Main,-0.6998071670532,Volt DC,10,T,2W,F,F,35.548855400
1.75045311579e-10,Amp DC,.00000001,5.5,F,F,F,F,F,F,Front,F,Main,-0.5957942605019,Volt DC,10,T,2W,F,F,36.229388100
-2.511390262416e-10,Amp DC,.00000001,5.5,F,F,F,F,F,F,Front,F,Main,-0.4990917146206,Volt DC,10,T,2W,F,F,36.774231460
-4.62271554369e-10,Amp DC,.00000001,5.5,F,F,F,F,F,F,Front,F,Main,-0.3998440802097,Volt DC,10,T,2W,F,F,37.319078160
-6.961190512911e-10,Amp DC,.00000001,5.5,F,F,F,F,F,F,Front,F,Main,-0.2994900941849,Volt DC,10,T,2W,F,F,37.863902720
1.136015170822e-10,Amp DC,.00000001,5.5,F,F,F,F,F,F,Front,F,Main,-0.1996282339096,Volt DC,10,T,2W,F,F,38.408748240
2.971004553487e-10,Amp DC,.00000001,5.5,F,F,F,F,F,F,Front,F,Main,-0.1000065281987,Volt DC,10,T,2W,F,F,38.953576340
3.23186533091e-10,Amp DC,.00000001,5.5,F,F,F,F,F,F,Front,F,Main,-0.0007474175072,Volt DC,10,T,2W,F,F,39.498400240
-3.650028057578e-10,Amp DC,.0000001,5.5,F,F,F,F,F,F,Front,F,Main,0.0996879637241,Volt DC,10,T,2W,F,F,40.650253300
-1.823422315916e-11,Amp DC,.00000001,5.5,F,F,F,F,F,F,Front,F,Main,0.2052465826273,Volt DC,10,T,2W,F,F,41.330763180
-1.842154345733e-10,Amp DC,.0000001,5.5,F,F,F,F,F,F,Front,F,Main,0.2996753752232,Volt DC,10,T,2W,F,F,42.482281580
2.244470442836e-10,Amp DC,.00000001,5.5,F,F,F,F,F,F,Front,F,Main,0.4062467813492,Volt DC,10,T,2W,F,F,43.162808500
-1.183806386251e-10,Amp DC,.00000001,5.5,F,F,F,F,F,F,Front,F,Main,0.4971105158329,Volt DC,10,T,2W,F,F,43.707663240
-4.087604699166e-10,Amp DC,.00000001,5.5,F,F,F,F,F,F,Front,F,Main,0.5971625447273,Volt DC,10,T,2W,F,F,44.252496580
-2.864215531417e-10,Amp DC,.0000001,5.5,F,F,F,F,F,F,Front,F,Main,0.6999872326851,Volt DC,10,T,2W,F,F,45.404041700
-4.594360447641e-10,Amp DC,.00000001,5.5,F,F,F,F,F,F,Front,F,Main,0.7995247840881,Volt DC,10,T,2W,F,F,46.084578160
-3.836234385712e-10,Amp DC,.00000001,5.5,F,F,F,F,F,F,Front,F,Main,0.9016000032425,Volt DC,10,T,2W,F,F,46.629423920
1.698536866712e-10,Amp DC,.00000001,5.5,F,F,F,F,F,F,Front,F,Main,1.0040577650070,Volt DC,10,T,2W,F,F,47.174253460
3.288611605257e-10,Amp DC,.00000001,5.5,F,F,F,F,F,F,Front,F,Main,1.1001554727554,Volt DC,10,T,2W,F,F,47.719092500
3.28465393773e-10,Amp DC,.00000001,5.5,F,F,F,F,F,F,Front,F,Main,1.1930644512177,Volt DC,10,T,2W,F,F,48.263932900
4.154247168486e-09,Amp DC,.0000001,5.5,F,F,F,F,F,F,Front,F,Main,1.2997543811798,Volt DC,10,T,2W,F,F,49.415477500
3.035099993554e-08,Amp DC,.0000001,5.5,F,F,F,F,F,F,Front,F,Main,1.3998776674271,Volt DC,10,T,2W,F,F,49.910353120
2.285963489612e-07,Amp DC,.000001,5.5,F,F,F,F,F,F,Front,F,Main,1.4997583627701,Volt DC,10,T,2W,F,F,50.911408160
2.377907549089e-06,Amp DC,.00001,5.5,F,F,F,F,F,F,Front,F,Main,1.5999785661697,Volt DC,10,T,2W,F,F,51.329622820
3.356725574122e-05,Amp DC,.0001,5.5,F,F,F,F,F,F,Front,F,Main,1.6997994184494,Volt DC,10,T,2W,F,F,51.727113480
0.0004015002050437,Amp DC,.001,5.5,F,F,F,F,F,F,Front,F,Main,1.7996622323990,Volt DC,10,T,2W,F,F,52.118610940
0.002511854749173,Amp DC,.01,5.5,F,F,F,F,F,F,Front,F,Main,1.8998816013336,Volt DC,10,T,2W,F,F,52.510095500
0.00787356030196,Amp DC,.01,5.5,F,F,F,F,F,F,Front,F,Main,1.9996188879013,Volt DC,10,T,2W,F,F,52.593907860
0.01746349409223,Amp DC,.1,5.5,F,F,F,F,F,F,Front,F,Main,2.0999381542206,Volt DC,10,T,2W,F,F,52.831054480
0.03134961053729,Amp DC,.1,5.5,F,F,F,F,F,F,Front,F,Main,2.1997673511505,Volt DC,10,T,2W,F,F,52.914861700
0.05091029778123,Amp DC,.1,5.5,F,F,F,F,F,F,Front,F,Main,2.2999179363251,Volt DC,10,T,2W,F,F,52.998641560
0.08061154931784,Amp DC,.1,5.5,F,F,F,F,F,F,Front,F,Main,2.3996701240540,Volt DC,10,T,2W,F,F,53.082402920
0.0999983176589,Amp DC,.1,5.5,F,F,F,F,F,F,Front,F,Main,2.4223196506500,Volt DC,10,T,2W,T,F,53.166157040
0.09999813139439,Amp DC,.1,5.5,F,F,F,F,F,F,Front,F,Main,2.4143323898315,Volt DC,10,T,2W,T,F,53.249948540
0.09999810904264,Amp DC,.1,5.5,F,F,F,F,F,F,Front,F,Main,2.4088430404663,Volt DC,10,T,2W,T,F,53.333734720
0.09999797493219,Amp DC,.1,5.5,F,F,F,F,F,F,Front,F,Main,2.4043014049530,Volt DC,10,T,2W,T,F,53.417490620
0.09999813139439,Amp DC,.1,5.5,F,F,F,F,F,F,Front,F,Main,2.4003865718842,Volt DC,10,T,2W,T,F,53.501257900
0.09999802708626,Amp DC,.1,5.5,F,F,F,F,F,F,Front,F,Main,2.3968956470490,Volt DC,10,T,2W,T,F,53.585036160
0.09999788552523,Amp DC,.1,5.5,F,F,F,F,F,F,Front,F,Main,2.3937540054321,Volt DC,10,T,2W,T,F,53.668832420
0.09999802708626,Amp DC,.1,5.5,F,F,F,F,F,F,Front,F,Main,2.3908886909485,Volt DC,10,T,2W,T,F,53.752600880
0.09999798983335,Amp DC,.1,5.5,F,F,F,F,F,F,Front,F,Main,2.3882489204407,Volt DC,10,T,2W,T,F,53.836366120
0.09999793022871,Amp DC,.1,5.5,F,F,F,F,F,F,Front,F,Main,2.3858036994934,Volt DC,10,T,2W,T,F,53.920152020
0.09999793022871,Amp DC,.1,5.5,F,F,F,F,F,F,Front,F,Main,2.3835091590881,Volt DC,10,T,2W,T,F,54.003932440
0.09999791532755,Amp DC,.1,5.5,F,F,F,F,F,F,Front,F,Main,2.3813536167145,Volt DC,10,T,2W,T,F,54.087708960
0.09999782592058,Amp DC,.1,5.5,F,F,F,F,F,F,Front,F,Main,2.3793313503265,Volt DC,10,T,2W,T,F,54.171485100
0.09999787807465,Amp DC,.1,5.5,F,F,F,F,F,F,Front,F,Main,2.3774187564850,Volt DC,10,T,2W,T,F,54.255254400
0.09999797493219,Amp DC,.1,5.5,F,F,F,F,F,F,Front,F,Main,2.3756306171417,Volt DC,10,T,2W,T,F,54.339013920
0.0999978557229,Amp DC,.1,5.5,F,F,F,F,F,F,Front,F,Main,2.3739020824432,Volt DC,10,T,2W,T,F,54.422771720
0.0999980121851,Amp DC,.1,5.5,F,F,F,F,F,F,Front,F,Main,2.3722693920135,Volt DC,10,T,2W,T,F,54.506553420
0.09999775141478,Amp DC,.1,5.5,F,F,F,F,F,F,Front,F,Main,2.3707065582275,Volt DC,10,T,2W,T,F,54.590335860
0.09999775886536,Amp DC,.1,5.5,F,F,F,F,F,F,Front,F,Main,2.3692178726196,Volt DC,10,T,2W,T,F,54.674123060
0.09999779611826,Amp DC,.1,5.5,F,F,F,F,F,F,Front,F,Main,2.3677916526794,Volt DC,10,T,2W,T,F,54.757910400
0.09999766945839,Amp DC,.1,5.5,F,F,F,F,F,F,Front,F,Main,2.3664062023163,Volt DC,10,T,2W,T,F,54.841692140
0.0999978557229,Amp DC,.1,5.5,F,F,F,F,F,F,Front,F,Main,2.3650856018066,Volt DC,10,T,2W,T,F,54.925467020
0.09999773651361,Amp DC,.1,5.5,F,F,F,F,F,F,Front,F,Main,2.3638200759888,Volt DC,10,T,2W,T,F,55.009229980
0.09999764710665,Amp DC,.1,5.5,F,F,F,F,F,F,Front,F,Main,2.3625929355621,Volt DC,10,T,2W,T,F,55.093004140
0.09999763965607,Amp DC,.1,5.5,F,F,F,F,F,F,Front,F,Main,2.3614177703857,Volt DC,10,T,2W,T,F,55.176781740
0.09999768435955,Amp DC,.1,5.5,F,F,F,F,F,F,Front,F,Main,2.3602550029755,Volt DC,10,T,2W,T,F,55.260547920
